Workbook

Sheet Domestic_2608 (27년 1월 증량 확정 > 세
J2: ※ Aptamil Domestic Stock Overview
E4: 뉴트리시아 코리아 소통 | J4: 1700 | Q4: 2026 | AA4: 12672
A5: SKU | C5: 파렛트 수량 조정 | D5: 파렛트 총합 | E5: 컨테이너 수 | F5: 월평균 출고량 | G5: MOQ (TU) | H5: TU | J5: Supply (arrival) | M5: Sep. | N5: Oct. | O5: Nov. | P5: Dec. | Q5: Jan. | R5: Feb. | S5: Mar. | T5: Apr. | U5: May. | V5: Jun. | W5: July. | X5: Aug. | Y5: Sept. | Z5: Oct. | AA5: Nov. | AB5: Dec. | AC5: Jan. | AD5: Feb. | AE5: Mar. | AF5: Apr. | AG5: May. | AH5: Jun.
A6: PN | B6: 1 | C6: 33 | D6: =SUM(C6:C8) -> 44 | E6: =D6/22 -> 2 | F6: =AVERAGE(T19:V19)/4 -> 1901 | G6: 1500 | H6: =AD6/4 -> 4752 | J6: Supply (arrival) | K6: 676366 | L6: PN 1 | M6: 12308 | O6: 6072 | P6: 7488 | Q6: 11520 | S6: 11948 | U6: 44008 | V6: 11572 | W6: 13320 | AA6: =12672-4600 -> 8072 | AC6: =6366+4600 -> 10966 | AD6: =C6*144*4 -> 19008
B7: 2 | C7: 11 | F7: =AVERAGE(T20:V20)/4 -> 718.58333 | G7: 1500 | H7: =AD7/4 -> 1584 | K7: 676367 | L7: PN 2 | M7: 5948 | N7: 6336 | O7: 432 | P7: 6252 | Q7: 1152 | S7: 7080 | T7: 6336 | U7: 8064 | W7: 17088 | X7: 6772 | AC7: 6336 | AD7: =C7*144*4 -> 6336
B8: 3 | C8: 0 | F8: =AVERAGE(T21:V21)/4 -> 340 | G8: 1500 | H8: =AD8/4 -> 0 | K8: 676369 | L8: PN 3 | N8: 6212 | U8: 6912 | W8: 332 | X8: 5760 | AD8: =C8*144*4 -> 0
A9: PF | B9: 1 | C9: 150 | D9: =SUM(C9:C11) -> 240 | E9: =D9/24 -> 10 | F9: =AVERAGE(T22:V22)/4 -> 6009.5 | G9: 2120 | H9: =AD9/4 -> 14400 | K9: 677211 | L9: PF 1 | M9: 9216 | N9: 16512 | O9: 24300 | Q9: 60572 | R9: 21560 | S9: 23808 | U9: 39428 | V9: 20880 | W9: 14968 | X9: 18432 | Y9: 79960 | Z9: 20352 | AA9: 48000 | AB9: 28416 | AC9: 76416 | AD9: =C9*96*4 -> 57600
B10: 2 | C10: 90 | F10: =AVERAGE(T23:V23)/4 -> 3391.3333 | G10: 2280 | H10: =AD10/4 -> 8640 | K10: 677200 | L10: PF 2 | O10: 12432 | Q10: 30336 | R10: 21584 | T10: 6528 | W10: 46080 | X10: 9216 | Y10: 26216 | Z10: 11520 | AA10: 24896 | AB10: 11136 | AC10: 26880 | AD10: =C10*96*4 -> 34560
B11: 3 | C11: 0 | F11: =AVERAGE(T24:V24)/4 -> 648.91667 | G11: 1880 | H11: =AD11/4 -> 0 | K11: 677281 | L11: PF 3 | O11: 8832 | Q11: 232 | R11: 10688 | W11: 4592 | Y11: 2424 | AA11: 7520 | AB11: 4224 | AC11: 7296 | AD11: =C11*96*4 -> 0
K12: 560277 | L12: VANILLA | P12: 6912 | R12: 5208 | U12: 11628 | V12: 11796
K13: Total | M13: =SUM(M6:M12) -> 27472 | N13: =SUM(N6:N12) -> 29060 | O13: =SUM(O6:O12) -> 52068 | P13: =SUM(P6:P12) -> 20652 | Q13: =SUM(Q6:Q12) -> 103812 | R13: =SUM(R6:R12) -> 59040 | S13: =SUM(S6:S12) -> 42836 | T13: =SUM(T6:T12) -> 12864 | ... AG13: =SUM(AG6:AG12) -> 0
K14: 발주 금액 | M14: =금액!E11 -> 4.457202e+08 | N14: =금액!F11 -> 3.0657648e+08 | O14: =금액!G11 -> 1.5969699e+08 | P14: =금액!H11 -> 3.3539444e+08 | Q14: =금액!I11 -> 3.1119442e+08 | R14: =금액!J11 -> 1208753.5 | S14: =금액!K11 -> 4.6487151e+08 | T14: =금액!L11 -> 1.5476444e+08 | ... V14: =금액!N11 -> 1.1184828e+09 | W14: =VLOOKUP($K6,단가!$B$2:$E$55,4,0)*SUM(W6:W8)+21.33*SUM(W9:W11)+VLOOKUP($K12,단가!$B$2:$E$55,4,0)*W12 -> 7.5158613e+08 | X14: =VLOOKUP($K6,단가!$B$2:$E$55,4,0)*SUM(X6:X8)+21.33*SUM(X9:X11)+VLOOKUP($K12,단가!$B$2:$E$55,4,0)*X12 -> 3.0642354e+08 | Y14: =VLOOKUP($K6,단가!$B$2:$E$55,4,0)*SUM(Y6:Y8)+21.69*SUM(Y9:Y11)+VLOOKUP($K12,단가!$B$2:$E$55,4,0)*Y12 -> 2355534 | Z14: =VLOOKUP($K6,단가!$B$2:$E$55,4,0)*SUM(Z6:Z8)+VLOOKUP($K9,단가!$B$2:$E$55,4,0)*SUM(Z9:Z11)+VLOOKUP($K12,단가!$B$2:$E$55,4,0)*Z12 -> 1.2760095e+09 | AA14: =VLOOKUP($K6,단가!$B$2:$E$55,4,0)*SUM(AA6:AA8)+VLOOKUP($K9,단가!$B$2:$E$55,4,0)*SUM(AA9:AA11)+VLOOKUP($K12,단가!$B$2:$E$55,4,0)*AA12 -> 3.4164809e+09 | AB14: =VLOOKUP($K6,단가!$B$2:$E$55,4,0)*SUM(AB6:AB8)+VLOOKUP($K9,단가!$B$2:$E$55,4,0)*SUM(AB9:AB11)+VLOOKUP($K12,단가!$B$2:$E$55,4,0)*AB12 -> 1.7525914e+09 | AC14: =VLOOKUP($K6,단가!$B$2:$E$55,4,0)*SUM(AC6:AC8)+VLOOKUP($K9,단가!$B$2:$E$55,4,0)*SUM(AC9:AC11)+VLOOKUP($K12,단가!$B$2:$E$55,4,0)*AC12 -> 4.8498414e+09 | AD14: =VLOOKUP($K6,단가!$B$2:$E$55,4,0)*SUM(AD6:AD8)+VLOOKUP($K9,단가!$B$2:$E$55,4,0)*SUM(AD9:AD11)+VLOOKUP($K12,단가!$B$2:$E$55,4,0)*AD12 -> 4.308167e+09 | AE14: =금액!W11 -> 0 | AF14: =금액!X11 -> 0 | AG14: =금액!Y11 -> 0
K15: 발주 금액(KRW) | M15: =M14*$J$4 -> 757724340272 | N15: =N14*$J$4 -> 5.2118001e+11 | O15: =O14*$J$4 -> 2.7148489e+11 | P15: =P14*$J$4 -> 5.7017054e+11 | Q15: =Q14*$J$4 -> 529030511892 | R15: =R14*$J$4 -> 2054880984 | S15: =S14*$J$4 -> 7.9028157e+11 | T15: =T14*$J$4 -> 2.6309955e+11 | ... Y15: =Y14*$J$4 -> 4004407800 | AE15: =AE14*$J$4 -> 0 | AF15: =AF14*$J$4 -> 0 | AG15: =AG14*$J$4 -> 0
M17: Actual | N17: Actual | O17: Actual | P17: Actual | Q17: Actual | R17: Actual | S17: Actual | T17: Actual | U17: Actual | V17: Actual | W17: Actual | X17: Actual | Y17: fcst | Z17: fcst | AA17: fcst | AB17: fcst | AC17: fcst | AD17: fcst | AE17: fcst | AF17: fcst | AG17: fcst | AH17: fcst
J18: Sales | M18: Sept. | N18: Oct. | O18: Nov. | P18: Dec. | Q18: Jan. | R18: Feb. | S18: Mar. | T18: Apr. | U18: May. | V18: Jun. | W18: July. | X18: Aug. | Y18: Sept. | Z18: Oct. | AA18: Nov. | AB18: Dec. | AC18: Jan. | AD18: Feb. | AE18: Mar. | AF18: Apr. | AG18: May. | AH18: Jun.
J19: Sales CU | K19: 676366 | L19: PN 1 | M19: 10091 | N19: 10170 | O19: 10429 | P19: 10538 | Q19: 10862 | R19: 7305 | S19: 8012 | T19: 6754 | U19: 7920 | V19: 8138 | W19: 8285 | X19: 10460 | Y19: 10170 | Z19: 10373 | AA19: 10788 | AB19: 11112 | AC19: 11445 | AD19: 11216 | AE19: 11441 | AF19: 11670 | AG19: 11786 | AH19: 11551
K20: 676367 | L20: PN 2 | M20: 6149 | N20: 6793 | O20: 6655 | P20: 6740 | Q20: 6647 | R20: 1972 | S20: 588 | T20: 2070 | U20: 2887 | V20: 3666 | W20: 3946 | X20: 4800 | Y20: 4590 | Z20: 4728 | AA20: 4822 | AB20: 4870 | AC20: 5017 | AD20: 4816 | AE20: 4912 | AF20: 5010 | AG20: 5111 | AH20: 5008
K21: 676369 | L21: PN 3 | M21: 1975 | N21: 2094 | O21: 2101 | P21: 1953 | Q21: 1892 | R21: 1785 | S21: 1922 | T21: 1407 | U21: 1512 | V21: 1161 | W21: 1086 | X21: 1109 | Y21: 1140 | Z21: 1163 | AA21: 1186 | AB21: 1222 | AC21: 1234 | AD21: 1209 | AE21: 1221 | AF21: 1233 | AG21: 1246 | AH21: 1208
K22: 677211 | L22: PF 1 | M22: 26395 | N22: 18036 | O22: 19567 | P22: 21775 | Q22: 24094 | R22: 20361 | S22: 21905 | T22: 22294 | U22: 24686 | V22: 25134 | W22: 30239 | X22: 35346 | Y22: 33300 | Z22: 34965 | AA22: 36014 | AB22: 37094 | AC22: 37836 | AD22: 37080 | AE22: 37821 | AF22: 38578 | AG22: 39349 | AH22: 40136
K23: 677200 | L23: PF 2 | M23: 9582 | N23: 11036 | O23: 10102 | P23: 10640 | Q23: 11504 | R23: 10237 | S23: 13952 | T23: 13606 | U23: 14459 | V23: 12631 | W23: 15942 | X23: 16880 | Y23: 16260 | Z23: 16910 | AA23: 17587 | AB23: 18114 | AC23: 18658 | AD23: 18844 | AE23: 19221 | AF23: 19606 | AG23: 19998 | AH23: 20198
K24: 677281 | L24: PF 3 | M24: 2881 | N24: 3060 | O24: 3108 | P24: 3172 | Q24: 3248 | R24: 2466 | S24: 2899 | T24: 2728 | U24: 2877 | V24: 2182 | W24: 3461 | X24: 3246 | Y24: 3060 | Z24: 3121 | AA24: 3184 | AB24: 3215 | AC24: 3248 | AD24: 3183 | AE24: 3214 | AF24: 3247 | AG24: 3279 | AH24: 3312
K25: 560277 | L25: VANILLA | Q25: 284 | R25: 129 | S25: 22 | T25: 298 | U25: 133 | V25: 287 | W25: 329 | X25: 199 | Y25: 330 | Z25: 337 | AA25: 340 | AB25: 347 | AC25: 357 | AD25: 368 | AE25: 364 | AF25: 371 | AG25: 383 | AH25: 375
K26: Total | M26: =SUM(M19:M24) -> 57073 | N26: =SUM(N19:N24) -> 51189 | O26: =SUM(O19:O24) -> 51962 | P26: =SUM(P19:P24) -> 54818 | Q26: =SUM(Q19:Q25) -> 58531 | R26: =SUM(R19:R25) -> 44255 | S26: =SUM(S19:S25) -> 49300 | T26: =SUM(T19:T25) -> 49157 | U26: =SUM(U19:U25) -> 54474 | V26: =SUM(V19:V25) -> 53199 | W26: =SUM(W19:W25) -> 63288 | X26: =SUM(X19:X25) -> 72040 | ... AH26: =SUM(AH19:AH25) -> 81788
V27: =SUM(V19:V24) -> 52912 | W27: =SUM(W19:W24) -> 62959 | X27: =SUM(X19:X24) -> 71841 | Y27: =SUM(Y19:Y24) -> 68520 | Z27: =SUM(Z19:Z24) -> 71260 | AA27: =SUM(AA19:AA24) -> 73581 | AB27: =SUM(AB19:AB24) -> 75627 | AC27: =SUM(AC19:AC24) -> 77438 | ... AH27: =SUM(AH19:AH24) -> 81413
A29: 용인 | B29: CJ | C29: 디앤비 | D29: 아르고 | E29: 품고 | F29: 8/20 기말재고 | G29: 예상 기말재고 | J29: Stock(CU) | M29: Sep. | N29: Oct. | O29: Nov. | P29: Dec. | Q29: Jan. | R29: Feb. | S29: Mar. | T29: Apr. | U29: May. | V29: Jun. | W29: July. | X29: Aug. | Y29: Sept. | Z29: Oct. | AA29: Nov. | AB29: Dec. | AC29: Jan. | AD29: Feb. | AE29: Mar. | AF29: Apr. | AG29: May. | AH29: Jun.
A30: 39459 | B30: 10 | C30: 1408 | D30: 1 | E30: 1219 | F30: =A30+B30+C30+D30+E30 -> 42097 | G30: =F30-(X19/31*11) -> 38385.387 | H30: =X30-G30 -> -485.3871 | J30: Stock(CU) | K30: 676366 | L30: PN 1 | M30: 30844 | N30: 20669 | O30: 17050 | P30: 13685 | Q30: 10623 | R30: 3902 | S30: 9601 | T30: 3607 | U30: 39061 | V30: 42442 | W30: 47469 | X30: 37900 | Y30: =X30+Y6-Y19 -> 27730 | Z30: =Y30+Z6-Z19 -> 17357 | AA30: =Z30+AA6-AA19 -> 14641 | AB30: =AA30+AB6-AB19 -> 3529 | AC30: =AB30+AC6-AC19 -> 3050 | AD30: =AC30+AD6-AD19 -> 10842 | AE30: =AD30+AE6-AE19 -> -599 | AF30: =AE30+AF6-AF19 -> -12269 | ... AH30: =AG30+AH6-AH19 -> -35606
A31: 24163 | B31: 136 | C31: 2452 | D31: 165 | E31: 432 | F31: =A31+B31+C31+D31+E31 -> 27348 | G31: =F31-(X20/31*11) -> 25644.774 | H31: =X31-G31 -> -234.77419 | K31: 676367 | L31: PN 2 | M31: 36898 | N31: 36258 | O31: 30555 | P31: 29714 | Q31: 20343 | R31: 0 | S31: 6194 | T31: 9670 | U31: 14884 | V31: 10629 | W31: 23526 | X31: 25410 | Y31: =X31+Y7-Y20 -> 20820 | Z31: =Y31+Z7-Z20 -> 16092 | AA31: =Z31+AA7-AA20 -> 11270 | AB31: =AA31+AB7-AB20 -> 6400 | AC31: =AB31+AC7-AC20 -> 7719 | AD31: =AC31+AD7-AD20 -> 9239 | AE31: =AD31+AE7-AE20 -> 4327 | AF31: =AE31+AF7-AF20 -> -683 | ... AH31: =AG31+AH7-AH20 -> -10802
A32: 8799 | B32: 286 | C32: 1020 | D32: 198 | E32: 0 | F32: =A32+B32+C32+D32+E32 -> 10303 | G32: =F32-(X21/31*11) -> 9909.4839 | H32: =X32-G32 -> 144.51613 | K32: 676369 | L32: PN 3 | M32: 9504 | N32: 13528 | O32: 11315 | P32: 9370 | Q32: 5587 | R32: 3807 | S32: 2641 | T32: 1780 | U32: 7358 | V32: 5628 | W32: 5062 | X32: 10054 | Y32: =X32+Y8-Y21 -> 8914 | Z32: =Y32+Z8-Z21 -> 7751 | AA32: =Z32+AA8-AA21 -> 6565 | AB32: =AA32+AB8-AB21 -> 5343 | AC32: =AB32+AC8-AC21 -> 4109 | AD32: =AC32+AD8-AD21 -> 2900 | AE32: =AD32+AE8-AE21 -> 1679 | AF32: =AE32+AF8-AF21 -> 446 | ... AH32: =AG32+AH8-AH21 -> -2008
A33: 17071 | B33: 0 | C33: 1760 | D33: 0 | E33: 1387 | F33: =A33+B33+C33+D33+E33 -> 20218 | G33: =F33-(X22/31*11) -> 7675.871 | H33: =X33-G33 -> 12182.129 | K33: 677211 | L33: PF 1 | M33: 30317 | N33: 28612 | O33: 34273 | P33: 12108 | Q33: 47968 | R33: 45113 | S33: 49297 | T33: 28221 | U33: 42865 | V33: 38482 | W33: 23218 | X33: 19858 | Y33: =X33+Y9-Y22 -> 66518 | Z33: =Y33+Z9-Z22 -> 51905 | AA33: =Z33+AA9-AA22 -> 63891 | AB33: =AA33+AB9-AB22 -> 55213 | AC33: =AB33+AC9-AC22 -> 93793 | AD33: =AC33+AD9-AD22 -> 114313 | AE33: =AD33+AE9-AE22 -> 76492 | AF33: =AE33+AF9-AF22 -> 37914 | ... AH33: =AG33+AH9-AH22 -> -41571
A34: 31105 | B34: 0 | C34: 2352 | D34: 5 | E34: 899 | F34: =A34+B34+C34+D34+E34 -> 34361 | G34: =F34-(X23/31*11) -> 28371.323 | H34: =X34-G34 -> 1973.6774 | K34: 677200 | L34: PF 2 | M34: 44579 | N34: 33292 | O34: 36167 | P34: 26193 | Q34: 43047 | R34: 51471 | S34: 39515 | T34: 33519 | U34: 18531 | V34: 6669 | W34: 37433 | X34: 30345 | Y34: =X34+Y10-Y23 -> 40301 | Z34: =Y34+Z10-Z23 -> 34911 | AA34: =Z34+AA10-AA23 -> 42220 | AB34: =AA34+AB10-AB23 -> 35242 | AC34: =AB34+AC10-AC23 -> 43464 | AD34: =AC34+AD10-AD23 -> 59180 | AE34: =AD34+AE10-AE23 -> 39959 | AF34: =AE34+AF10-AF23 -> 20353 | ... AH34: =AG34+AH10-AH23 -> -19843
A35: 6193 | B35: 115 | C35: 1788 | D35: 7 | E35: 0 | F35: =A35+B35+C35+D35+E35 -> 8103 | G35: =F35-(X24/31*11) -> 6951.1935 | H35: =X35-G35 -> 2790.8065 | K35: 677281 | L35: PF 3 | M35: 16866 | N35: 13727 | O35: 19729 | P35: 16406 | Q35: 12636 | R35: 18546 | S35: 16659 | T35: 14687 | U35: 11366 | V35: 8797 | W35: 10467 | X35: 9742 | Y35: =X35+Y11-Y24 -> 9106 | Z35: =Y35+Z11-Z24 -> 5985 | AA35: =Z35+AA11-AA24 -> 10321 | AB35: =AA35+AB11-AB24 -> 11330 | AC35: =AB35+AC11-AC24 -> 15378 | AD35: =AC35+AD11-AD24 -> 12195 | AE35: =AD35+AE11-AE24 -> 8981 | AF35: =AE35+AF11-AF24 -> 5734 | ... AH35: =AG35+AH11-AH24 -> -857
F36: =A36+B36+C36+D36+E36 -> 0 | G36: =F36-(X25/31*11) -> -70.612903 | H36: =X36-G36 -> 33739.613 | K36: 560277 | L36: VANILLA | P36: =O36+P12-P25 -> 6912 | Q36: 45869 | R36: 11717 | S36: 11671 | T36: 11347 | U36: 22844 | V36: 34353 | W36: 34023 | X36: 33669 | Y36: =X36+Y12-Y25 -> 33339 | Z36: =Y36+Z12-Z25 -> 33002 | AA36: =Z36+AA12-AA25 -> 32662 | AB36: =AA36+AB12-AB25 -> 32315 | AC36: =AB36+AC12-AC25 -> 31958 | AD36: =AC36+AD12-AD25 -> 31590 | AE36: =AD36+AE12-AE25 -> 31226 | AF36: =AE36+AF12-AF25 -> 30855 | ... AH36: =AG36+AH12-AH25 -> 30097
K37: Total | M37: =SUM(M30:M35) -> 169008 | N37: =SUM(N30:N35) -> 146086 | O37: =SUM(O30:O35) -> 149089 | P37: =SUM(P30:P35) -> 107476 | Q37: =SUM(Q30:Q36) -> 186073 | R37: =SUM(R30:R36) -> 134556 | S37: =SUM(S30:S36) -> 135578 | T37: =SUM(T30:T36) -> 102831 | U37: =SUM(U30:U36) -> 156909 | V37: =SUM(V30:V36) -> 147000 | W37: =SUM(W30:W36) -> 181198 | X37: =SUM(X30:X36) -> 166978 | ... AH37: =SUM(AH30:AH36) -> -80590
L38: 적정재고수준 | M38: 재고월수X 실제 재고량으로 확인 필요
J39: Stock Level(Month) | M39: Sep. | N39: Oct. | O39: Nov. | P39: Dec. | Q39: Jan. | R39: Feb. | S39: Mar. | T39: Apr. | U39: May. | V39: Jun. | W39: July. | X39: Aug. | Y39: Sept. | Z39: Oct. | AA39: Nov. | AB39: Dec. | AC39: Jan. | AD39: Feb. | AE39: Mar. | AF39: Apr. | AG39: May. | AH39: Jun.
J40: Stock month by SKU | K40: 676366 | L40: PN 1 | M40: =M30/M19 -> 3.0565851 | N40: =N30/N19 -> 2.03235 | O40: =O30/O19 -> 1.6348643 | P40: =P30/P19 -> 1.2986335 | Q40: =Q30/Q19 -> 0.97799669 | R40: =R30/R19 -> 0.53415469 | S40: =S30/S19 -> 1.1983275 | T40: =T30/T19 -> 0.53405389 | ... AH40: =AH30/AH19 -> -3.0825037
K41: 676367 | L41: PN 2 | M41: =M31/M20 -> 6.0006505 | N41: =N31/N20 -> 5.3375534 | O41: =O31/O20 -> 4.5912847 | P41: =P31/P20 -> 4.4086053 | Q41: =Q31/Q20 -> 3.0604784 | R41: =R31/R20 -> 0 | S41: =S31/S20 -> 10.534014 | T41: =T31/T20 -> 4.6714976 | ... AH41: =AH31/AH20 -> -2.1569489
K42: 676369 | L42: PN 3 | M42: =M32/M21 -> 4.8121519 | N42: =N32/N21 -> 6.4603629 | O42: =O32/O21 -> 5.3855307 | P42: =P32/P21 -> 4.7977471 | Q42: =Q32/Q21 -> 2.9529598 | R42: =R32/R21 -> 2.1327731 | S42: =S32/S21 -> 1.3740895 | T42: =T32/T21 -> 1.2651031 | ... AH42: =AH32/AH21 -> -1.6622517
K43: 677211 | L43: PF 1 | M43: =M33/M22 -> 1.1485887 | N43: =N33/N22 -> 1.5863828 | O43: =O33/O22 -> 1.7515715 | P43: =P33/P22 -> 0.55605052 | Q43: =Q33/Q22 -> 1.9908691 | R43: =R33/R22 -> 2.2156574 | S43: =S33/S22 -> 2.2504908 | T43: =T33/T22 -> 1.2658563 | ... AH43: =AH33/AH22 -> -1.0357534
K44: 677200 | L44: PF 2 | M44: =M34/M23 -> 4.652369 | N44: =N34/N23 -> 3.0166727 | O44: =O34/O23 -> 3.5801821 | P44: =P34/P23 -> 2.4617481 | Q44: =Q34/Q23 -> 3.7419159 | R44: =R34/R23 -> 5.0279379 | S44: =S34/S23 -> 2.8322104 | T44: =T34/T23 -> 2.4635455 | ... AH44: =AH34/AH23 -> -0.982424
K45: 677281 | L45: PF 3 | M45: =M35/M24 -> 5.8542173 | N45: =N35/N24 -> 4.4859477 | O45: =O35/O24 -> 6.3478121 | P45: =P35/P24 -> 5.1721311 | Q45: =Q35/Q24 -> 3.8903941 | R45: =R35/R24 -> 7.5206813 | S45: =S35/S24 -> 5.7464643 | T45: =T35/T24 -> 5.3837977 | ... AH45: =AH35/AH24 -> -0.25875604
K46: 560277 | L46: VANILLA | V46: =V36/V25 -> 119.69686 | W46: =W36/W25 -> 103.41337 | X46: =X36/X25 -> 169.19095 | Y46: =Y36/Y25 -> 101.02727 | Z46: =Z36/Z25 -> 97.928783 | AA46: =AA36/AA25 -> 96.064706 | AB46: =AB36/AB25 -> 93.126801 | AC46: =AC36/AC25 -> 89.518207 | ... AH46: =AH36/AH25 -> 80.258667
K47: Total | M47: =AVERAGE(M40:M45) -> 4.2540938 | N47: =AVERAGE(N40:N45) -> 3.8198783 | O47: =AVERAGE(O40:O45) -> 3.8818743 | P47: =AVERAGE(P40:P45) -> 3.1158193 | Q47: =AVERAGE(Q40:Q46) -> 2.7691023 | R47: =AVERAGE(R40:R46) -> 2.9052007 | S47: =AVERAGE(S40:S46) -> 3.989266 | T47: =AVERAGE(T40:T46) -> 2.597309 | U47: =AVERAGE(U40:U46) -> 3.6537579 | V47: =AVERAGE(V40:V46) -> 19.821389 | W47: =AVERAGE(W40:W46) -> 17.986596 | X47: =AVERAGE(X40:X46) -> 27.504942 | ... AH47: =AVERAGE(AH40:AH46) -> 10.15429

Sheet Domestic_2608(Sales)
J2: ※ Aptamil Domestic Stock Overview
E4: 뉴트리시아 코리아 소통 | J4: 1700 | Q4: 2026
A5: SKU | C5: 파렛트 수량 조정 | D5: 파렛트 총합 | E5: 컨테이너 수 | F5: 월평균 출고량 | G5: MOQ (TU) | H5: TU | J5: Supply (arrival) | M5: Sep. | N5: Oct. | O5: Nov. | P5: Dec. | Q5: Jan. | R5: Feb. | S5: Mar. | T5: Apr. | U5: May. | V5: Jun. | W5: July. | X5: Aug. | Y5: Sept. | Z5: Oct. | AA5: Nov. | AB5: Dec. | AC5: Jan. | AD5: Feb. | AE5: Mar. | AF5: Apr. | AG5: May. | AH5: Jun.
A6: PN | B6: 1 | C6: 33 | D6: =SUM(C6:C8) -> 44 | E6: =D6/22 -> 2 | F6: =AVERAGE(T19:V19)/4 -> 1901 | G6: 1500 | H6: =AD6/4 -> 4752 | J6: Supply (arrival) | K6: 676366 | L6: PN 1 | M6: 12308 | O6: 6072 | P6: 7488 | Q6: 11520 | S6: 11948 | U6: 44008 | V6: 11572 | W6: 13320 | AA6: 12672 | AC6: 6336 | AD6: =C6*144*4 -> 19008
B7: 2 | C7: 11 | F7: =AVERAGE(T20:V20)/4 -> 718.58333 | G7: 1500 | H7: =AD7/4 -> 1584 | K7: 676367 | L7: PN 2 | M7: 5948 | N7: 6336 | O7: 432 | P7: 6252 | Q7: 1152 | S7: 7080 | T7: 6336 | U7: 8064 | W7: 17088 | X7: 6772 | AC7: 6336 | AD7: =C7*144*4 -> 6336 | AE7: 6336
B8: 3 | C8: 0 | F8: =AVERAGE(T21:V21)/4 -> 340 | G8: 1500 | H8: =AD8/4 -> 0 | K8: 676369 | L8: PN 3 | N8: 6212 | U8: 6912 | W8: 332 | X8: 5760 | AD8: =C8*144*4 -> 0
A9: PF | B9: 1 | C9: 150 | D9: =SUM(C9:C11) -> 240 | E9: =D9/24 -> 10 | F9: =AVERAGE(T22:V22)/4 -> 6009.5 | G9: 2120 | H9: =AD9/4 -> 14400 | K9: 677211 | L9: PF 1 | M9: 9216 | N9: 16512 | O9: 24300 | Q9: 60572 | R9: 21560 | S9: 23808 | U9: 39428 | V9: 20880 | W9: 14968 | X9: 18432 | Y9: 79960 | Z9: 20352 | AA9: 48000 | AB9: 28416 | AC9: 76416 | AD9: =C9*96*4 -> 57600
B10: 2 | C10: 90 | F10: =AVERAGE(T23:V23)/4 -> 3391.3333 | G10: 2280 | H10: =AD10/4 -> 8640 | K10: 677200 | L10: PF 2 | O10: 12432 | Q10: 30336 | R10: 21584 | T10: 6528 | W10: 46080 | X10: 9216 | Y10: 26216 | Z10: 11520 | AA10: 24896 | AB10: 11136 | AC10: 26880 | AD10: =C10*96*4 -> 34560
B11: 3 | C11: 0 | F11: =AVERAGE(T24:V24)/4 -> 648.91667 | G11: 1880 | H11: =AD11/4 -> 0 | K11: 677281 | L11: PF 3 | O11: 8832 | Q11: 232 | R11: 10688 | W11: 4592 | Y11: 2424 | AA11: 7520 | AB11: 4224 | AC11: 7296 | AD11: =C11*96*4 -> 0
K12: 560277 | L12: VANILLA | P12: 6912 | R12: 5208 | U12: 11628 | V12: 11796
K13: Total | M13: =SUM(M6:M12) -> 27472 | N13: =SUM(N6:N12) -> 29060 | O13: =SUM(O6:O12) -> 52068 | P13: =SUM(P6:P12) -> 20652 | Q13: =SUM(Q6:Q12) -> 103812 | R13: =SUM(R6:R12) -> 59040 | S13: =SUM(S6:S12) -> 42836 | T13: =SUM(T6:T12) -> 12864 | ... AG13: =SUM(AG6:AG12) -> 0
K14: 발주 금액 | M14: =금액!E11 -> 4.457202e+08 | N14: =금액!F11 -> 3.0657648e+08 | O14: =금액!G11 -> 1.5969699e+08 | P14: =금액!H11 -> 3.3539444e+08 | Q14: =금액!I11 -> 3.1119442e+08 | R14: =금액!J11 -> 1208753.5 | S14: =금액!K11 -> 4.6487151e+08 | T14: =금액!L11 -> 1.5476444e+08 | ... V14: =금액!N11 -> 1.1184828e+09 | W14: =VLOOKUP($K6,단가!$B$2:$E$55,4,0)*SUM(W6:W8)+21.33*SUM(W9:W11)+VLOOKUP($K12,단가!$B$2:$E$55,4,0)*W12 -> 7.5158613e+08 | X14: =VLOOKUP($K6,단가!$B$2:$E$55,4,0)*SUM(X6:X8)+21.33*SUM(X9:X11)+VLOOKUP($K12,단가!$B$2:$E$55,4,0)*X12 -> 3.0642354e+08 | Y14: =VLOOKUP($K6,단가!$B$2:$E$55,4,0)*SUM(Y6:Y8)+21.69*SUM(Y9:Y11)+VLOOKUP($K12,단가!$B$2:$E$55,4,0)*Y12 -> 2355534 | Z14: =VLOOKUP($K6,단가!$B$2:$E$55,4,0)*SUM(Z6:Z8)+VLOOKUP($K9,단가!$B$2:$E$55,4,0)*SUM(Z9:Z11)+VLOOKUP($K12,단가!$B$2:$E$55,4,0)*Z12 -> 1.2760095e+09 | AA14: =VLOOKUP($K6,단가!$B$2:$E$55,4,0)*SUM(AA6:AA8)+VLOOKUP($K9,단가!$B$2:$E$55,4,0)*SUM(AA9:AA11)+VLOOKUP($K12,단가!$B$2:$E$55,4,0)*AA12 -> 3.5287403e+09 | AB14: =VLOOKUP($K6,단가!$B$2:$E$55,4,0)*SUM(AB6:AB8)+VLOOKUP($K9,단가!$B$2:$E$55,4,0)*SUM(AB9:AB11)+VLOOKUP($K12,단가!$B$2:$E$55,4,0)*AB12 -> 1.7525914e+09 | AC14: =VLOOKUP($K6,단가!$B$2:$E$55,4,0)*SUM(AC6:AC8)+VLOOKUP($K9,단가!$B$2:$E$55,4,0)*SUM(AC9:AC11)+VLOOKUP($K12,단가!$B$2:$E$55,4,0)*AC12 -> 4.7368498e+09 | AD14: =VLOOKUP($K6,단가!$B$2:$E$55,4,0)*SUM(AD6:AD8)+VLOOKUP($K9,단가!$B$2:$E$55,4,0)*SUM(AD9:AD11)+VLOOKUP($K12,단가!$B$2:$E$55,4,0)*AD12 -> 4.308167e+09 | AE14: =금액!W11 -> 0 | AF14: =금액!X11 -> 0 | AG14: =금액!Y11 -> 0
K15: 발주 금액(KRW) | M15: =M14*$J$4 -> 757724340272 | N15: =N14*$J$4 -> 5.2118001e+11 | O15: =O14*$J$4 -> 2.7148489e+11 | P15: =P14*$J$4 -> 5.7017054e+11 | Q15: =Q14*$J$4 -> 529030511892 | R15: =R14*$J$4 -> 2054880984 | S15: =S14*$J$4 -> 7.9028157e+11 | T15: =T14*$J$4 -> 2.6309955e+11 | ... Y15: =Y14*$J$4 -> 4004407800 | AE15: =AE14*$J$4 -> 0 | AF15: =AF14*$J$4 -> 0 | AG15: =AG14*$J$4 -> 0
M17: Actual | N17: Actual | O17: Actual | P17: Actual | Q17: Actual | R17: Actual | S17: Actual | T17: Actual | U17: Actual | V17: Actual | W17: Actual | X17: fcst | Y17: fcst | Z17: fcst | AA17: fcst | AB17: fcst | AC17: fcst | AD17: fcst | AE17: fcst | AF17: fcst | AG17: fcst | AH17: fcst
J18: Sales | M18: Sept. | N18: Oct. | O18: Nov. | P18: Dec. | Q18: Jan. | R18: Feb. | S18: Mar. | T18: Apr. | U18: May. | V18: Jun. | W18: July. | X18: Aug. | Y18: Sept. | Z18: Oct. | AA18: Nov. | AB18: Dec. | AC18: Jan. | AD18: Feb. | AE18: Mar. | AF18: Apr. | AG18: May. | AH18: Jun.
J19: Sales CU | K19: 676366 | L19: PN 1 | M19: 10091 | N19: 10170 | O19: 10429 | P19: 10538 | Q19: 10862 | R19: 7305 | S19: 8012 | T19: 6754 | U19: 7920 | V19: 8138 | W19: 8285 | X19: 9860 | Y19: 9466 | Z19: 9655 | AA19: 9945 | AB19: 10143 | AC19: 10448 | AD19: 10134 | AE19: 10337 | AF19: 10544 | AG19: 10649 | AH19: 10436
K20: 676367 | L20: PN 2 | M20: 6149 | N20: 6793 | O20: 6655 | P20: 6740 | Q20: 6647 | R20: 1972 | S20: 588 | T20: 2070 | U20: 2887 | V20: 3666 | W20: 3946 | X20: 4992 | Y20: 4792 | Z20: 4888 | AA20: 4986 | AB20: 5036 | AC20: 5187 | AD20: 4979 | AE20: 5079 | AF20: 5181 | AG20: 5284 | AH20: 5178
K21: 676369 | L21: PN 3 | M21: 1975 | N21: 2094 | O21: 2101 | P21: 1953 | Q21: 1892 | R21: 1785 | S21: 1922 | T21: 1407 | U21: 1512 | V21: 1161 | W21: 1086 | X21: 1168 | Y21: 1133 | Z21: 1144 | AA21: 1156 | AB21: 1167 | AC21: 1179 | AD21: 1155 | AE21: 1167 | AF21: 1179 | AG21: 1190 | AH21: 1155
K22: 677211 | L22: PF 1 | M22: 26395 | N22: 18036 | O22: 19567 | P22: 21775 | Q22: 24094 | R22: 20361 | S22: 21905 | T22: 22294 | U22: 24686 | V22: 25134 | W22: 30239 | X22: 35414 | Y22: 34352 | Z22: 35039 | AA22: 36090 | AB22: 37172 | AC22: 38288 | AD22: 37522 | AE22: 38272 | AF22: 39038 | AG22: 39819 | AH22: 40615
K23: 677200 | L23: PF 2 | M23: 9582 | N23: 11036 | O23: 10102 | P23: 10640 | Q23: 11504 | R23: 10237 | S23: 13952 | T23: 13606 | U23: 14459 | V23: 12631 | W23: 15942 | X23: 18091 | Y23: 17910 | Z23: 18447 | AA23: 19185 | AB23: 19953 | AC23: 20551 | AD23: 20757 | AE23: 21172 | AF23: 21595 | AG23: 22027 | AH23: 22248
K24: 677281 | L24: PF 3 | M24: 2881 | N24: 3060 | O24: 3108 | P24: 3172 | Q24: 3248 | R24: 2466 | S24: 2899 | T24: 2728 | U24: 2877 | V24: 2182 | W24: 3461 | X24: 3331 | Y24: 3264 | Z24: 3297 | AA24: 3198 | AB24: 3230 | AC24: 3262 | AD24: 3197 | AE24: 3229 | AF24: 3261 | AG24: 3294 | AH24: 3327
K25: 560277 | L25: VANILLA | Q25: 284 | R25: 129 | S25: 22 | T25: 298 | U25: 133 | V25: 287 | W25: 329 | X25: 178 | Y25: 330 | Z25: 337 | AA25: 340 | AB25: 347 | AC25: 357 | AD25: 368 | AE25: 364 | AF25: 371 | AG25: 383 | AH25: 375
K26: Total | M26: =SUM(M19:M24) -> 57073 | N26: =SUM(N19:N24) -> 51189 | O26: =SUM(O19:O24) -> 51962 | P26: =SUM(P19:P24) -> 54818 | Q26: =SUM(Q19:Q25) -> 58531 | R26: =SUM(R19:R25) -> 44255 | S26: =SUM(S19:S25) -> 49300 | T26: =SUM(T19:T25) -> 49157 | U26: =SUM(U19:U25) -> 54474 | V26: =SUM(V19:V25) -> 53199 | W26: =SUM(W19:W25) -> 63288 | X26: =SUM(X19:X25) -> 73034 | ... AH26: =SUM(AH19:AH25) -> 83334
V27: =SUM(V19:V24) -> 52912 | W27: =SUM(W19:W24) -> 62959 | X27: =SUM(X19:X24) -> 72856 | Y27: =SUM(Y19:Y24) -> 70917 | Z27: =SUM(Z19:Z24) -> 72470 | AA27: =SUM(AA19:AA24) -> 74560 | AB27: =SUM(AB19:AB24) -> 76701 | AC27: =SUM(AC19:AC24) -> 78915 | ... AH27: =SUM(AH19:AH24) -> 82959
A29: 용인 | B29: CJ | C29: 디앤비 | D29: 아르고 | E29: 품고 | F29: 8/20 기말재고 | G29: 예상 기말재고 | J29: Stock(CU) | M29: Sep. | N29: Oct. | O29: Nov. | P29: Dec. | Q29: Jan. | R29: Feb. | S29: Mar. | T29: Apr. | U29: May. | V29: Jun. | W29: July. | X29: Aug. | Y29: Sept. | Z29: Oct. | AA29: Nov. | AB29: Dec. | AC29: Jan. | AD29: Feb. | AE29: Mar. | AF29: Apr. | AG29: May. | AH29: Jun.
A30: 39459 | B30: 10 | C30: 1408 | D30: 1 | E30: 1219 | F30: =A30+B30+C30+D30+E30 -> 42097 | G30: =F30-(X19/31*11) -> 38598.29 | H30: =X30-G30 -> -698.29032 | J30: Stock(CU) | K30: 676366 | L30: PN 1 | M30: 30844 | N30: 20669 | O30: 17050 | P30: 13685 | Q30: 10623 | R30: 3902 | S30: 9601 | T30: 3607 | U30: 39061 | V30: 42442 | W30: 47469 | X30: 37900 | Y30: =X30+Y6-Y19 -> 28434 | Z30: =Y30+Z6-Z19 -> 18779 | AA30: =Z30+AA6-AA19 -> 21506 | AB30: =AA30+AB6-AB19 -> 11363 | AC30: =AB30+AC6-AC19 -> 7251 | AD30: =AC30+AD6-AD19 -> 16125 | AE30: =AD30+AE6-AE19 -> 5788 | AF30: =AE30+AF6-AF19 -> -4756 | ... AH30: =AG30+AH6-AH19 -> -25841
A31: 24163 | B31: 136 | C31: 2452 | D31: 165 | E31: 432 | F31: =A31+B31+C31+D31+E31 -> 27348 | G31: =F31-(X20/31*11) -> 25576.645 | H31: =X31-G31 -> -166.64516 | K31: 676367 | L31: PN 2 | M31: 36898 | N31: 36258 | O31: 30555 | P31: 29714 | Q31: 20343 | R31: 0 | S31: 6194 | T31: 9670 | U31: 14884 | V31: 10629 | W31: 23526 | X31: 25410 | Y31: =X31+Y7-Y20 -> 20618 | Z31: =Y31+Z7-Z20 -> 15730 | AA31: =Z31+AA7-AA20 -> 10744 | AB31: =AA31+AB7-AB20 -> 5708 | AC31: =AB31+AC7-AC20 -> 6857 | AD31: =AC31+AD7-AD20 -> 8214 | AE31: =AD31+AE7-AE20 -> 9471 | AF31: =AE31+AF7-AF20 -> 4290 | ... AH31: =AG31+AH7-AH20 -> -6172
A32: 8799 | B32: 286 | C32: 1020 | D32: 198 | E32: 0 | F32: =A32+B32+C32+D32+E32 -> 10303 | G32: =F32-(X21/31*11) -> 9888.5484 | H32: =X32-G32 -> 165.45161 | K32: 676369 | L32: PN 3 | M32: 9504 | N32: 13528 | O32: 11315 | P32: 9370 | Q32: 5587 | R32: 3807 | S32: 2641 | T32: 1780 | U32: 7358 | V32: 5628 | W32: 5062 | X32: 10054 | Y32: =X32+Y8-Y21 -> 8921 | Z32: =Y32+Z8-Z21 -> 7777 | AA32: =Z32+AA8-AA21 -> 6621 | AB32: =AA32+AB8-AB21 -> 5454 | AC32: =AB32+AC8-AC21 -> 4275 | AD32: =AC32+AD8-AD21 -> 3120 | AE32: =AD32+AE8-AE21 -> 1953 | AF32: =AE32+AF8-AF21 -> 774 | ... AH32: =AG32+AH8-AH21 -> -1571
A33: 17071 | B33: 0 | C33: 1760 | D33: 0 | E33: 1387 | F33: =A33+B33+C33+D33+E33 -> 20218 | G33: =F33-(X22/31*11) -> 7651.7419 | H33: =X33-G33 -> 12206.258 | K33: 677211 | L33: PF 1 | M33: 30317 | N33: 28612 | O33: 34273 | P33: 12108 | Q33: 47968 | R33: 45113 | S33: 49297 | T33: 28221 | U33: 42865 | V33: 38482 | W33: 23218 | X33: 19858 | Y33: =X33+Y9-Y22 -> 65466 | Z33: =Y33+Z9-Z22 -> 50779 | AA33: =Z33+AA9-AA22 -> 62689 | AB33: =AA33+AB9-AB22 -> 53933 | AC33: =AB33+AC9-AC22 -> 92061 | AD33: =AC33+AD9-AD22 -> 112139 | AE33: =AD33+AE9-AE22 -> 73867 | AF33: =AE33+AF9-AF22 -> 34829 | ... AH33: =AG33+AH9-AH22 -> -45605
A34: 31105 | B34: 0 | C34: 2352 | D34: 5 | E34: 899 | F34: =A34+B34+C34+D34+E34 -> 34361 | G34: =F34-(X23/31*11) -> 27941.613 | H34: =X34-G34 -> 2403.3871 | K34: 677200 | L34: PF 2 | M34: 44579 | N34: 33292 | O34: 36167 | P34: 26193 | Q34: 43047 | R34: 51471 | S34: 39515 | T34: 33519 | U34: 18531 | V34: 6669 | W34: 37433 | X34: 30345 | Y34: =X34+Y10-Y23 -> 38651 | Z34: =Y34+Z10-Z23 -> 31724 | AA34: =Z34+AA10-AA23 -> 37435 | AB34: =AA34+AB10-AB23 -> 28618 | AC34: =AB34+AC10-AC23 -> 34947 | AD34: =AC34+AD10-AD23 -> 48750 | AE34: =AD34+AE10-AE23 -> 27578 | AF34: =AE34+AF10-AF23 -> 5983 | ... AH34: =AG34+AH10-AH23 -> -38292
A35: 6193 | B35: 115 | C35: 1788 | D35: 7 | E35: 0 | F35: =A35+B35+C35+D35+E35 -> 8103 | G35: =F35-(X24/31*11) -> 6921.0323 | H35: =X35-G35 -> 2820.9677 | K35: 677281 | L35: PF 3 | M35: 16866 | N35: 13727 | O35: 19729 | P35: 16406 | Q35: 12636 | R35: 18546 | S35: 16659 | T35: 14687 | U35: 11366 | V35: 8797 | W35: 10467 | X35: 9742 | Y35: =X35+Y11-Y24 -> 8902 | Z35: =Y35+Z11-Z24 -> 5605 | AA35: =Z35+AA11-AA24 -> 9927 | AB35: =AA35+AB11-AB24 -> 10921 | AC35: =AB35+AC11-AC24 -> 14955 | AD35: =AC35+AD11-AD24 -> 11758 | AE35: =AD35+AE11-AE24 -> 8529 | AF35: =AE35+AF11-AF24 -> 5268 | ... AH35: =AG35+AH11-AH24 -> -1353
F36: =A36+B36+C36+D36+E36 -> 0 | G36: =F36-(X25/31*11) -> -63.16129 | H36: =X36-G36 -> 33732.161 | K36: 560277 | L36: VANILLA | P36: =O36+P12-P25 -> 6912 | Q36: 45869 | R36: 11717 | S36: 11671 | T36: 11347 | U36: 22844 | V36: 34353 | W36: 34023 | X36: 33669 | Y36: =X36+Y12-Y25 -> 33339 | Z36: =Y36+Z12-Z25 -> 33002 | AA36: =Z36+AA12-AA25 -> 32662 | AB36: =AA36+AB12-AB25 -> 32315 | AC36: =AB36+AC12-AC25 -> 31958 | AD36: =AC36+AD12-AD25 -> 31590 | AE36: =AD36+AE12-AE25 -> 31226 | AF36: =AE36+AF12-AF25 -> 30855 | ... AH36: =AG36+AH12-AH25 -> 30097
K37: Total | M37: =SUM(M30:M35) -> 169008 | N37: =SUM(N30:N35) -> 146086 | O37: =SUM(O30:O35) -> 149089 | P37: =SUM(P30:P35) -> 107476 | Q37: =SUM(Q30:Q36) -> 186073 | R37: =SUM(R30:R36) -> 134556 | S37: =SUM(S30:S36) -> 135578 | T37: =SUM(T30:T36) -> 102831 | U37: =SUM(U30:U36) -> 156909 | V37: =SUM(V30:V36) -> 147000 | W37: =SUM(W30:W36) -> 181198 | X37: =SUM(X30:X36) -> 166978 | ... AH37: =SUM(AH30:AH36) -> -88737
L38: 적정재고수준 | M38: 재고월수X 실제 재고량으로 확인 필요
J39: Stock Level(Month) | M39: Sep. | N39: Oct. | O39: Nov. | P39: Dec. | Q39: Jan. | R39: Feb. | S39: Mar. | T39: Apr. | U39: May. | V39: Jun. | W39: July. | X39: Aug. | Y39: Sept. | Z39: Oct. | AA39: Nov. | AB39: Dec. | AC39: Jan. | AD39: Feb. | AE39: Mar. | AF39: Apr. | AG39: May. | AH39: Jun.
J40: Stock month by SKU | K40: 676366 | L40: PN 1 | M40: =M30/M19 -> 3.0565851 | N40: =N30/N19 -> 2.03235 | O40: =O30/O19 -> 1.6348643 | P40: =P30/P19 -> 1.2986335 | Q40: =Q30/Q19 -> 0.97799669 | R40: =R30/R19 -> 0.53415469 | S40: =S30/S19 -> 1.1983275 | T40: =T30/T19 -> 0.53405389 | ... AH40: =AH30/AH19 -> -2.4761403
K41: 676367 | L41: PN 2 | M41: =M31/M20 -> 6.0006505 | N41: =N31/N20 -> 5.3375534 | O41: =O31/O20 -> 4.5912847 | P41: =P31/P20 -> 4.4086053 | Q41: =Q31/Q20 -> 3.0604784 | R41: =R31/R20 -> 0 | S41: =S31/S20 -> 10.534014 | T41: =T31/T20 -> 4.6714976 | ... AH41: =AH31/AH20 -> -1.191966
K42: 676369 | L42: PN 3 | M42: =M32/M21 -> 4.8121519 | N42: =N32/N21 -> 6.4603629 | O42: =O32/O21 -> 5.3855307 | P42: =P32/P21 -> 4.7977471 | Q42: =Q32/Q21 -> 2.9529598 | R42: =R32/R21 -> 2.1327731 | S42: =S32/S21 -> 1.3740895 | T42: =T32/T21 -> 1.2651031 | ... AH42: =AH32/AH21 -> -1.3601732
K43: 677211 | L43: PF 1 | M43: =M33/M22 -> 1.1485887 | N43: =N33/N22 -> 1.5863828 | O43: =O33/O22 -> 1.7515715 | P43: =P33/P22 -> 0.55605052 | Q43: =Q33/Q22 -> 1.9908691 | R43: =R33/R22 -> 2.2156574 | S43: =S33/S22 -> 2.2504908 | T43: =T33/T22 -> 1.2658563 | ... AH43: =AH33/AH22 -> -1.122861
K44: 677200 | L44: PF 2 | M44: =M34/M23 -> 4.652369 | N44: =N34/N23 -> 3.0166727 | O44: =O34/O23 -> 3.5801821 | P44: =P34/P23 -> 2.4617481 | Q44: =Q34/Q23 -> 3.7419159 | R44: =R34/R23 -> 5.0279379 | S44: =S34/S23 -> 2.8322104 | T44: =T34/T23 -> 2.4635455 | ... AH44: =AH34/AH23 -> -1.7211435
K45: 677281 | L45: PF 3 | M45: =M35/M24 -> 5.8542173 | N45: =N35/N24 -> 4.4859477 | O45: =O35/O24 -> 6.3478121 | P45: =P35/P24 -> 5.1721311 | Q45: =Q35/Q24 -> 3.8903941 | R45: =R35/R24 -> 7.5206813 | S45: =S35/S24 -> 5.7464643 | T45: =T35/T24 -> 5.3837977 | ... AH45: =AH35/AH24 -> -0.40667268
K46: 560277 | L46: VANILLA | V46: =V36/V25 -> 119.69686 | W46: =W36/W25 -> 103.41337 | X46: =X36/X25 -> 189.15169 | Y46: =Y36/Y25 -> 101.02727 | Z46: =Z36/Z25 -> 97.928783 | AA46: =AA36/AA25 -> 96.064706 | AB46: =AB36/AB25 -> 93.126801 | AC46: =AC36/AC25 -> 89.518207 | ... AH46: =AH36/AH25 -> 80.258667
K47: Total | M47: =AVERAGE(M40:M45) -> 4.2540938 | N47: =AVERAGE(N40:N45) -> 3.8198783 | O47: =AVERAGE(O40:O45) -> 3.8818743 | P47: =AVERAGE(P40:P45) -> 3.1158193 | Q47: =AVERAGE(Q40:Q46) -> 2.7691023 | R47: =AVERAGE(R40:R46) -> 2.9052007 | S47: =AVERAGE(S40:S46) -> 3.989266 | T47: =AVERAGE(T40:T46) -> 2.597309 | U47: =AVERAGE(U40:U46) -> 3.6537579 | V47: =AVERAGE(V40:V46) -> 19.821389 | W47: =AVERAGE(W40:W46) -> 17.986596 | X47: =AVERAGE(X40:X46) -> 30.26518 | ... AH47: =AVERAGE(AH40:AH46) -> 10.282816

Sheet Domestic_2608 (27년 1월 증량 확정)
J2: ※ Aptamil Domestic Stock Overview
A4: 계수 | E4: 뉴트리시아 코리아 소통 | J4: 1700 | Q4: 2026
A5: SKU | C5: 파렛트 수량 조정 | D5: 파렛트 총합 | E5: 컨테이너 수 | F5: 월평균 출고량 | G5: MOQ (TU) | H5: TU | J5: Supply (arrival) | M5: Sep. | N5: Oct. | O5: Nov. | P5: Dec. | Q5: Jan. | R5: Feb. | S5: Mar. | T5: Apr. | U5: May. | V5: Jun. | W5: July. | X5: Aug. | Y5: Sept. | Z5: Oct. | AA5: Nov. | AB5: Dec. | AC5: Jan. | AD5: Feb. | AE5: Mar. | AF5: Apr. | AG5: May. | AH5: Jun.
A6: PN | B6: 1 | C6: 33 | D6: =SUM(C6:C8) -> 44 | E6: =D6/22 -> 2 | F6: =AVERAGE(T19:V19)/4 -> 1901 | G6: 1500 | H6: =C6*144 -> 4752 | I6: =G6*4 -> 6000 | J6: Supply (arrival) | K6: PN | L6: 1 | M6: 12308 | O6: 6072 | P6: 7488 | Q6: 11520 | S6: 11948 | U6: 44008 | V6: 11572 | W6: 13320 | AA6: 12672 | AC6: 6336 | AD6: =C6*144*4 -> 19008
B7: 2 | C7: 11 | F7: =AVERAGE(T20:V20)/4 -> 718.58333 | G7: 1500 | H7: =C7*144 -> 1584 | I7: =G7*4 -> 6000 | L7: 2 | M7: 5948 | N7: 6336 | O7: 432 | P7: 6252 | Q7: 1152 | S7: 7080 | T7: 6336 | U7: 8064 | W7: 17088 | X7: 6772 | AC7: 6336 | AD7: =C7*144*4 -> 6336
B8: 3 | C8: 0 | F8: =AVERAGE(T21:V21)/4 -> 340 | G8: 1500 | H8: =C8*144 -> 0 | I8: =G8*4 -> 6000 | L8: 3 | N8: 6212 | U8: 6912 | W8: 332 | X8: 5760 | AD8: =C8*144*4 -> 0
A9: PF | B9: 1 | C9: 150 | D9: =SUM(C9:C11) -> 240 | E9: =D9/24 -> 10 | F9: =AVERAGE(T22:V22)/4 -> 6009.5 | G9: 2120 | H9: =C9*96 -> 14400 | I9: =G9*4 -> 8480 | K9: PF | L9: 1 | M9: 9216 | N9: 16512 | O9: 24300 | Q9: 60572 | R9: 21560 | S9: 23808 | U9: 39428 | V9: 20880 | W9: 14968 | X9: 18432 | Y9: 79960 | Z9: 20352 | AA9: 48000 | AB9: 28416 | AC9: 76416 | AD9: =C9*96*4 -> 57600
B10: 2 | C10: 90 | F10: =AVERAGE(T23:V23)/4 -> 3391.3333 | G10: 2280 | H10: =C10*96 -> 8640 | I10: =G10*4 -> 9120 | L10: 2 | O10: 12432 | Q10: 30336 | R10: 21584 | T10: 6528 | W10: 46080 | X10: 9216 | Y10: 26216 | Z10: 11520 | AA10: 24896 | AB10: 11136 | AC10: 26880 | AD10: =C10*96*4 -> 34560
B11: 3 | C11: 0 | F11: =AVERAGE(T24:V24)/4 -> 648.91667 | G11: 1880 | H11: =C11*96 -> 0 | I11: =G11*4 -> 7520 | L11: 3 | O11: 8832 | Q11: 232 | R11: 10688 | W11: 4592 | Y11: 2424 | AA11: 7520 | AB11: 4224 | AC11: 7296 | AD11: =C11*96*4 -> 0
K12: FORTIFIT | L12: VANILLA | P12: 6912 | R12: 5208 | U12: 11628 | V12: 11796
K13: Total | M13: =SUM(M6:M12) -> 27472 | N13: =SUM(N6:N12) -> 29060 | O13: =SUM(O6:O12) -> 52068 | P13: =SUM(P6:P12) -> 20652 | Q13: =SUM(Q6:Q12) -> 103812 | R13: =SUM(R6:R12) -> 59040 | S13: =SUM(S6:S12) -> 42836 | T13: =SUM(T6:T12) -> 12864 | ... AG13: =SUM(AG6:AG12) -> 0
K14: 발주 금액 | M14: =금액!E11 -> 4.457202e+08 | N14: =금액!F11 -> 3.0657648e+08 | O14: =금액!G11 -> 1.5969699e+08 | P14: =금액!H11 -> 3.3539444e+08 | Q14: =금액!I11 -> 3.1119442e+08 | R14: =금액!J11 -> 1208753.5 | S14: =금액!K11 -> 4.6487151e+08 | T14: =금액!L11 -> 1.5476444e+08 | ... AG14: =금액!Y11 -> 0
K15: 발주 금액(KRW) | M15: =M14*$J$4 -> 757724340272 | N15: =N14*$J$4 -> 5.2118001e+11 | O15: =O14*$J$4 -> 2.7148489e+11 | P15: =P14*$J$4 -> 5.7017054e+11 | Q15: =Q14*$J$4 -> 529030511892 | R15: =R14*$J$4 -> 2054880984 | S15: =S14*$J$4 -> 7.9028157e+11 | T15: =T14*$J$4 -> 2.6309955e+11 | ... AG15: =AG14*$J$4 -> 0
M17: Actual | N17: Actual | O17: Actual | P17: Actual | Q17: Actual | R17: Actual | S17: Actual | T17: Actual | U17: Actual | V17: Actual | W17: Actual | X17: fcst | Y17: fcst | Z17: fcst | AA17: fcst | AB17: fcst | AC17: fcst | AD17: fcst | AE17: fcst | AF17: fcst | AG17: fcst | AH17: fcst
J18: Sales | M18: Sept. | N18: Oct. | O18: Nov. | P18: Dec. | Q18: Jan. | R18: Feb. | S18: Mar. | T18: Apr. | U18: May. | V18: Jun. | W18: July. | X18: Aug. | Y18: Sept. | Z18: Oct. | AA18: Nov. | AB18: Dec. | AC18: Jan. | AD18: Feb. | AE18: Mar. | AF18: Apr. | AG18: May. | AH18: Jun.
J19: Sales CU | K19: PN | L19: 1 | M19: 10091 | N19: 10170 | O19: 10429 | P19: 10538 | Q19: 10862 | R19: 7305 | S19: 8012 | T19: 6754 | U19: 7920 | V19: 8138 | W19: 8285 | X19: 8534 | Y19: 8192 | Z19: 8356 | AA19: 8607 | AB19: 8779 | AC19: 9042 | AD19: 8771 | AE19: 8946 | AF19: 9125 | AG19: 9217 | AH19: 9032
L20: 2 | M20: 6149 | N20: 6793 | O20: 6655 | P20: 6740 | Q20: 6647 | R20: 1972 | S20: 588 | T20: 2070 | U20: 2887 | V20: 3666 | W20: 3946 | X20: 4222 | Y20: 4053 | Z20: 4134 | AA20: 4217 | AB20: 4259 | AC20: 4387 | AD20: 4212 | AE20: 4296 | AF20: 4382 | AG20: 4469 | AH20: 4380
L21: 3 | M21: 1975 | N21: 2094 | O21: 2101 | P21: 1953 | Q21: 1892 | R21: 1785 | S21: 1922 | T21: 1407 | U21: 1512 | V21: 1161 | W21: 1086 | X21: 1108 | Y21: 1074 | Z21: 1085 | AA21: 1096 | AB21: 1107 | AC21: 1118 | AD21: 1096 | AE21: 1107 | AF21: 1118 | AG21: 1129 | AH21: 1095
K22: PF | L22: 1 | M22: 26395 | N22: 18036 | O22: 19567 | P22: 21775 | Q22: 24094 | R22: 20361 | S22: 21905 | T22: 22294 | U22: 24686 | V22: 25134 | W22: 30239 | X22: 35682 | Y22: 34612 | Z22: 35304 | AA22: 36363 | AB22: 37454 | AC22: 38577 | AD22: 37806 | AE22: 38562 | AF22: 39333 | AG22: 40120 | AH22: 40922
L23: 2 | M23: 9582 | N23: 11036 | O23: 10102 | P23: 10640 | Q23: 11504 | R23: 10237 | S23: 13952 | T23: 13606 | U23: 14459 | V23: 12631 | W23: 15942 | X23: 17377 | Y23: 17203 | Z23: 17719 | AA23: 18428 | AB23: 19165 | AC23: 19740 | AD23: 19937 | AE23: 20336 | AF23: 20743 | AG23: 21158 | AH23: 21369
L24: 3 | M24: 2881 | N24: 3060 | O24: 3108 | P24: 3172 | Q24: 3248 | R24: 2466 | S24: 2899 | T24: 2728 | U24: 2877 | V24: 2182 | W24: 3461 | X24: 3738 | Y24: 3663 | Z24: 3700 | AA24: 3589 | AB24: 3625 | AC24: 3661 | AD24: 3588 | AE24: 3624 | AF24: 3660 | AG24: 3696 | AH24: 3733
K25: FORTIFIT | L25: VANILLA | Q25: 284 | R25: 129 | S25: 22 | T25: 298 | U25: 133 | V25: 287 | W25: 329 | X25: 352 | Y25: 380 | Z25: 388 | AA25: 392 | AB25: 400 | AC25: 411 | AD25: 424 | AE25: 420 | AF25: 428 | AG25: 441 | AH25: 432
K26: Total | M26: =SUM(M19:M24) -> 57073 | N26: =SUM(N19:N24) -> 51189 | O26: =SUM(O19:O24) -> 51962 | P26: =SUM(P19:P24) -> 54818 | Q26: =SUM(Q19:Q25) -> 58531 | R26: =SUM(R19:R25) -> 44255 | S26: =SUM(S19:S25) -> 49300 | T26: =SUM(T19:T25) -> 49157 | U26: =SUM(U19:U25) -> 54474 | V26: =SUM(V19:V25) -> 53199 | W26: =SUM(W19:W25) -> 63288 | X26: =SUM(X19:X25) -> 71013 | ... AH26: =SUM(AH19:AH25) -> 80963
V27: =SUM(V19:V24) -> 52912 | W27: =SUM(W19:W24) -> 62959 | X27: =SUM(X19:X24) -> 70661 | Y27: =SUM(Y19:Y24) -> 68797 | Z27: =SUM(Z19:Z24) -> 70298 | AA27: =SUM(AA19:AA24) -> 72300 | AB27: =SUM(AB19:AB24) -> 74389 | AC27: =SUM(AC19:AC24) -> 76525 | ... AH27: =SUM(AH19:AH24) -> 80531
A29: 용인 | B29: CJ | C29: 디앤비 | D29: 아르고 | E29: 품고 | F29: 8/20 기말재고 | G29: 예상 기말재고 | J29: Stock(CU) | M29: Sep. | N29: Oct. | O29: Nov. | P29: Dec. | Q29: Jan. | R29: Feb. | S29: Mar. | T29: Apr. | U29: May. | V29: Jun. | W29: July. | X29: Aug. | Y29: Sept. | Z29: Oct. | AA29: Nov. | AB29: Dec. | AC29: Jan. | AD29: Feb. | AE29: Mar. | AF29: Apr. | AG29: May. | AH29: Jun.
A30: 39459 | B30: 10 | C30: 1408 | D30: 1 | E30: 1219 | F30: =A30+B30+C30+D30+E30 -> 42097 | G30: =F30-(X19/31*11) -> 39068.806 | H30: =X30-G30 -> -133.80645 | J30: Stock(CU) | K30: PN | L30: 1 | M30: 30844 | N30: 20669 | O30: 17050 | P30: 13685 | Q30: 10623 | R30: 3902 | S30: 9601 | T30: 3607 | U30: 39061 | V30: 42442 | W30: 47469 | X30: =W30+X6-X19 -> 38935 | Y30: =X30+Y6-Y19 -> 30743 | Z30: =Y30+Z6-Z19 -> 22387 | AA30: =Z30+AA6-AA19 -> 26452 | AB30: =AA30+AB6-AB19 -> 17673 | AC30: =AB30+AC6-AC19 -> 14967 | AD30: =AC30+AD6-AD19 -> 25204 | AE30: =AD30+AE6-AE19 -> 16258 | ... AH30: =AG30+AH6-AH19 -> -11116
A31: 24163 | B31: 136 | C31: 2452 | D31: 165 | E31: 432 | F31: =A31+B31+C31+D31+E31 -> 27348 | G31: =F31-(X20/31*11) -> 25849.871 | H31: =X31-G31 -> 226.12903 | L31: 2 | M31: 36898 | N31: 36258 | O31: 30555 | P31: 29714 | Q31: 20343 | R31: 0 | S31: 6194 | T31: 9670 | U31: 14884 | V31: 10629 | W31: 23526 | X31: =W31+X7-X20 -> 26076 | Y31: =X31+Y7-Y20 -> 22023 | Z31: =Y31+Z7-Z20 -> 17889 | AA31: =Z31+AA7-AA20 -> 13672 | AB31: =AA31+AB7-AB20 -> 9413 | AC31: =AB31+AC7-AC20 -> 11362 | AD31: =AC31+AD7-AD20 -> 13486 | AE31: =AD31+AE7-AE20 -> 9190 | ... AH31: =AG31+AH7-AH20 -> -4041
A32: 8799 | B32: 286 | C32: 1020 | D32: 198 | E32: 0 | F32: =A32+B32+C32+D32+E32 -> 10303 | G32: =F32-(X21/31*11) -> 9909.8387 | H32: =X32-G32 -> -195.83871 | L32: 3 | M32: 9504 | N32: 13528 | O32: 11315 | P32: 9370 | Q32: 5587 | R32: 3807 | S32: 2641 | T32: 1780 | U32: 7358 | V32: 5628 | W32: 5062 | X32: =W32+X8-X21 -> 9714 | Y32: =X32+Y8-Y21 -> 8640 | Z32: =Y32+Z8-Z21 -> 7555 | AA32: =Z32+AA8-AA21 -> 6459 | AB32: =AA32+AB8-AB21 -> 5352 | AC32: =AB32+AC8-AC21 -> 4234 | AD32: =AC32+AD8-AD21 -> 3138 | AE32: =AD32+AE8-AE21 -> 2031 | ... AH32: =AG32+AH8-AH21 -> -1311
A33: 17071 | B33: 0 | C33: 1760 | D33: 0 | E33: 1387 | F33: =A33+B33+C33+D33+E33 -> 20218 | G33: =F33-(X22/31*11) -> 7556.6452 | H33: =X33-G33 -> -1588.6452 | K33: PF | L33: 1 | M33: 30317 | N33: 28612 | O33: 34273 | P33: 12108 | Q33: 47968 | R33: 45113 | S33: 49297 | T33: 28221 | U33: 42865 | V33: 38482 | W33: 23218 | X33: =W33+X9-X22 -> 5968 | Y33: =X33+Y9-Y22 -> 51316 | Z33: =Y33+Z9-Z22 -> 36364 | AA33: =Z33+AA9-AA22 -> 48001 | AB33: =AA33+AB9-AB22 -> 38963 | AC33: =AB33+AC9-AC22 -> 76802 | AD33: =AC33+AD9-AD22 -> 96596 | AE33: =AD33+AE9-AE22 -> 58034 | ... AH33: =AG33+AH9-AH22 -> -62341
A34: 31105 | B34: 0 | C34: 2352 | D34: 5 | E34: 899 | F34: =A34+B34+C34+D34+E34 -> 34361 | G34: =F34-(X23/31*11) -> 28194.968 | H34: =X34-G34 -> 1077.0323 | L34: 2 | M34: 44579 | N34: 33292 | O34: 36167 | P34: 26193 | Q34: 43047 | R34: 51471 | S34: 39515 | T34: 33519 | U34: 18531 | V34: 6669 | W34: 37433 | X34: =W34+X10-X23 -> 29272 | Y34: =X34+Y10-Y23 -> 38285 | Z34: =Y34+Z10-Z23 -> 32086 | AA34: =Z34+AA10-AA23 -> 38554 | AB34: =AA34+AB10-AB23 -> 30525 | AC34: =AB34+AC10-AC23 -> 37665 | AD34: =AC34+AD10-AD23 -> 52288 | AE34: =AD34+AE10-AE23 -> 31952 | ... AH34: =AG34+AH10-AH23 -> -31318
A35: 6193 | B35: 115 | C35: 1788 | D35: 7 | E35: 0 | F35: =A35+B35+C35+D35+E35 -> 8103 | G35: =F35-(X24/31*11) -> 6776.6129 | H35: =X35-G35 -> -47.612903 | L35: 3 | M35: 16866 | N35: 13727 | O35: 19729 | P35: 16406 | Q35: 12636 | R35: 18546 | S35: 16659 | T35: 14687 | U35: 11366 | V35: 8797 | W35: 10467 | X35: =W35+X11-X24 -> 6729 | Y35: =X35+Y11-Y24 -> 5490 | Z35: =Y35+Z11-Z24 -> 1790 | AA35: =Z35+AA11-AA24 -> 5721 | AB35: =AA35+AB11-AB24 -> 6320 | AC35: =AB35+AC11-AC24 -> 9955 | AD35: =AC35+AD11-AD24 -> 6367 | AE35: =AD35+AE11-AE24 -> 2743 | ... AH35: =AG35+AH11-AH24 -> -8346
F36: =A36+B36+C36+D36+E36 -> 0 | G36: =F36-(X25/31*11) -> -124.90323 | H36: =X36-G36 -> 33795.903 | K36: FORTIFIT | L36: VANILLA | P36: =O36+P12-P25 -> 6912 | Q36: 45869 | R36: 11717 | S36: 11671 | T36: 11347 | U36: 22844 | V36: 34353 | W36: 34023 | X36: =W36+X12-X25 -> 33671 | Y36: =X36+Y12-Y25 -> 33291 | Z36: =Y36+Z12-Z25 -> 32903 | AA36: =Z36+AA12-AA25 -> 32511 | AB36: =AA36+AB12-AB25 -> 32111 | AC36: =AB36+AC12-AC25 -> 31700 | AD36: =AC36+AD12-AD25 -> 31276 | AE36: =AD36+AE12-AE25 -> 30856 | ... AH36: =AG36+AH12-AH25 -> 29555
K37: Total | M37: =SUM(M30:M35) -> 169008 | N37: =SUM(N30:N35) -> 146086 | O37: =SUM(O30:O35) -> 149089 | P37: =SUM(P30:P35) -> 107476 | Q37: =SUM(Q30:Q36) -> 186073 | R37: =SUM(R30:R36) -> 134556 | S37: =SUM(S30:S36) -> 135578 | T37: =SUM(T30:T36) -> 102831 | U37: =SUM(U30:U36) -> 156909 | V37: =SUM(V30:V36) -> 147000 | W37: =SUM(W30:W36) -> 181198 | X37: =SUM(X30:X36) -> 150365 | ... AH37: =SUM(AH30:AH36) -> -88918
L38: 적정재고수준 | M38: 재고월수X 실제 재고량으로 확인 필요
J39: Stock Level(Month) | M39: Sep. | N39: Oct. | O39: Nov. | P39: Dec. | Q39: Jan. | R39: Feb. | S39: Mar. | T39: Apr. | U39: May. | V39: Jun. | W39: July. | X39: Aug. | Y39: Sept. | Z39: Oct. | AA39: Nov. | AB39: Dec. | AC39: Jan. | AD39: Feb. | AE39: Mar. | AF39: Apr. | AG39: May. | AH39: Jun.
J40: Stock month by SKU | K40: PN | L40: 1 | M40: =M30/M19 -> 3.0565851 | N40: =N30/N19 -> 2.03235 | O40: =O30/O19 -> 1.6348643 | P40: =P30/P19 -> 1.2986335 | Q40: =Q30/Q19 -> 0.97799669 | R40: =R30/R19 -> 0.53415469 | S40: =S30/S19 -> 1.1983275 | T40: =T30/T19 -> 0.53405389 | ... AH40: =AH30/AH19 -> -1.2307352
L41: 2 | M41: =M31/M20 -> 6.0006505 | N41: =N31/N20 -> 5.3375534 | O41: =O31/O20 -> 4.5912847 | P41: =P31/P20 -> 4.4086053 | Q41: =Q31/Q20 -> 3.0604784 | R41: =R31/R20 -> 0 | S41: =S31/S20 -> 10.534014 | T41: =T31/T20 -> 4.6714976 | ... AH41: =AH31/AH20 -> -0.92260274
L42: 3 | M42: =M32/M21 -> 4.8121519 | N42: =N32/N21 -> 6.4603629 | O42: =O32/O21 -> 5.3855307 | P42: =P32/P21 -> 4.7977471 | Q42: =Q32/Q21 -> 2.9529598 | R42: =R32/R21 -> 2.1327731 | S42: =S32/S21 -> 1.3740895 | T42: =T32/T21 -> 1.2651031 | ... AH42: =AH32/AH21 -> -1.1972603
K43: PF | L43: 1 | M43: =M33/M22 -> 1.1485887 | N43: =N33/N22 -> 1.5863828 | O43: =O33/O22 -> 1.7515715 | P43: =P33/P22 -> 0.55605052 | Q43: =Q33/Q22 -> 1.9908691 | R43: =R33/R22 -> 2.2156574 | S43: =S33/S22 -> 2.2504908 | T43: =T33/T22 -> 1.2658563 | ... AH43: =AH33/AH22 -> -1.5234104
L44: 2 | M44: =M34/M23 -> 4.652369 | N44: =N34/N23 -> 3.0166727 | O44: =O34/O23 -> 3.5801821 | P44: =P34/P23 -> 2.4617481 | Q44: =Q34/Q23 -> 3.7419159 | R44: =R34/R23 -> 5.0279379 | S44: =S34/S23 -> 2.8322104 | T44: =T34/T23 -> 2.4635455 | ... AH44: =AH34/AH23 -> -1.465581
L45: 3 | M45: =M35/M24 -> 5.8542173 | N45: =N35/N24 -> 4.4859477 | O45: =O35/O24 -> 6.3478121 | P45: =P35/P24 -> 5.1721311 | Q45: =Q35/Q24 -> 3.8903941 | R45: =R35/R24 -> 7.5206813 | S45: =S35/S24 -> 5.7464643 | T45: =T35/T24 -> 5.3837977 | ... AH45: =AH35/AH24 -> -2.2357353
K46: FORTIFIT | L46: VANILLA | V46: =V36/V25 -> 119.69686 | W46: =W36/W25 -> 103.41337 | X46: =X36/X25 -> 95.65625 | Y46: =Y36/Y25 -> 87.607895 | Z46: =Z36/Z25 -> 84.801546 | AA46: =AA36/AA25 -> 82.936224 | AB46: =AB36/AB25 -> 80.2775 | AC46: =AC36/AC25 -> 77.128954 | ... AH46: =AH36/AH25 -> 68.414352
K47: Total | M47: =AVERAGE(M40:M45) -> 4.2540938 | N47: =AVERAGE(N40:N45) -> 3.8198783 | O47: =AVERAGE(O40:O45) -> 3.8818743 | P47: =AVERAGE(P40:P45) -> 3.1158193 | Q47: =AVERAGE(Q40:Q46) -> 2.7691023 | R47: =AVERAGE(R40:R46) -> 2.9052007 | S47: =AVERAGE(S40:S46) -> 3.989266 | T47: =AVERAGE(T40:T46) -> 2.597309 | U47: =AVERAGE(U40:U46) -> 3.6537579 | V47: =AVERAGE(V40:V46) -> 19.821389 | W47: =AVERAGE(W40:W46) -> 17.986596 | X47: =AVERAGE(X40:X46) -> 16.973414 | ... AH47: =AVERAGE(AH40:AH46) -> 8.5484324

Sheet Domestic_2607
I2: ※ Aptamil Domestic Stock Overview
E4: 뉴트리시아 코리아 소통 | I4: 1700 | P4: 2026
A5: SKU | C5: 파렛트 수량 조정 | D5: 파렛트 총합 | E5: 컨테이너 수 | F5: 월평균 출고량 | G5: MOQ (TU) | H5: TU | I5: Supply (arrival) | L5: Sep. | M5: Oct. | N5: Nov. | O5: Dec. | P5: Jan. | Q5: Feb. | R5: Mar. | S5: Apr. | T5: May. | U5: Jun. | V5: July. | W5: Aug. | X5: Sept. | Y5: Oct. | Z5: Nov. | AA5: Dec. | AB5: Jan. | AC5: Feb. | AD5: Mar. | AE5: Apr. | AF5: May.
A6: PN | B6: 1 | C6: 18 | D6: =SUM(C6:C8) -> 22 | E6: =D6/22 -> 1 | F6: =AVERAGE(S19:U19)/4 -> 1901 | G6: 1500 | H6: =AB6/4 -> 2592 | I6: Supply (arrival) | J6: PN | K6: 1 | L6: 12308 | N6: 6072 | O6: 7488 | P6: 11520 | R6: 11948 | T6: 44008 | U6: 11572 | V6: =13320 -> 13320 | Z6: 12672 | AB6: =144*4*C6 -> 10368 | AC6: 6336
B7: 2 | C7: 4 | F7: =AVERAGE(S20:U20)/4 -> 718.58333 | G7: 1500 | H7: =AB7/4 -> 576 | K7: 2 | L7: 5948 | M7: 6336 | N7: 432 | O7: 6252 | P7: 1152 | R7: 7080 | S7: 6336 | T7: 8064 | V7: 17088 | W7: 6772 | AB7: =144*4*C7 -> 2304
B8: 3 | C8: 0 | F8: =AVERAGE(S21:U21)/4 -> 340 | G8: 1500 | H8: =AB8/4 -> 0 | K8: 3 | M8: 6212 | T8: 6912 | V8: 332 | W8: 5760 | AB8: =144*4*C8 -> 0
A9: PF | B9: 1 | C9: 112 | D9: =SUM(C9:C11) -> 192 | E9: =D9/24 -> 8 | F9: =AVERAGE(S22:U22)/4 -> 6009.5 | G9: 2120 | H9: =AB9/4 -> 10752 | J9: PF | K9: 1 | L9: 9216 | M9: 16512 | N9: 24300 | P9: 60572 | Q9: 21560 | R9: 23808 | T9: 39428 | U9: 20880 | V9: 14968 | W9: =31192+19200 -> 50392 | X9: 38400 | Y9: =39552-19200 -> 20352 | Z9: =48000*2-38400 -> 57600 | AA9: 28416 | AB9: =96*4*C9 -> 43008
B10: 2 | C10: 61 | F10: =AVERAGE(S23:U23)/4 -> 3391.3333 | G10: 2280 | H10: =AB10/4 -> 5856 | K10: 2 | N10: 12432 | P10: 30336 | Q10: 21584 | S10: 6528 | V10: =27648 -> 27648 | W10: =21288+7680 -> 28968 | X10: 21120 | Y10: =19200-7680 -> 11520 | Z10: =24896*2-21120 -> 28672 | AA10: 11136 | AB10: =96*4*C10 -> 23424
B11: 3 | C11: 19 | F11: =AVERAGE(S24:U24)/4 -> 648.91667 | G11: 1880 | H11: =AB11/4 -> 1824 | K11: 3 | N11: 8832 | P11: 232 | Q11: 10688 | V11: 3072 | W11: =2424+1520 -> 3944 | Z11: 7520 | AA11: 4224 | AB11: =96*4*C11 -> 7296
J12: FORTIFIT | K12: VANILLA | O12: 6912 | Q12: 5208 | T12: 11628 | U12: 11796
J13: Total | L13: =SUM(L6:L12) -> 27472 | M13: =SUM(M6:M12) -> 29060 | N13: =SUM(N6:N12) -> 52068 | O13: =SUM(O6:O12) -> 20652 | P13: =SUM(P6:P12) -> 103812 | Q13: =SUM(Q6:Q12) -> 59040 | R13: =SUM(R6:R12) -> 42836 | S13: =SUM(S6:S12) -> 12864 | ... AF13: =SUM(AF6:AF12) -> 0
J14: 발주 금액 | L14: =금액!E11 -> 4.457202e+08 | M14: =금액!F11 -> 3.0657648e+08 | N14: =금액!G11 -> 1.5969699e+08 | O14: =금액!H11 -> 3.3539444e+08 | P14: =금액!I11 -> 3.1119442e+08 | Q14: =금액!J11 -> 1208753.5 | R14: =금액!K11 -> 4.6487151e+08 | S14: =금액!L11 -> 1.5476444e+08 | ... AF14: =금액!Y11 -> 0
J15: 발주 금액(KRW) | L15: =L14*$I$4 -> 757724340272 | M15: =M14*$I$4 -> 5.2118001e+11 | N15: =N14*$I$4 -> 2.7148489e+11 | O15: =O14*$I$4 -> 5.7017054e+11 | P15: =P14*$I$4 -> 529030511892 | Q15: =Q14*$I$4 -> 2054880984 | R15: =R14*$I$4 -> 7.9028157e+11 | S15: =S14*$I$4 -> 2.6309955e+11 | ... AF15: =AF14*$I$4 -> 0
L17: Actual | M17: Actual | N17: Actual | O17: Actual | P17: Actual | Q17: Actual | R17: Actual | S17: Actual | T17: Actual | U17: Actual | V17: fcst | W17: fcst | X17: fcst | Y17: fcst | Z17: fcst | AA17: fcst | AB17: fcst | AC17: fcst | AD17: fcst | AE17: fcst | AF17: fcst
I18: Sales | L18: Sept. | M18: Oct. | N18: Nov. | O18: Dec. | P18: Jan. | Q18: Feb. | R18: Mar. | S18: Apr. | T18: May. | U18: Jun. | V18: July. | W18: Aug. | X18: Sept. | Y18: Oct. | Z18: Nov. | AA18: Dec. | AB18: Jan. | AC18: Feb. | AD18: Mar. | AE18: Apr. | AF18: May.
I19: Sales CU | J19: PN | K19: 1 | L19: 10091 | M19: 10170 | N19: 10429 | O19: 10538 | P19: 10862 | Q19: 7305 | R19: 8012 | S19: 6754 | T19: 7920 | U19: 8138 | V19: 8152 | W19: 8397 | X19: 8229 | Y19: 8393 | Z19: 8729 | AA19: 9078 | AB19: 9350 | AC19: 9163 | AD19: 9347 | AE19: 9534 | AF19: 9629
K20: 2 | L20: 6149 | M20: 6793 | N20: 6655 | O20: 6740 | P20: 6647 | Q20: 1972 | R20: 588 | S20: 2070 | T20: 2887 | U20: 3666 | V20: 3876 | W20: 3954 | X20: 3835 | Y20: 3912 | Z20: 3990 | AA20: 4030 | AB20: 4151 | AC20: 3985 | AD20: 4064 | AE20: 4146 | AF20: 4229
K21: 3 | L21: 1975 | M21: 2094 | N21: 2101 | O21: 1953 | P21: 1892 | Q21: 1785 | R21: 1922 | S21: 1407 | T21: 1512 | U21: 1161 | V21: 1115 | W21: 1148 | X21: 1137 | Y21: 1148 | Z21: 1171 | AA21: 1195 | AB21: 1207 | AC21: 1219 | AD21: 1231 | AE21: 1243 | AF21: 1256
J22: PF | K22: 1 | L22: 26395 | M22: 18036 | N22: 19567 | O22: 21775 | P22: 24094 | Q22: 20361 | R22: 21905 | S22: 22294 | T22: 24686 | U22: 25134 | V22: 26860 | W22: 29277 | X22: 28692 | Y22: 29840 | Z22: 32525 | AA22: 35127 | AB22: 36532 | AC22: 35802 | AD22: 36518 | AE22: 37248 | AF22: 37993
K23: 2 | L23: 9582 | M23: 11036 | N23: 10102 | O23: 10640 | P23: 11504 | Q23: 10237 | R23: 13952 | S23: 13606 | T23: 14459 | U23: 12631 | V23: 14719 | W23: 16044 | X23: 16365 | Y23: 16856 | Z23: 17867 | AA23: 18760 | AB23: 19511 | AC23: 19706 | AD23: 20100 | AE23: 20502 | AF23: 20912
K24: 3 | L24: 2881 | M24: 3060 | N24: 3108 | O24: 3172 | P24: 3248 | Q24: 2466 | R24: 2899 | S24: 2728 | T24: 2877 | U24: 2182 | V24: 3191 | W24: 3223 | X24: 3255 | Y24: 3288 | Z24: 3353 | AA24: 3421 | AB24: 3455 | AC24: 3489 | AD24: 3524 | AE24: 3559 | AF24: 3595
J25: FORTIFIT | K25: VANILLA | P25: 284 | Q25: 129 | R25: 22 | S25: 298 | T25: 133 | U25: 287 | V25: 296 | W25: 313 | X25: 354 | Y25: 343 | Z25: 350 | AA25: 357 | AB25: 372 | AC25: 383 | AD25: 379 | AE25: 387 | AF25: 398
J26: Total | L26: =SUM(L19:L24) -> 57073 | M26: =SUM(M19:M24) -> 51189 | N26: =SUM(N19:N24) -> 51962 | O26: =SUM(O19:O24) -> 54818 | P26: =SUM(P19:P25) -> 58531 | Q26: =SUM(Q19:Q25) -> 44255 | R26: =SUM(R19:R25) -> 49300 | S26: =SUM(S19:S25) -> 49157 | T26: =SUM(T19:T25) -> 54474 | U26: =SUM(U19:U25) -> 53199 | V26: =SUM(V19:V25) -> 58209 | W26: =SUM(W19:W25) -> 62356 | ... AF26: =SUM(AF19:AF25) -> 78012
U27: =SUM(U19:U24) -> 52912 | V27: =SUM(V19:V24) -> 57913 | W27: =SUM(W19:W24) -> 62043 | X27: =SUM(X19:X24) -> 61513 | Y27: =SUM(Y19:Y24) -> 63437 | Z27: =SUM(Z19:Z24) -> 67635 | AA27: =SUM(AA19:AA24) -> 71611 | AB27: =SUM(AB19:AB24) -> 74206 | ... AF27: =SUM(AF19:AF24) -> 77614
A29: 용인 | B29: CJ | C29: 디앤비 | D29: 아르고 | E29: 7/22 기말재고 | F29: 예상 기말재고 | I29: Stock(CU) | L29: Sep. | M29: Oct. | N29: Nov. | O29: Dec. | P29: Jan. | Q29: Feb. | R29: Mar. | S29: Apr. | T29: May. | U29: Jun. | V29: July. | W29: Aug. | X29: Sept. | Y29: Oct. | Z29: Nov. | AA29: Dec. | AB29: Jan. | AC29: Feb. | AD29: Mar. | AE29: Apr. | AF29: May.
A30: 47282 | B30: 797 | C30: 2036 | D30: 190 | E30: =A30+B30+C30+D30 -> 50305 | F30: =E30-(V19/31*9) -> 47938.29 | G30: =V30-F30 -> 0 | I30: Stock(CU) | J30: PN | K30: 1 | L30: 30844 | M30: 20669 | N30: 17050 | O30: 13685 | P30: 10623 | Q30: 3902 | R30: 9601 | S30: 3607 | T30: 39061 | U30: 42442 | V30: 47938.29 | W30: =V30+W6-W19 -> 39541.29 | X30: =W30+X6-X19 -> 31312.29 | Y30: =X30+Y6-Y19 -> 22919.29 | Z30: =Y30+Z6-Z19 -> 26862.29 | AA30: =Z30+AA6-AA19 -> 17784.29 | AB30: =AA30+AB6-AB19 -> 18802.29 | AC30: =AB30+AC6-AC19 -> 15975.29 | AD30: =AC30+AD6-AD19 -> 6628.2903 | ... AF30: =AE30+AF6-AF19 -> -12534.71
A31: 20378 | B31: 751 | C31: 3212 | D31: 350 | E31: =A31+B31+C31+D31 -> 24691 | F31: =E31-(V20/31*9) -> 23565.71 | G31: =V31-F31 -> 0 | K31: 2 | L31: 36898 | M31: 36258 | N31: 30555 | O31: 29714 | P31: 20343 | Q31: 0 | R31: 6194 | S31: 9670 | T31: 14884 | U31: 10629 | V31: 23565.71 | W31: =V31+W7-W20 -> 26383.71 | X31: =W31+X7-X20 -> 22548.71 | Y31: =X31+Y7-Y20 -> 18636.71 | Z31: =Y31+Z7-Z20 -> 14646.71 | AA31: =Z31+AA7-AA20 -> 10616.71 | AB31: =AA31+AB7-AB20 -> 8769.7097 | AC31: =AB31+AC7-AC20 -> 4784.7097 | AD31: =AC31+AD7-AD20 -> 720.70968 | ... AF31: =AE31+AF7-AF20 -> -7654.2903
A32: 3593 | B32: 415 | C32: 1012 | D32: 252 | E32: =A32+B32+C32+D32 -> 5272 | F32: =E32-(V21/31*9) -> 4948.2903 | G32: =V32-F32 -> 0 | K32: 3 | L32: 9504 | M32: 13528 | N32: 11315 | O32: 9370 | P32: 5587 | Q32: 3807 | R32: 2641 | S32: 1780 | T32: 7358 | U32: 5628 | V32: 4948.2903 | W32: =V32+W8-W21 -> 9560.2903 | X32: =W32+X8-X21 -> 8423.2903 | Y32: =X32+Y8-Y21 -> 7275.2903 | Z32: =Y32+Z8-Z21 -> 6104.2903 | AA32: =Z32+AA8-AA21 -> 4909.2903 | AB32: =AA32+AB8-AB21 -> 3702.2903 | AC32: =AB32+AC8-AC21 -> 2483.2903 | AD32: =AC32+AD8-AD21 -> 1252.2903 | ... AF32: =AE32+AF8-AF21 -> -1246.7097
A33: 28740 | B33: 2335 | C33: 2960 | D33: 597 | E33: =A33+B33+C33+D33 -> 34632 | F33: =E33-(V22/31*9) -> 26833.935 | G33: =V33-F33 -> 0 | J33: PF | K33: 1 | L33: 30317 | M33: 28612 | N33: 34273 | O33: 12108 | P33: 47968 | Q33: 45113 | R33: 49297 | S33: 28221 | T33: 42865 | U33: 38482 | V33: 26833.935 | W33: =V33+W9-W22 -> 47948.935 | X33: =W33+X9-X22 -> 57656.935 | Y33: =X33+Y9-Y22 -> 48168.935 | Z33: =Y33+Z9-Z22 -> 73243.935 | AA33: =Z33+AA9-AA22 -> 66532.935 | AB33: =AA33+AB9-AB22 -> 73008.935 | AC33: =AB33+AC9-AC22 -> 37206.935 | AD33: =AC33+AD9-AD22 -> 688.93548 | ... AF33: =AE33+AF9-AF22 -> -74552.065
A34: 18843 | B34: 668 | C34: 4528 | D34: 493 | E34: =A34+B34+C34+D34 -> 24532 | F34: =E34-(V23/31*9) -> 20258.742 | G34: =V34-F34 -> 0 | K34: 2 | L34: 44579 | M34: 33292 | N34: 36167 | O34: 26193 | P34: 43047 | Q34: 51471 | R34: 39515 | S34: 33519 | T34: 18531 | U34: 6669 | V34: 20258.742 | W34: =V34+W10-W23 -> 33182.742 | X34: =W34+X10-X23 -> 37937.742 | Y34: =X34+Y10-Y23 -> 32601.742 | Z34: =Y34+Z10-Z23 -> 43406.742 | AA34: =Z34+AA10-AA23 -> 35782.742 | AB34: =AA34+AB10-AB23 -> 39695.742 | AC34: =AB34+AC10-AC23 -> 19989.742 | AD34: =AC34+AD10-AD23 -> -110.25806 | ... AF34: =AE34+AF10-AF23 -> -41524.258
A35: 7533 | B35: 342 | C35: 1628 | D35: 291 | E35: =A35+B35+C35+D35 -> 9794 | F35: =E35-(V24/31*9) -> 8867.5806 | G35: =V35-F35 -> 0 | K35: 3 | L35: 16866 | M35: 13727 | N35: 19729 | O35: 16406 | P35: 12636 | Q35: 18546 | R35: 16659 | S35: 14687 | T35: 11366 | U35: 8797 | V35: 8867.5806 | W35: =V35+W11-W24 -> 9588.5806 | X35: =W35+X11-X24 -> 6333.5806 | Y35: =X35+Y11-Y24 -> 3045.5806 | Z35: =Y35+Z11-Z24 -> 7212.5806 | AA35: =Z35+AA11-AA24 -> 8015.5806 | AB35: =AA35+AB11-AB24 -> 11856.581 | AC35: =AB35+AC11-AC24 -> 8367.5806 | AD35: =AC35+AD11-AD24 -> 4843.5806 | ... AF35: =AE35+AF11-AF24 -> -2310.4194
A36: 34043 | B36: 0 | C36: 0 | D36: 0 | E36: =A36+B36+C36+D36 -> 34043 | F36: =E36-(V25/31*9) -> 33957.065 | G36: =V36-F36 -> 0 | J36: FORTIFIT | K36: VANILLA | O36: =N36+O12-O25 -> 6912 | P36: 45869 | Q36: 11717 | R36: 11671 | S36: 11347 | T36: 22844 | U36: 34353 | V36: 33957.065 | W36: =V36+W12-W25 -> 33644.065 | X36: =W36+X12-X25 -> 33290.065 | Y36: =X36+Y12-Y25 -> 32947.065 | Z36: =Y36+Z12-Z25 -> 32597.065 | AA36: =Z36+AA12-AA25 -> 32240.065 | AB36: =AA36+AB12-AB25 -> 31868.065 | AC36: =AB36+AC12-AC25 -> 31485.065 | AD36: =AC36+AD12-AD25 -> 31106.065 | ... AF36: =AE36+AF12-AF25 -> 30321.065
J37: Total | L37: =SUM(L30:L35) -> 169008 | M37: =SUM(M30:M35) -> 146086 | N37: =SUM(N30:N35) -> 149089 | O37: =SUM(O30:O35) -> 107476 | P37: =SUM(P30:P36) -> 186073 | Q37: =SUM(Q30:Q36) -> 134556 | R37: =SUM(R30:R36) -> 135578 | S37: =SUM(S30:S36) -> 102831 | T37: =SUM(T30:T36) -> 156909 | U37: =SUM(U30:U36) -> 147000 | V37: =SUM(V30:V36) -> 166369.61 | W37: =SUM(W30:W36) -> 199849.61 | ... AF37: =SUM(AF30:AF36) -> -109501.39
K38: 적정재고수준 | L38: 재고월수X 실제 재고량으로 확인 필요
I39: Stock Level(Month) | L39: Sep. | M39: Oct. | N39: Nov. | O39: Dec. | P39: Jan. | Q39: Feb. | R39: Mar. | S39: Apr. | T39: May. | U39: Jun. | V39: July. | W39: Aug. | X39: Sept. | Y39: Oct. | Z39: Nov. | AA39: Dec. | AB39: Jan. | AC39: Feb. | AD39: Mar. | AE39: Apr. | AF39: May.
I40: Stock month by SKU | J40: PN | K40: 1 | L40: =L30/L19 -> 3.0565851 | M40: =M30/M19 -> 2.03235 | N40: =N30/N19 -> 1.6348643 | O40: =O30/O19 -> 1.2986335 | P40: =P30/P19 -> 0.97799669 | Q40: =Q30/Q19 -> 0.53415469 | R40: =R30/R19 -> 1.1983275 | S40: =S30/S19 -> 0.53405389 | ... AF40: =AF30/AF19 -> -1.3017665
K41: 2 | L41: =L31/L20 -> 6.0006505 | M41: =M31/M20 -> 5.3375534 | N41: =N31/N20 -> 4.5912847 | O41: =O31/O20 -> 4.4086053 | P41: =P31/P20 -> 3.0604784 | Q41: =Q31/Q20 -> 0 | R41: =R31/R20 -> 10.534014 | S41: =S31/S20 -> 4.6714976 | ... AF41: =AF31/AF20 -> -1.8099528
K42: 3 | L42: =L32/L21 -> 4.8121519 | M42: =M32/M21 -> 6.4603629 | N42: =N32/N21 -> 5.3855307 | O42: =O32/O21 -> 4.7977471 | P42: =P32/P21 -> 2.9529598 | Q42: =Q32/Q21 -> 2.1327731 | R42: =R32/R21 -> 1.3740895 | S42: =S32/S21 -> 1.2651031 | ... AF42: =AF32/AF21 -> -0.99260325
J43: PF | K43: 1 | L43: =L33/L22 -> 1.1485887 | M43: =M33/M22 -> 1.5863828 | N43: =N33/N22 -> 1.7515715 | O43: =O33/O22 -> 0.55605052 | P43: =P33/P22 -> 1.9908691 | Q43: =Q33/Q22 -> 2.2156574 | R43: =R33/R22 -> 2.2504908 | S43: =S33/S22 -> 1.2658563 | ... AF43: =AF33/AF22 -> -1.9622579
K44: 2 | L44: =L34/L23 -> 4.652369 | M44: =M34/M23 -> 3.0166727 | N44: =N34/N23 -> 3.5801821 | O44: =O34/O23 -> 2.4617481 | P44: =P34/P23 -> 3.7419159 | Q44: =Q34/Q23 -> 5.0279379 | R44: =R34/R23 -> 2.8322104 | S44: =S34/S23 -> 2.4635455 | ... AF44: =AF34/AF23 -> -1.9856665
K45: 3 | L45: =L35/L24 -> 5.8542173 | M45: =M35/M24 -> 4.4859477 | N45: =N35/N24 -> 6.3478121 | O45: =O35/O24 -> 5.1721311 | P45: =P35/P24 -> 3.8903941 | Q45: =Q35/Q24 -> 7.5206813 | R45: =R35/R24 -> 5.7464643 | S45: =S35/S24 -> 5.3837977 | ... AF45: =AF35/AF24 -> -0.64267576
J46: FORTIFIT | K46: VANILLA | U46: =U36/U25 -> 119.69686 | V46: =V36/V25 -> 114.71981 | W46: =W36/W25 -> 107.48902 | X46: =X36/X25 -> 94.03973 | Y46: =Y36/Y25 -> 96.055582 | Z46: =Z36/Z25 -> 93.13447 | AA46: =AA36/AA25 -> 90.308304 | AB46: =AB36/AB25 -> 85.66684 | ... AF46: =AF36/AF25 -> 76.183579
J47: Total | L47: =AVERAGE(L40:L45) -> 4.2540938 | M47: =AVERAGE(M40:M45) -> 3.8198783 | N47: =AVERAGE(N40:N45) -> 3.8818743 | O47: =AVERAGE(O40:O45) -> 3.1158193 | P47: =AVERAGE(P40:P46) -> 2.7691023 | Q47: =AVERAGE(Q40:Q46) -> 2.9052007 | R47: =AVERAGE(R40:R46) -> 3.989266 | S47: =AVERAGE(S40:S46) -> 2.597309 | T47: =AVERAGE(T40:T46) -> 3.6537579 | U47: =AVERAGE(U40:U46) -> 19.821389 | V47: =AVERAGE(V40:V46) -> 19.467505 | W47: =AVERAGE(W40:W46) -> 19.125642 | ... AF47: =AVERAGE(AF40:AF46) -> 9.6412366

Sheet Domestic_2606
I2: ※ Aptamil Domestic Stock Overview | V2: =7680/4 -> 1920 | W2: =4800*4 -> 19200 | Y2: 12848 | Z2: =24896/4 -> 6224
V3: =V2*4 -> 7680 | Y3: =Y2*4 -> 51392
E4: 뉴트리시아 코리아 소통 | I4: 1750 | P4: 2026
C5: 파렛트 수량 조정 | E5: 컨테이너 수 | F5: 월평균 출고량 | G5: moq | H5: TU | I5: Supply (arrival) | L5: Sep. | M5: Oct. | N5: Nov. | O5: Dec. | P5: Jan. | Q5: Feb. | R5: Mar. | S5: Apr. | T5: May. | U5: Jun. | V5: July. | W5: Aug. | X5: Sept. | Y5: Oct. | Z5: Nov. | AA5: Dec. | AB5: Jan. | AC5: Feb. | AD5: Mar. | AE5: Apr. | AF5: May.
A6: PN | B6: 1 | C6: 0 | D6: =SUM(C6:C8) -> 0 | E6: =D6/22 -> 0 | G6: 1500 | H6: =AA6/4 -> 0 | I6: Supply (arrival) | J6: PN | K6: 1 | L6: 12308 | N6: 6072 | O6: 7488 | P6: 11520 | R6: 11948 | T6: 44008 | U6: 11572 | V6: =13320 -> 13320 | Z6: 12672 | AA6: =144*4*C6 -> 0 | AB6: 18000 | AC6: 12000
B7: 2 | C7: 0 | G7: 1500 | H7: =AA7/4 -> 0 | K7: 2 | L7: 5948 | M7: 6336 | N7: 432 | O7: 6252 | P7: 1152 | R7: 7080 | S7: 6336 | T7: 8064 | V7: 17088 | W7: 6772 | AA7: =144*4*C7 -> 0
B8: 3 | C8: 0 | G8: 1500 | H8: =AA8/4 -> 0 | K8: 3 | M8: 6212 | T8: 6912 | V8: 332 | W8: 5760 | AA8: =144*4*C8 -> 0 | AB8: 6000
A9: PF | B9: 1 | C9: 74 | D9: =SUM(C9:C11) -> 114 | E9: =(D9-18)/24+1 -> 5 | G9: 2120 | H9: =AA9/4 -> 7104 | J9: PF | K9: 1 | L9: 9216 | M9: 16512 | N9: 24300 | P9: 60572 | Q9: 21560 | R9: 23808 | T9: 39428 | U9: 20880 | V9: 14968 | W9: =31192+19200 -> 50392 | X9: 38400 | Y9: =39552-19200 -> 20352 | Z9: =48000*2-38400 -> 57600 | AA9: =96*4*C9 -> 28416 | AB9: 26000
B10: 2 | C10: 29 | G10: 2280 | H10: =AA10/4 -> 2784 | K10: 2 | N10: 12432 | P10: 30336 | Q10: 21584 | S10: 6528 | V10: =27648 -> 27648 | W10: =7680+21288 -> 28968 | X10: 21120 | Y10: =19200-7680 -> 11520 | Z10: =24896*2-21120 -> 28672 | AA10: =96*4*C10 -> 11136 | AB10: 18000
B11: 3 | C11: 11 | G11: 1880 | H11: =AA11/4 -> 1056 | K11: 3 | N11: 8832 | P11: 232 | Q11: 10688 | V11: 3072 | W11: =2424+1520 -> 3944 | Z11: 7520 | AA11: =96*4*C11 -> 4224 | AB11: 3000
J12: FORTIFIT | K12: VANILLA | O12: 6912 | Q12: 5208 | T12: 11628 | U12: 11796
C13: AMN 4파렛트 배정 (ELN 18파렛트) + 24파렛트 기준 | J13: Total | L13: =SUM(L6:L12) -> 27472 | M13: =SUM(M6:M12) -> 29060 | N13: =SUM(N6:N12) -> 52068 | O13: =SUM(O6:O12) -> 20652 | P13: =SUM(P6:P12) -> 103812 | Q13: =SUM(Q6:Q12) -> 59040 | R13: =SUM(R6:R12) -> 42836 | S13: =SUM(S6:S12) -> 12864 | ... AF13: =SUM(AF6:AF12) -> 0
J14: 발주 금액 | L14: =금액!E11 -> 4.457202e+08 | M14: =금액!F11 -> 3.0657648e+08 | N14: =금액!G11 -> 1.5969699e+08 | O14: =금액!H11 -> 3.3539444e+08 | P14: =금액!I11 -> 3.1119442e+08 | Q14: =금액!J11 -> 1208753.5 | R14: =금액!K11 -> 4.6487151e+08 | S14: =금액!L11 -> 1.5476444e+08 | ... AF14: =금액!Y11 -> 0
J15: 발주 금액(KRW) | L15: =L14*$I$4 -> 780010350280 | M15: =M14*$I$4 -> 5.3650884e+11 | N15: =N14*$I$4 -> 2.7946974e+11 | O15: =O14*$I$4 -> 5.8694027e+11 | P15: =P14*$I$4 -> 544590232830 | Q15: =Q14*$I$4 -> 2115318660 | R15: =R14*$I$4 -> 8.1352515e+11 | S15: =S14*$I$4 -> 2.7083778e+11 | ... AF15: =AF14*$I$4 -> 0
L17: Actual | M17: Actual | N17: Actual | O17: Actual | P17: Actual | Q17: Actual | R17: Actual | S17: Actual | T17: Actual | U17: fcst | V17: fcst | W17: fcst | X17: fcst | Y17: fcst | Z17: fcst | AA17: fcst | AB17: fcst | AC17: fcst | AD17: fcst | AE17: fcst | AF17: fcst
I18: Sales | L18: Sept. | M18: Oct. | N18: Nov. | O18: Dec. | P18: Jan. | Q18: Feb. | R18: Mar. | S18: Apr. | T18: May. | U18: Jun. | V18: July. | W18: Aug. | X18: Sept. | Y18: Oct. | Z18: Nov. | AA18: Dec. | AB18: Jan. | AC18: Feb. | AD18: Mar. | AE18: Apr. | AF18: May.
I19: Sales CU | J19: PN | K19: 1 | L19: 10091 | M19: 10170 | N19: 10429 | O19: 10538 | P19: 10862 | Q19: 7305 | R19: 8012 | S19: 6754 | T19: 7920 | U19: 7623 | V19: 7928 | W19: 8086 | X19: 8248 | Y19: 8413 | Z19: 8581 | AA19: 8667 | AB19: 8927 | AC19: 9195 | AD19: 9379
K20: 2 | L20: 6149 | M20: 6793 | N20: 6655 | O20: 6740 | P20: 6647 | Q20: 1972 | R20: 588 | S20: 2070 | T20: 2887 | U20: 3129 | V20: 3223 | W20: 3287 | X20: 3353 | Y20: 3420 | Z20: 3523 | AA20: 3628 | AB20: 3701 | AC20: 3775 | AD20: 3851
K21: 3 | L21: 1975 | M21: 2094 | N21: 2101 | O21: 1953 | P21: 1892 | Q21: 1785 | R21: 1922 | S21: 1407 | T21: 1512 | U21: 1272 | V21: 1297 | W21: 1336 | X21: 1363 | Y21: 1377 | Z21: 1404 | AA21: 1432 | AB21: 1447 | AC21: 1461 | AD21: 1476
J22: PF | K22: 1 | L22: 26395 | M22: 18036 | N22: 19567 | O22: 21775 | P22: 24094 | Q22: 20361 | R22: 21905 | S22: 22294 | T22: 24686 | U22: 24960 | V22: 25958 | W22: 26737 | X22: 27005 | Y22: 27545 | Z22: 28646 | AA22: 29219 | AB22: 29804 | AC22: 30102 | AD22: 30704
K23: 2 | L23: 9582 | M23: 11036 | N23: 10102 | O23: 10640 | P23: 11504 | Q23: 10237 | R23: 13952 | S23: 13606 | T23: 14459 | U23: 12814 | V23: 13839 | W23: 14254 | X23: 14539 | Y23: 14830 | Z23: 15720 | AA23: 16192 | AB23: 16515 | AC23: 16681 | AD23: 16847
K24: 3 | L24: 2881 | M24: 3060 | N24: 3108 | O24: 3172 | P24: 3248 | Q24: 2466 | R24: 2899 | S24: 2728 | T24: 2877 | U24: 2935 | V24: 3023 | W24: 3053 | X24: 3084 | Y24: 3115 | Z24: 3177 | AA24: 3209 | AB24: 3241 | AC24: 3273 | AD24: 3306
J25: FORTIFIT | K25: VANILLA | P25: 284 | Q25: 129 | R25: 22 | S25: 298 | T25: 133 | U25: 385 | V25: 397 | W25: 420 | X25: 475 | Y25: 461 | Z25: 470 | AA25: 479 | AB25: 499 | AC25: 513 | AD25: 508
J26: Total | L26: =SUM(L19:L24) -> 57073 | M26: =SUM(M19:M24) -> 51189 | N26: =SUM(N19:N24) -> 51962 | O26: =SUM(O19:O24) -> 54818 | P26: =SUM(P19:P25) -> 58531 | Q26: =SUM(Q19:Q25) -> 44255 | R26: =SUM(R19:R25) -> 49300 | S26: =SUM(S19:S25) -> 49157 | T26: =SUM(T19:T25) -> 54474 | U26: =SUM(U19:U25) -> 53118 | V26: =SUM(V19:V25) -> 55665 | W26: =SUM(W19:W25) -> 57173 | ... AF26: =SUM(AF19:AF25) -> 0
U27: =SUM(U19:U24) -> 52733 | V27: =SUM(V19:V24) -> 55268 | W27: =SUM(W19:W24) -> 56753 | X27: =SUM(X19:X24) -> 57592 | Y27: =SUM(Y19:Y24) -> 58700 | Z27: =SUM(Z19:Z24) -> 61051 | AA27: =SUM(AA19:AA24) -> 62347 | AB27: =SUM(AB19:AB24) -> 63635 | ... AF27: =SUM(AF19:AF24) -> 0
A29: 용인 | B29: CJ | C29: 디앤비 | D29: 아르고 | E29: 7/22 기말재고 | F29: 예상 기말재고 | I29: Stock(CU) | L29: Sep. | M29: Oct. | N29: Nov. | O29: Dec. | P29: Jan. | Q29: Feb. | R29: Mar. | S29: Apr. | T29: May. | U29: Jun. | V29: July. | W29: Aug. | X29: Sept. | Y29: Oct. | Z29: Nov. | AA29: Dec. | AB29: Jan. | AC29: Feb. | AD29: Mar. | AE29: Apr. | AF29: May.
A30: 47282 | B30: 797 | C30: 2036 | D30: 190 | E30: =A30+B30+C30+D30 -> 50305 | F30: =E30-(V19/31*9) -> 48003.323 | G30: =V30-F30 -> -169.32258 | I30: Stock(CU) | J30: PN | K30: 1 | L30: 30844 | M30: 20669 | N30: 17050 | O30: 13685 | P30: 10623 | Q30: 3902 | R30: 9601 | S30: 3607 | T30: 39061 | U30: 42442 | V30: =U30+V6-V19 -> 47834 | W30: =V30+W6-W19 -> 39748 | X30: =W30+X6-X19 -> 31500 | Y30: =X30+Y6-Y19 -> 23087 | Z30: =Y30+Z6-Z19 -> 27178 | AA30: =Z30+AA6-AA19 -> 18511 | AB30: =AA30+AB6-AB19 -> 27584 | AC30: =AB30+AC6-AC19 -> 30389 | ... AF30: =AE30+AF6-AF19 -> 21010
A31: 20378 | B31: 751 | C31: 3212 | D31: 350 | E31: =A31+B31+C31+D31 -> 24691 | F31: =E31-(V20/31*9) -> 23755.29 | G31: =V31-F31 -> 738.70968 | K31: 2 | L31: 36898 | M31: 36258 | N31: 30555 | O31: 29714 | P31: 20343 | Q31: 0 | R31: 6194 | S31: 9670 | T31: 14884 | U31: 10629 | V31: =U31+V7-V20 -> 24494 | W31: =V31+W7-W20 -> 27979 | X31: =W31+X7-X20 -> 24626 | Y31: =X31+Y7-Y20 -> 21206 | Z31: =Y31+Z7-Z20 -> 17683 | AA31: =Z31+AA7-AA20 -> 14055 | AB31: =AA31+AB7-AB20 -> 10354 | AC31: =AB31+AC7-AC20 -> 6579 | ... AF31: =AE31+AF7-AF20 -> 2728
A32: 3593 | B32: 415 | C32: 1012 | D32: 252 | E32: =A32+B32+C32+D32 -> 5272 | F32: =E32-(V21/31*9) -> 4895.4516 | G32: =V32-F32 -> -232.45161 | K32: 3 | L32: 9504 | M32: 13528 | N32: 11315 | O32: 9370 | P32: 5587 | Q32: 3807 | R32: 2641 | S32: 1780 | T32: 7358 | U32: 5628 | V32: =U32+V8-V21 -> 4663 | W32: =V32+W8-W21 -> 9087 | X32: =W32+X8-X21 -> 7724 | Y32: =X32+Y8-Y21 -> 6347 | Z32: =Y32+Z8-Z21 -> 4943 | AA32: =Z32+AA8-AA21 -> 3511 | AB32: =AA32+AB8-AB21 -> 8064 | AC32: =AB32+AC8-AC21 -> 6603 | ... AF32: =AE32+AF8-AF21 -> 5127
A33: 28740 | B33: 2335 | C33: 2960 | D33: 597 | E33: =A33+B33+C33+D33 -> 34632 | F33: =E33-(V22/31*9) -> 27095.806 | G33: =V33-F33 -> 396.19355 | J33: PF | K33: 1 | L33: 30317 | M33: 28612 | N33: 34273 | O33: 12108 | P33: 47968 | Q33: 45113 | R33: 49297 | S33: 28221 | T33: 42865 | U33: 38482 | V33: =U33+V9-V22 -> 27492 | W33: =V33+W9-W22 -> 51147 | X33: =W33+X9-X22 -> 62542 | Y33: =X33+Y9-Y22 -> 55349 | Z33: =Y33+Z9-Z22 -> 84303 | AA33: =Z33+AA9-AA22 -> 83500 | AB33: =AA33+AB9-AB22 -> 79696 | AC33: =AB33+AC9-AC22 -> 49594 | ... AF33: =AE33+AF9-AF22 -> 18890
A34: 18843 | B34: 668 | C34: 4528 | D34: 493 | E34: =A34+B34+C34+D34 -> 24532 | F34: =E34-(V23/31*9) -> 20514.226 | G34: =V34-F34 -> -36.225806 | K34: 2 | L34: 44579 | M34: 33292 | N34: 36167 | O34: 26193 | P34: 43047 | Q34: 51471 | R34: 39515 | S34: 33519 | T34: 18531 | U34: 6669 | V34: =U34+V10-V23 -> 20478 | W34: =V34+W10-W23 -> 35192 | X34: =W34+X10-X23 -> 41773 | Y34: =X34+Y10-Y23 -> 38463 | Z34: =Y34+Z10-Z23 -> 51415 | AA34: =Z34+AA10-AA23 -> 46359 | AB34: =AA34+AB10-AB23 -> 47844 | AC34: =AB34+AC10-AC23 -> 31163 | ... AF34: =AE34+AF10-AF23 -> 14316
A35: 7533 | B35: 342 | C35: 1628 | D35: 291 | E35: =A35+B35+C35+D35 -> 9794 | F35: =E35-(V24/31*9) -> 8916.3548 | G35: =V35-F35 -> -70.354839 | K35: 3 | L35: 16866 | M35: 13727 | N35: 19729 | O35: 16406 | P35: 12636 | Q35: 18546 | R35: 16659 | S35: 14687 | T35: 11366 | U35: 8797 | V35: =U35+V11-V24 -> 8846 | W35: =V35+W11-W24 -> 9737 | X35: =W35+X11-X24 -> 6653 | Y35: =X35+Y11-Y24 -> 3538 | Z35: =Y35+Z11-Z24 -> 7881 | AA35: =Z35+AA11-AA24 -> 8896 | AB35: =AA35+AB11-AB24 -> 8655 | AC35: =AB35+AC11-AC24 -> 5382 | ... AF35: =AE35+AF11-AF24 -> 2076
E36: =A36+B36+C36+D36 -> 0 | F36: =E36-(V25/31*9) -> -115.25806 | G36: =V36-F36 -> 34071.258 | J36: FORTIFIT | K36: VANILLA | O36: =N36+O12-O25 -> 6912 | P36: 45869 | Q36: 11717 | R36: 11671 | S36: 11347 | T36: 22844 | U36: 34353 | V36: =U36+V12-V25 -> 33956 | W36: =V36+W12-W25 -> 33536 | X36: =W36+X12-X25 -> 33061 | Y36: =X36+Y12-Y25 -> 32600 | Z36: =Y36+Z12-Z25 -> 32130 | AA36: =Z36+AA12-AA25 -> 31651 | AB36: =AA36+AB12-AB25 -> 31152 | AC36: =AB36+AC12-AC25 -> 30639 | ... AF36: =AE36+AF12-AF25 -> 30131
J37: Total | L37: =SUM(L30:L35) -> 169008 | M37: =SUM(M30:M35) -> 146086 | N37: =SUM(N30:N35) -> 149089 | O37: =SUM(O30:O35) -> 107476 | P37: =SUM(P30:P36) -> 186073 | Q37: =SUM(Q30:Q36) -> 134556 | R37: =SUM(R30:R36) -> 135578 | S37: =SUM(S30:S36) -> 102831 | T37: =SUM(T30:T36) -> 156909 | U37: =SUM(U30:U36) -> 147000 | V37: =SUM(V30:V36) -> 167763 | W37: =SUM(W30:W36) -> 206426 | ... AF37: =SUM(AF30:AF36) -> 94278
K38: 적정재고수준 | L38: 재고월수X 실제 재고량으로 확인 필요
I39: Stock Level(Month) | L39: Sep. | M39: Oct. | N39: Nov. | O39: Dec. | P39: Jan. | Q39: Feb. | R39: Mar. | S39: Apr. | T39: May. | U39: Jun. | V39: July. | W39: Aug. | X39: Sept. | Y39: Oct. | Z39: Nov. | AA39: Dec. | AB39: Jan. | AC39: Feb. | AD39: Mar. | AE39: Apr. | AF39: May.
I40: Stock month by SKU | J40: PN | K40: 1 | L40: =L30/L19 -> 3.0565851 | M40: =M30/M19 -> 2.03235 | N40: =N30/N19 -> 1.6348643 | O40: =O30/O19 -> 1.2986335 | P40: =P30/P19 -> 0.97799669 | Q40: =Q30/Q19 -> 0.53415469 | R40: =R30/R19 -> 1.1983275 | S40: =S30/S19 -> 0.53405389 | ... AF40: =AF30/AF19 -> #DIV/0!
K41: 2 | L41: =L31/L20 -> 6.0006505 | M41: =M31/M20 -> 5.3375534 | N41: =N31/N20 -> 4.5912847 | O41: =O31/O20 -> 4.4086053 | P41: =P31/P20 -> 3.0604784 | Q41: =Q31/Q20 -> 0 | R41: =R31/R20 -> 10.534014 | S41: =S31/S20 -> 4.6714976 | ... AF41: =AF31/AF20 -> #DIV/0!
K42: 3 | L42: =L32/L21 -> 4.8121519 | M42: =M32/M21 -> 6.4603629 | N42: =N32/N21 -> 5.3855307 | O42: =O32/O21 -> 4.7977471 | P42: =P32/P21 -> 2.9529598 | Q42: =Q32/Q21 -> 2.1327731 | R42: =R32/R21 -> 1.3740895 | S42: =S32/S21 -> 1.2651031 | ... AF42: =AF32/AF21 -> #DIV/0!
J43: PF | K43: 1 | L43: =L33/L22 -> 1.1485887 | M43: =M33/M22 -> 1.5863828 | N43: =N33/N22 -> 1.7515715 | O43: =O33/O22 -> 0.55605052 | P43: =P33/P22 -> 1.9908691 | Q43: =Q33/Q22 -> 2.2156574 | R43: =R33/R22 -> 2.2504908 | S43: =S33/S22 -> 1.2658563 | ... AF43: =AF33/AF22 -> #DIV/0!
K44: 2 | L44: =L34/L23 -> 4.652369 | M44: =M34/M23 -> 3.0166727 | N44: =N34/N23 -> 3.5801821 | O44: =O34/O23 -> 2.4617481 | P44: =P34/P23 -> 3.7419159 | Q44: =Q34/Q23 -> 5.0279379 | R44: =R34/R23 -> 2.8322104 | S44: =S34/S23 -> 2.4635455 | ... AF44: =AF34/AF23 -> #DIV/0!
K45: 3 | L45: =L35/L24 -> 5.8542173 | M45: =M35/M24 -> 4.4859477 | N45: =N35/N24 -> 6.3478121 | O45: =O35/O24 -> 5.1721311 | P45: =P35/P24 -> 3.8903941 | Q45: =Q35/Q24 -> 7.5206813 | R45: =R35/R24 -> 5.7464643 | S45: =S35/S24 -> 5.3837977 | ... AF45: =AF35/AF24 -> #DIV/0!
J46: FORTIFIT | K46: VANILLA
J47: Total | L47: =AVERAGE(L40:L45) -> 4.2540938 | M47: =AVERAGE(M40:M45) -> 3.8198783 | N47: =AVERAGE(N40:N45) -> 3.8818743 | O47: =AVERAGE(O40:O45) -> 3.1158193 | P47: =AVERAGE(P40:P46) -> 2.7691023 | Q47: =AVERAGE(Q40:Q46) -> 2.9052007 | R47: =AVERAGE(R40:R46) -> 3.989266 | S47: =AVERAGE(S40:S46) -> 2.597309 | T47: =AVERAGE(T40:T46) -> 3.6537579 | U47: =AVERAGE(U40:U46) -> 3.0747587 | V47: =AVERAGE(V40:V46) -> 3.7822637 | W47: =AVERAGE(W40:W46) -> 4.6334217 | ... AF47: =AVERAGE(AF40:AF46) -> #DIV/0!

Sheet 내수 입고
A1: 인보이스 발행 날짜 | B1: 인보이스 넘버 | C1: 품목 | D1: 수량(BOX) | E1: 수량(CU) | F1: 입고일 | G1: 입고 예정일 | H1: 비고
A2: W/01/2025 | B2: 20250146 | C2: APTAMIL 1 KOR 4X800G | D2: 6044 | E2: =IF(ISNUMBER(SEARCH("fortimel", C2)), D2*12, D2*4) -> 24176 | F2: 45777
A3: W/01/2025 | B3: 20250701 | C3: APTAMIL 1 KOR 4X800G | D3: 284 | E3: =IF(ISNUMBER(SEARCH("fortimel", C3)), D3*12, D3*4) -> 1136 | F3: 45887
A4: W/01/2025 | B4: 20250452 | C4: APTAMIL 1 KOR 4X800G | D4: 377 | E4: =IF(ISNUMBER(SEARCH("fortimel", C4)), D4*12, D4*4) -> 1508 | F4: 45799
A5: C/01/2025 | B5: 20250145 | C5: APTAMIL PROF 3, KOR 4X800G | D5: 480 | E5: =IF(ISNUMBER(SEARCH("fortimel", C5)), D5*12, D5*4) -> 1920 | F5: 45764
A6: C/01/2025 | B6: 20250367 | C6: APTAMIL PROF 3, KOR 4X800G | D6: 457 | E6: =IF(ISNUMBER(SEARCH("fortimel", C6)), D6*12, D6*4) -> 1828 | F6: 45799
A7: C/01/2025 | B7: 20250720 | C7: APTAMIL PROF 3, KOR 4X800G | D7: 943 | E7: =IF(ISNUMBER(SEARCH("fortimel", C7)), D7*12, D7*4) -> 3772 | F7: 45833
A8: C/01/2025 | B8: 20250145 | C8: APTAMIL PROF 1, KOR 4X800G | D8: 480 | E8: =IF(ISNUMBER(SEARCH("fortimel", C8)), D8*12, D8*4) -> 1920 | F8: 45764
A9: C/01/2025 | B9: 20250367 | C9: APTAMIL PROF 1, KOR 4X800G | D9: 315 | E9: =IF(ISNUMBER(SEARCH("fortimel", C9)), D9*12, D9*4) -> 1260 | F9: 45799
A10: C/01/2025 | B10: 20250720 | C10: APTAMIL PROF 1, KOR 4X800G | D10: 1260 | E10: =IF(ISNUMBER(SEARCH("fortimel", C10)), D10*12, D10*4) -> 5040 | F10: 45833
A11: C/01/2025 | B11: 20250145 | C11: APTAMIL PROF 2, KOR 4X800G | D11: 1330 | E11: =IF(ISNUMBER(SEARCH("fortimel", C11)), D11*12, D11*4) -> 5320 | F11: 45764
A12: W/02/2025 | B12: 20250452 | C12: APTAMIL 2 KOR 4X800G | D12: 1728 | E12: =IF(ISNUMBER(SEARCH("fortimel", C12)), D12*12, D12*4) -> 6912 | F12: 45799
A13: W/02/2025 | B13: 20250452 | C13: APTAMIL 1 KOR 4X800G | D13: 2935 | E13: =IF(ISNUMBER(SEARCH("fortimel", C13)), D13*12, D13*4) -> 11740 | F13: 45799
... A46: C/08/2025 | B46: 20251639 | C46: APTAMIL PROF 3, KOR 4X800G | D46: 2208 | E46: =IF(ISNUMBER(SEARCH("fortimel", C46)), D46*12, D46*4) -> 8832 | F46: 45975
A47: C/08/2025 | B47: 20251977 | C47: APTAMIL PROF 3, KOR 4X800G | D47: 58 | E47: =IF(ISNUMBER(SEARCH("fortimel", C47)), D47*12, D47*4) -> 232
A48: W/09/2025 | B48: 20252008 | C48: APTAMIL 1 KOR 4X800G | D48: 1872 | E48: =IF(ISNUMBER(SEARCH("fortimel", C48)), D48*12, D48*4) -> 7488
A49: W/09/2025 | B49: 20252008 | C49: APTAMIL 2 KOR 4X800G | D49: 1296 | E49: =IF(ISNUMBER(SEARCH("fortimel", C49)), D49*12, D49*4) -> 5184
A50: W/09/2025 | B50: 20252190 | C50: APTAMIL 2 KOR 4X800G | D50: 288 | E50: =IF(ISNUMBER(SEARCH("fortimel", C50)), D50*12, D50*4) -> 1152
A51: W/09/2025 | B51: 20252263 | C51: APTAMIL 2 KOR 4X800G | D51: 267 | E51: =IF(ISNUMBER(SEARCH("fortimel", C51)), D51*12, D51*4) -> 1068 | F51: 45996
A52: C/09/2025 | B52: 20251977 | C52: APTAMIL PROF 1, KOR 4X800G | D52: 5063 | E52: =IF(ISNUMBER(SEARCH("fortimel", C52)), D52*12, D52*4) -> 20252
A53: C/09/2025 | B53: 20251977 | C53: APTAMIL PROF 2, KOR 4X800G | D53: 1536 | E53: =IF(ISNUMBER(SEARCH("fortimel", C53)), D53*12, D53*4) -> 6144
A54: F/10/2025 | B54: 20252329 | C54: FORTIMEL PROTEIN ADVANCE VAN 12X280G KOR | D54: 576 | E54: =IF(ISNUMBER(SEARCH("fortimel", C54)), D54*12, D54*4) -> 6912
A55: F/10/2025 | B55: 20252328 | C55: FORTIMEL PROTEIN ADVANCE VAN 12X280G KOR | D55: 434 | E55: =IF(ISNUMBER(SEARCH("fortimel", C55)), D55*12, D55*4) -> 5208
A56: W/10/2025 | B56: 20252190 | C56: APTAMIL 1 KOR 4X800G | D56: 2880 | E56: =IF(ISNUMBER(SEARCH("fortimel", C56)), D56*12, D56*4) -> 11520
A57: C/10/2025 | B57: 20252282 | C57: APTAMIL PROF 1, KOR 4X800G | D57: 10080 | E57: =IF(ISNUMBER(SEARCH("fortimel", C57)), D57*12, D57*4) -> 40320
A58: C/10/2025 | B58: 20252328 | C58: APTAMIL PROF 1, KOR 4X800G | D58: 960 | E58: =IF(ISNUMBER(SEARCH("fortimel", C58)), D58*12, D58*4) -> 3840
A59: C/10/2025 | B59: 20252194 | C59: APTAMIL PROF 2, KOR 4X800G | D59: 4608 | E59: =IF(ISNUMBER(SEARCH("fortimel", C59)), D59*12, D59*4) -> 18432
A60: C/10/2025 | B60: 20252282 | C60: APTAMIL PROF 2, KOR 4X800G | D60: 1440 | E60: =IF(ISNUMBER(SEARCH("fortimel", C60)), D60*12, D60*4) -> 5760
A61: C/11/2025 | B61: 20252459 | C61: APTAMIL PROF 1, KOR 4X800G | D61: 5952 | E61: =IF(ISNUMBER(SEARCH("fortimel", C61)), D61*12, D61*4) -> 23808
A62: C/11/2025 | B62: 20252459 | C62: APTAMIL PROF 2, KOR 4X800G | D62: 672 | E62: =IF(ISNUMBER(SEARCH("fortimel", C62)), D62*12, D62*4) -> 2688
A63: C/11/2025 | B63: 20252545 | C63: APTAMIL PROF 2, KOR 4X800G | D63: 2237 | E63: =IF(ISNUMBER(SEARCH("fortimel", C63)), D63*12, D63*4) -> 8948
... A69: C/11/2025 | B69: 20252541 | C69: APTAMIL PROF 3, KOR 4X800G | D69: 381 | E69: =IF(ISNUMBER(SEARCH("fortimel", C69)), D69*12, D69*4) -> 1524
A70: F/01/2026 | C70: FORTIMEL PROTEIN ADVANCE VAN 12X280G KOR | D70: 1000 | E70: =IF(ISNUMBER(SEARCH("fortimel", C70)), D70*12, D70*4) -> 12000
A71: W/01/2026 | C71: APTAMIL 1 KOR 4X800G | D71: 4752 | E71: =IF(ISNUMBER(SEARCH("fortimel", C71)), D71*12, D71*4) -> 19008
A72: W/01/2026 | C72: APTAMIL 1 KOR 4X800G | D72: 3168 | E72: =IF(ISNUMBER(SEARCH("fortimel", C72)), D72*12, D72*4) -> 12672
A73: W/01/2026 | C73: APTAMIL 2 KOR 4X800G | D73: 1584 | E73: =IF(ISNUMBER(SEARCH("fortimel", C73)), D73*12, D73*4) -> 6336
A74: C/01/2026 | C74: APTAMIL PROF 1, KOR 4X800G | D74: 9216 | E74: =IF(ISNUMBER(SEARCH("fortimel", C74)), D74*12, D74*4) -> 36864
A75: C/01/2026 | C75: APTAMIL PROF 2, KOR 4X800G | D75: 2304 | E75: =IF(ISNUMBER(SEARCH("fortimel", C75)), D75*12, D75*4) -> 9216
A76: W/02/2026 | C76: APTAMIL 1 KOR 4X800G | D76: 2736 | E76: =IF(ISNUMBER(SEARCH("fortimel", C76)), D76*12, D76*4) -> 10944
A77: W/02/2026 | C77: APTAMIL 2 KOR 4X800G | D77: 1775 | E77: =IF(ISNUMBER(SEARCH("fortimel", C77)), D77*12, D77*4) -> 7100
A78: W/02/2026 | C78: APTAMIL 3 KOR 4X800G | D78: 1728 | E78: =IF(ISNUMBER(SEARCH("fortimel", C78)), D78*12, D78*4) -> 6912
A79: F/03/2026 | C79: FORTIMEL PROTEIN ADVANCE VAN 12X280G KOR | D79: 1000 | E79: =IF(ISNUMBER(SEARCH("fortimel", C79)), D79*12, D79*4) -> 12000

Sheet 내수 재고
B2: 품목명 | C2: 용인 | D2: 디앤비 | E2: 아르고 | F2: 품고 | G2: 총합 | H2: 이마트 | I2: 롯데마트 | J2: 총합
A3: 46266 | B3: 누1 | C3: 36345 | D3: 1164 | E3: 1 | F3: 390 | G3: =SUM(C3:F3) -> 37900 | H3: 733 | I3: 542 | J3: =C3+D3+E3+F3+H3+I3 -> 39175
A4: 1976000 | B4: 누2 | C4: 22846 | D4: 2268 | E4: 2 | F4: 294 | G4: =SUM(C4:F4) -> 25410 | H4: 638 | I4: 582 | J4: =C4+D4+E4+F4+H4+I4 -> 26630
A5: 1977000 | B5: 누3 | C5: 8576 | D5: 868 | E5: 13 | F5: 597 | G5: =SUM(C5:F5) -> 10054 | H5: 668 | I5: 584 | J5: =C5+D5+E5+F5+H5+I5 -> 11306
A6: 1978000 | B6: 푸1 | C6: 14363 | D6: 1100 | E6: 0 | F6: 4395 | G6: =SUM(C6:F6) -> 19858 | H6: 632 | I6: 589 | J6: =C6+D6+E6+F6+H6+I6 -> 21079
A7: 2352000 | B7: 푸2 | C7: 24973 | D7: 1736 | E7: 5 | F7: 3631 | G7: =SUM(C7:F7) -> 30345 | H7: 707 | I7: 646 | J7: =C7+D7+E7+F7+H7+I7 -> 31698
A8: 2353000 | B8: 푸3 | C8: 7563 | D8: 1508 | E8: 1 | F8: 670 | G8: =SUM(C8:F8) -> 9742 | H8: 617 | I8: 590 | J8: =C8+D8+E8+F8+H8+I8 -> 10949
A9: 2354000 | B9: 총합 | C9: =SUM(C3:C8) -> 114666 | D9: =SUM(D3:D8) -> 8644 | E9: =SUM(E3:E8) -> 22 | F9: =SUM(F3:F8) -> 9977 | G9: =SUM(G3:G8) -> 133309 | H9: =SUM(H3:H8) -> 3995 | I9: =SUM(I3:I8) -> 3533 | J9: =SUM(J3:J8) -> 140837
B11: 품목명 | C11: 용인 | D11: CJ | E11: 디앤비 | F11: 아르고 | G11: 총합 | H11: 이마트 | I11: 롯데마트 | J11: 총합
A12: 46235 | B12: 누1 | C12: 44866 | D12: 653 | E12: 1880 | F12: 70 | G12: =SUM(C12:F12) -> 47469 | H12: 720 | I12: 537 | J12: =C12+D12+E12+F12+H12+I12 -> 48726
A13: 1976000 | B13: 누2 | C13: 19287 | D13: 908 | E13: 3032 | F13: 299 | G13: =SUM(C13:F13) -> 23526 | H13: 646 | I13: 600 | J13: =C13+D13+E13+F13+H13+I13 -> 24772
A14: 1977000 | B14: 누3 | C14: 3558 | D14: 351 | E14: 920 | F14: 233 | G14: =SUM(C14:F14) -> 5062 | H14: 702 | I14: 573 | J14: =C14+D14+E14+F14+H14+I14 -> 6337
A15: 1978000 | B15: 푸1 | C15: 19323 | D15: 1085 | E15: 2356 | F15: 454 | G15: =SUM(C15:F15) -> 23218 | H15: 647 | I15: 625 | J15: =C15+D15+E15+F15+H15+I15 -> 24490
A16: 2352000 | B16: 푸2 | C16: 31954 | D16: 876 | E16: 3772 | F16: 831 | G16: =SUM(C16:F16) -> 37433 | H16: 740 | I16: 668 | J16: =C16+D16+E16+F16+H16+I16 -> 38841
A17: 2353000 | B17: 푸3 | C17: 8722 | D17: 287 | E17: 1268 | F17: 190 | G17: =SUM(C17:F17) -> 10467 | H17: 641 | I17: 603 | J17: =C17+D17+E17+F17+H17+I17 -> 11711
A18: 2354000 | B18: 총합 | C18: =SUM(C12:C17) -> 127710 | D18: =SUM(D12:D17) -> 4160 | E18: =SUM(E12:E17) -> 13228 | F18: =SUM(F12:F17) -> 2077 | G18: =SUM(G12:G17) -> 147175 | H18: =SUM(H12:H17) -> 4096 | I18: =SUM(I12:I17) -> 3606 | J18: =SUM(J12:J17) -> 154877
B20: 품목명 | C20: 용인 | D20: CJ | E20: 디앤비 | F20: 아르고 | G20: 총합 | H20: 이마트 | I20: 롯데마트 | J20: 총합
A21: 46204 | B21: 누1 | C21: 39082 | D21: 454 | E21: 2456 | F21: 450 | G21: =SUM(C21:F21) -> 42442 | H21: 726 | I21: 540 | J21: =C21+D21+E21+F21+H21+I21 -> 43708
A22: 1976000 | B22: 누2 | C22: 6777 | D22: 199 | E22: 3176 | F22: 477 | G22: =SUM(C22:F22) -> 10629 | H22: 626 | I22: 612 | J22: =C22+D22+E22+F22+H22+I22 -> 11867
A23: 1977000 | B23: 누3 | C23: 3831 | D23: 272 | E23: 1216 | F23: 309 | G23: =SUM(C23:F23) -> 5628 | H23: 662 | I23: 549 | J23: =C23+D23+E23+F23+H23+I23 -> 6839
A24: 1978000 | B24: 푸1 | C24: 31527 | D24: 3275 | E24: 2932 | F24: 748 | G24: =SUM(C24:F24) -> 38482 | H24: 567 | I24: 632 | J24: =C24+D24+E24+F24+H24+I24 -> 39681
A25: 2352000 | B25: 푸2 | C25: 462 | D25: 995 | E25: 4412 | F25: 800 | G25: =SUM(C25:F25) -> 6669 | H25: 560 | I25: 651 | J25: =C25+D25+E25+F25+H25+I25 -> 7880
A26: 2353000 | B26: 푸3 | C26: 6305 | D26: 339 | E26: 2060 | F26: 93 | G26: =SUM(C26:F26) -> 8797 | H26: 559 | I26: 585 | J26: =C26+D26+E26+F26+H26+I26 -> 9941
A27: 2354000 | B27: 총합 | C27: =SUM(C21:C26) -> 87984 | D27: =SUM(D21:D26) -> 5534 | E27: =SUM(E21:E26) -> 16252 | F27: =SUM(F21:F26) -> 2877 | G27: =SUM(G21:G26) -> 112647 | H27: =SUM(H21:H26) -> 3700 | I27: =SUM(I21:I26) -> 3569 | J27: =SUM(J21:J26) -> 119916
B29: 품목명 | C29: 용인 | D29: CJ | E29: 디앤비 | F29: 아르고 | G29: 총합 | H29: 이마트 | I29: 롯데마트 | J29: 총합
A30: 46174 | B30: 누1 | C30: 33191 | D30: 1951 | E30: 3084 | F30: 835 | G30: =SUM(C30:F30) -> 39061 | H30: 735 | I30: 556 | J30: =C30+D30+E30+F30+H30+I30 -> 40352
A31: 1976000 | B31: 누2 | C31: 9847 | D31: 1051 | E31: 3736 | F31: 250 | G31: =SUM(C31:F31) -> 14884 | H31: 650 | I31: 595 | J31: =C31+D31+E31+F31+H31+I31 -> 16129
A32: 1977000 | B32: 누3 | C32: 4935 | D32: 390 | E32: 1620 | F32: 413 | G32: =SUM(C32:F32) -> 7358 | H32: 732 | I32: 551 | J32: =C32+D32+E32+F32+H32+I32 -> 8641
A33: 1978000 | B33: 푸1 | C33: 31321 | D33: 4864 | E33: 4868 | F33: 1812 | G33: =SUM(C33:F33) -> 42865 | H33: 624 | I33: 610 | J33: =C33+D33+E33+F33+H33+I33 -> 44099
A34: 2352000 | B34: 푸2 | C34: 6659 | D34: 3346 | E34: 6620 | F34: 1906 | G34: =SUM(C34:F34) -> 18531 | H34: 723 | I34: 640 | J34: =C34+D34+E34+F34+H34+I34 -> 19894
A35: 2353000 | B35: 푸3 | C35: 7220 | D35: 591 | E35: 3168 | F35: 387 | G35: =SUM(C35:F35) -> 11366 | H35: 657 | I35: 571 | J35: =C35+D35+E35+F35+H35+I35 -> 12594
A36: 2354000 | B36: 총합 | C36: =SUM(C30:C35) -> 93173 | D36: =SUM(D30:D35) -> 12193 | E36: =SUM(E30:E35) -> 23096 | F36: =SUM(F30:F35) -> 5603 | G36: =SUM(G30:G35) -> 134065 | H36: =SUM(H30:H35) -> 4121 | I36: =SUM(I30:I35) -> 3523 | J36: =SUM(J30:J35) -> 141709
B38: 품목명 | C38: 남양주 | D38: CJ | E38: 디앤비 | F38: 아르고 | G38: 총합 | H38: 이마트 | I38: 롯데마트 | J38: 총합
A39: 46143 | B39: 누1 | C39: 1543 | D39: 896 | E39: 788 | F39: 380 | G39: =SUM(C39:F39) -> 3607 | H39: 741 | I39: 586 | J39: =C39+D39+E39+F39+H39+I39 -> 4934
A40: 1976000 | B40: 누2 | C40: 6321 | D40: 1148 | E40: 1948 | F40: 253 | G40: =SUM(C40:F40) -> 9670 | H40: 539 | I40: 632 | J40: =C40+D40+E40+F40+H40+I40 -> 10841
A41: 1977000 | B41: 누3 | C41: 875 | D41: 75 | E41: 824 | F41: 6 | G41: =SUM(C41:F41) -> 1780 | H41: 687 | I41: 572 | J41: =C41+D41+E41+F41+H41+I41 -> 3039
A42: 1978000 | B42: 푸1 | C42: 15520 | D42: 5504 | E42: 5252 | F42: 1945 | G42: =SUM(C42:F42) -> 28221 | H42: 651 | I42: 659 | J42: =C42+D42+E42+F42+H42+I42 -> 29531
A43: 2352000 | B43: 푸2 | C43: 21019 | D43: 3832 | E43: 7080 | F43: 1588 | G43: =SUM(C43:F43) -> 33519 | H43: 649 | I43: 687 | J43: =C43+D43+E43+F43+H43+I43 -> 34855
A44: 2353000 | B44: 푸3 | C44: 10318 | D44: 682 | E44: 3260 | F44: 427 | G44: =SUM(C44:F44) -> 14687 | H44: 641 | I44: 628 | J44: =C44+D44+E44+F44+H44+I44 -> 15956
A45: 2354000 | B45: 총합 | C45: =SUM(C39:C44) -> 55596 | D45: =SUM(D39:D44) -> 12137 | E45: =SUM(E39:E44) -> 19152 | F45: =SUM(F39:F44) -> 4599 | G45: =SUM(G39:G44) -> 91484 | H45: =SUM(H39:H44) -> 3908 | I45: =SUM(I39:I44) -> 3764 | J45: =SUM(J39:J44) -> 99156
B47: 품목명 | C47: 남양주 | D47: CJ | E47: 디앤비 | F47: 아르고 | G47: 총합 | H47: 이마트 | I47: 롯데마트 | J47: 총합
A48: 46113 | B48: 누1 | C48: 6560 | D48: 376 | E48: 1464 | F48: 1201 | G48: =SUM(C48:F48) -> 9601 | H48: 717 | I48: 566 | J48: =G48+H48+I48 -> 10884
A49: 1976000 | B49: 누2 | C49: 22622 | D49: - | E49: 1912 | F49: 448 | G49: =SUM(C49:F49) -> 24982 | H49: 134 | I49: 460 | J49: =G49+H49+I49 -> 25576
A50: 1977000 | B50: 누3 | C50: 993 | D50: 225 | E50: 1308 | F50: 115 | G50: =SUM(C50:F50) -> 2641 | H50: 730 | I50: 572 | J50: =G50+H50+I50 -> 3943
A51: 1978000 | B51: 푸1 | C51: 38671 | D51: 4690 | E51: 3264 | F51: 2672 | G51: =SUM(C51:F51) -> 49297 | H51: 621 | I51: 671 | J51: =G51+H51+I51 -> 50589
A52: 2352000 | B52: 푸2 | C52: 31328 | D52: 2467 | E52: 4528 | F52: 1192 | G52: =SUM(C52:F52) -> 39515 | H52: 613 | I52: 669 | J52: =G52+H52+I52 -> 40797
A53: 2353000 | B53: 푸3 | C53: 13634 | D53: 290 | E53: 2484 | F53: 251 | G53: =SUM(C53:F53) -> 16659 | H53: 612 | I53: 587 | J53: =G53+H53+I53 -> 17858
A54: 2354000 | B54: 총합 | C54: =SUM(C48:C53) -> 113808 | D54: =SUM(D48:D53) -> 8048 | E54: =SUM(E48:E53) -> 14960 | F54: =SUM(F48:F53) -> 5879 | G54: =SUM(G48:G53) -> 142695 | H54: =SUM(H48:H53) -> 3427 | I54: =SUM(I48:I53) -> 3525 | J54: =SUM(J48:J53) -> 149647
B56: 품목명 | C56: 남양주 | D56: CJ | E56: 디앤비 | F56: 아르고 | G56: 총합 | H56: 이마트 | I56: 롯데마트 | J56: 총합
A57: 46082 | B57: 누1 | C57: 2855 | D57: 38 | E57: 1008 | F57: 1 | G57: =SUM(C57:F57) -> 3902 | H57: 786 | I57: 554 | J57: =G57+H57+I57 -> 5242
A58: 1976000 | B58: 누2 | C58: 18772 | D58: - | E58: 16 | F58: - | G58: =SUM(C58:F58) -> 18788 | H58: 559 | I58: 374 | J58: =G58+H58+I58 -> 19721
A59: 1977000 | B59: 누3 | C59: 1462 | D59: 176 | E59: 2012 | F59: 157 | G59: =SUM(C59:F59) -> 3807 | H59: 767 | I59: 574 | J59: =G59+H59+I59 -> 5148
A60: 1978000 | B60: 푸1 | C60: 35226 | D60: 4614 | E60: 3884 | F60: 1389 | G60: =SUM(C60:F60) -> 45113 | H60: 907 | I60: 656 | J60: =G60+H60+I60 -> 46676
A61: 2352000 | B61: 푸2 | C61: 43291 | D61: 2709 | E61: 4492 | F61: 979 | G61: =SUM(C61:F61) -> 51471 | H61: 832 | I61: 718 | J61: =G61+H61+I61 -> 53021
A62: 2353000 | B62: 푸3 | C62: 15728 | D62: 268 | E62: 2072 | F62: 478 | G62: =SUM(C62:F62) -> 18546 | H62: 709 | I62: 604 | J62: =G62+H62+I62 -> 19859
A63: 2354000 | B63: 총합 | C63: =SUM(C57:C62) -> 117334 | D63: =SUM(D57:D62) -> 7805 | E63: =SUM(E57:E62) -> 13484 | F63: =SUM(F57:F62) -> 3004 | G63: =SUM(G57:G62) -> 141627 | H63: =SUM(H57:H62) -> 4560 | I63: =SUM(I57:I62) -> 3480 | J63: =SUM(J57:J62) -> 149667
B65: 품목명 | C65: 남양주 | D65: CJ | E65: 디앤비 | F65: 아르고 | G65: 총합 | H65: 이마트 | I65: 롯데마트 | J65: 총합
A66: 46054 | B66: 누1 | C66: 5413 | D66: 2414 | E66: 2232 | F66: 564 | G66: =SUM(C66:F66) -> 10623 | H66: 724 | I66: 589 | J66: =G66+H66+I66 -> 11936
A67: 1976000 | B67: 누2 | C67: 15159 | D67: 1307 | E67: 3452 | F67: 425 | G67: =SUM(C67:F67) -> 20343 | H67: 714 | I67: 636 | J67: =G67+H67+I67 -> 21693
A68: 1977000 | B68: 누3 | C68: 2781 | D68: 167 | E68: 2372 | F68: 267 | G68: =SUM(C68:F68) -> 5587 | H68: 733 | I68: 524 | J68: =G68+H68+I68 -> 6844
A69: 1978000 | B69: 푸1 | C69: 40008 | D69: 2298 | E69: 4464 | F69: 1198 | G69: =SUM(C69:F69) -> 47968 | H69: 689 | I69: 760 | J69: =G69+H69+I69 -> 49417
A70: 2352000 | B70: 푸2 | C70: 35022 | D70: 2578 | E70: 4528 | F70: 919 | G70: =SUM(C70:F70) -> 43047 | H70: 724 | I70: 820 | J70: =G70+H70+I70 -> 44591
A71: 2353000 | B71: 푸3 | C71: 9186 | D71: 311 | E71: 2924 | F71: 215 | G71: =SUM(C71:F71) -> 12636 | H71: 703 | I71: 406 | J71: =G71+H71+I71 -> 13745
A72: 2354000 | B72: 총합 | C72: =SUM(C66:C71) -> 107569 | D72: =SUM(D66:D71) -> 9075 | E72: =SUM(E66:E71) -> 19972 | F72: =SUM(F66:F71) -> 3588 | G72: =SUM(G66:G71) -> 140204 | H72: =SUM(H66:H71) -> 4287 | I72: =SUM(I66:I71) -> 3735 | J72: =SUM(J66:J71) -> 148226
B75: 품목명 | C75: 남양주 | D75: CJ | E75: 디앤비 | F75: 아르고 | G75: 총합 | H75: 이마트 | I75: 롯데마트 | J75: 총합
A76: 46023 | B76: 누1 | C76: 9657 | D76: 1514 | E76: 2048 | F76: 466 | G76: =SUM(C76:F76) -> 13685 | H76: 693 | I76: 544 | J76: =G76+H76+I76 -> 14922 | K76: 4749 | L76: =J76+K76 -> 19671 | M76: =L76/4 -> 4917.75 | N76: =M80 -> 6899.25
A77: 1976000 | B77: 누2 | C77: 26310 | D77: 1368 | E77: 1956 | F77: 80 | G77: =SUM(C77:F77) -> 29714 | H77: 698 | I77: 569 | J77: =G77+H77+I77 -> 30981 | K77: 3000 | L77: =J77+K77 -> 33981 | M77: =L77/4 -> 8495.25 | N77: =M79 -> 3361.25
A78: 1977000 | B78: 누3 | C78: 7884 | D78: 286 | E78: 1116 | F78: 84 | G78: =SUM(C78:F78) -> 9370 | H78: 677 | I78: 467 | J78: =G78+H78+I78 -> 10514 | K78: 7400 | L78: =J78+K78 -> 17914 | M78: =L78/4 -> 4478.5 | N78: =M81 -> 4312.75
A79: 1978000 | B79: 푸1 | C79: 6601 | D79: 2023 | E79: 3264 | F79: 220 | G79: =SUM(C79:F79) -> 12108 | H79: 664 | I79: 673 | J79: =G79+H79+I79 -> 13445 | L79: =J79+K79 -> 13445 | M79: =L79/4 -> 3361.25 | N79: =M76 -> 4917.75
A80: 2352000 | B80: 푸2 | C80: 22131 | D80: 1767 | E80: 2276 | F80: 19 | G80: =SUM(C80:F80) -> 26193 | H80: 722 | I80: 682 | J80: =G80+H80+I80 -> 27597 | L80: =J80+K80 -> 27597 | M80: =L80/4 -> 6899.25 | N80: =M77 -> 8495.25
A81: 2353000 | B81: 푸3 | C81: 14840 | D81: 435 | E81: 1076 | F81: 55 | G81: =SUM(C81:F81) -> 16406 | H81: 707 | I81: 138 | J81: =G81+H81+I81 -> 17251 | L81: =J81+K81 -> 17251 | M81: =L81/4 -> 4312.75 | N81: =M78 -> 4478.5
A82: 2354000 | B82: 총합 | C82: =SUM(C76:C81) -> 87423 | D82: =SUM(D76:D81) -> 7393 | E82: =SUM(E76:E81) -> 11736 | F82: =SUM(F76:F81) -> 924 | G82: =SUM(G76:G81) -> 107476 | H82: =SUM(H76:H81) -> 4161 | I82: =SUM(I76:I81) -> 3073 | J82: =SUM(J76:J81) -> 114710
B85: 품목명 | C85: 남양주 | D85: CJ | E85: 디앤비 | F85: 아르고 | G85: 총합 | H85: 이마트 | I85: 롯데마트 | J85: 총합
A86: 45992 | B86: 누1 | C86: 12340 | D86: 1966 | E86: 1864 | F86: 880 | G86: =SUM(C86:F86) -> 17050 | H86: 763 | I86: 591 | J86: =G86+H86+I86 -> 18404 | K86: 4749 | L86: =J86+K86 -> 23153 | M86: =L86/4 -> 5788.25 | N86: =M90 -> 9422.25
A87: 1976000 | B87: 누2 | C87: 26775 | D87: 1303 | E87: 2172 | F87: 305 | G87: =SUM(C87:F87) -> 30555 | H87: 730 | I87: 615 | J87: =G87+H87+I87 -> 31900 | K87: 3000 | L87: =J87+K87 -> 34900 | M87: =L87/4 -> 8725 | N87: =M89 -> 8939.25
A88: 1977000 | B88: 누3 | C88: 9733 | D88: 235 | E88: 1192 | F88: 155 | G88: =SUM(C88:F88) -> 11315 | H88: 733 | I88: 492 | J88: =G88+H88+I88 -> 12540 | K88: 7400 | L88: =J88+K88 -> 19940 | M88: =L88/4 -> 4985 | N88: =M91 -> 5120.75
A89: 1978000 | B89: 푸1 | C89: 26676 | D89: 2246 | E89: 4280 | F89: 1071 | G89: =SUM(C89:F89) -> 34273 | H89: 736 | I89: 748 | J89: =G89+H89+I89 -> 35757 | L89: =J89+K89 -> 35757 | M89: =L89/4 -> 8939.25 | N89: =M86 -> 5788.25
A90: 2352000 | B90: 푸2 | C90: 29889 | D90: 1965 | E90: 3716 | F90: 597 | G90: =SUM(C90:F90) -> 36167 | H90: 726 | I90: 796 | J90: =G90+H90+I90 -> 37689 | L90: =J90+K90 -> 37689 | M90: =L90/4 -> 9422.25 | N90: =M87 -> 8725
A91: 2353000 | B91: 푸3 | C91: 17588 | D91: 339 | E91: 1636 | F91: 166 | G91: =SUM(C91:F91) -> 19729 | H91: 630 | I91: 124 | J91: =G91+H91+I91 -> 20483 | L91: =J91+K91 -> 20483 | M91: =L91/4 -> 5120.75 | N91: =M88 -> 4985
A92: 2354000 | B92: 총합 | C92: =SUM(C86:C91) -> 123001 | D92: =SUM(D86:D91) -> 8054 | E92: =SUM(E86:E91) -> 14860 | F92: =SUM(F86:F91) -> 3174 | G92: =SUM(G86:G91) -> 149089 | H92: =SUM(H86:H91) -> 4318 | I92: =SUM(I86:I91) -> 3366 | J92: =SUM(J86:J91) -> 156773
B95: 품목명 | C95: 남양주 | D95: CJ | E95: 디앤비 | F95: 아르고 | G95: 총합 | H95: 이마트 | I95: 롯데마트 | J95: 총합
A96: 45962 | B96: 누1 | C96: 15489 | D96: 1891 | E96: 2460 | F96: 829 | G96: =SUM(C96:F96) -> 20669 | H96: 778 | I96: 547 | J96: =G96+H96+I96 -> 21994
A97: 1976000 | B97: 누2 | C97: 31759 | D97: 1921 | E97: 2224 | F97: 350 | G97: =SUM(C97:F97) -> 36254 | H97: 697 | I97: 566 | J97: =G97+H97+I97 -> 37517
A98: 1977000 | B98: 누3 | C98: 12104 | D98: 200 | E98: 1032 | F98: 192 | G98: =SUM(C98:F98) -> 13528 | H98: 714 | I98: 295 | J98: =G98+H98+I98 -> 14537
A99: 1978000 | B99: 푸1 | C99: 21414 | D99: 2321 | E99: 3340 | F99: 1537 | G99: =SUM(C99:F99) -> 28612 | H99: 858 | I99: 706 | J99: =G99+H99+I99 -> 30176
A100: 2352000 | B100: 푸2 | C100: 27050 | D100: 1945 | E100: 3612 | F100: 685 | G100: =SUM(C100:F100) -> 33292 | H100: 823 | I100: 731 | J100: =G100+H100+I100 -> 34846
A101: 2353000 | B101: 푸3 | C101: 11368 | D101: 252 | E101: 1900 | F101: 207 | G101: =SUM(C101:F101) -> 13727 | H101: 731 | I101: 133 | J101: =G101+H101+I101 -> 14591
A102: 2354000

Sheet Jikgu_2608
I2: ※ Aptamil D2C Jikgu Stock Overview | R2: 포티멜 유통기한 | W2: TAB 추가 생산 | X2: TABS 생산 중단 | Y2: TABS 생산 중단 | Z2: TABS 발주 가능 | AA2: comfort 1plt 만 에어발주 가능
K3: 발주 | U3: 3월 오더 잔여분 | W3: 2 | X3: 3 | Y3: 4 | Z3: 5 | AA3: 6 | AB3: 7 | AC3: 8 | AD3: 9
I4: 1750 | K4: 생산 | R4: TABS 추가 수량 제외 | S4: TABS 추가 수량 제외 | U4: 6,7월 AR, fortimel 제외 발주 취소 | W4: 5 | X4: 6 | Y4: 7 | Z4: 8 | AA4: 9 | AB4: 10 | AC4: 11 | AD4: 12
A5: SKU | C5: 파렛트 수량 조정 | D5: 파렛트 총합 | E5: 컨테이너 수 | F5: 평균 판매량 | G5: MOQ (TU) | H5: TU | I5: Supply (arrival) | L5: Sep. | M5: Oct. | N5: Nov. | O5: Dec. | P5: Jan. | Q5: Feb. | R5: Mar. | S5: Apr. | T5: May. | U5: Jun. | V5: Jul. | W5: Aug. | X5: Sept. | Y5: Oct. | Z5: Nov. | AA5: Dec. | AB5: Jan. | AC5: Feb. | AD5: Mar. | AE5: Apr. | AF5: May.
A6: PN | B6: Pre | C6: 0 | D6: =SUM(C6:C11) -> 0 | E6: =D6/22 -> 0 | F6: =AVERAGE(S28:U28) -> 116.33333 | G6: 576 | H6: =AB6/6 -> 0 | I6: Supply (arrival) | J6: PN | K6: Pre | N6: 540 | O6: 282 | P6: 1080 | Q6: 540 | R6: 270 | T6: 1620 | AB6: 0
B7: 1 | C7: 0 | F7: =AVERAGE(S29:U29) -> 762 | G7: 432 | H7: =AB7/6 -> 0 | K7: 1 | L7: 2700 | N7: 2160 | O7: 5400 | P7: 2970 | Q7: 2220 | R7: 1620 | T7: 3780 | AB7: 0
B8: TAB IF | C8: 0 | F8: =AVERAGE(S30:U30) -> 229 | G8: 600 | H8: =AB8/6 -> 0 | K8: TAB IF | L8: 2736 | P8: 7140 | S8: 3480 | T8: 3240 | X8: =1620*4+192*4 -> 7248 | AB8: 0
B9: 2 | C9: 0 | F9: =AVERAGE(S31:U31) -> 1318.6667 | G9: 720 | H9: =AB9/6 -> 0 | K9: 2 | N9: 540 | P9: 1620 | Q9: 1080 | R9: 1080 | T9: 7830 | Y9: =5940-5940 -> 0 | AB9: 0
B10: TAB FO | C10: 0 | F10: =AVERAGE(S32:U32) -> 601.66667 | G10: 600 | H10: =AB10/6 -> 0 | K10: TAB FO | L10: 2472 | P10: 6368 | Q10: 4548 | R10: 2152 | S10: 3680 | T10: 8196 | U10: 4840 | AB10: 0
B11: 3 | C11: 0 | F11: =AVERAGE(S33:U33) -> 253 | G11: 144 | H11: =AB11/6 -> 0 | K11: 3 | N11: 1620 | O11: 270 | Q11: 540 | T11: =3780+810 -> 4590 | AB11: 0
A12: PF | B12: Pre | C12: 0 | D12: =SUM(C12:C17) -> 0 | E12: =D12/25 -> 0 | F12: =AVERAGE(S34:U34) -> 2476 | G12: 1248 | H12: =AB12/6 -> 0 | J12: PF | K12: Pre | L12: 4224 | M12: 14076 | N12: 10364 | O12: 25824 | P12: 17036 | Q12: 4304 | S12: 29184 | U12: 1536 | AB12: =96*4*$C12 -> 0
B13: 1 | C13: 0 | F13: =AVERAGE(S35:U35) -> 4865.6667 | G13: 1248 | H13: =AB13/6 -> 0 | K13: 1 | L13: 32988 | M13: 4608 | N13: 22656 | O13: 83564 | P13: 23448 | S13: 30528 | U13: 10368 | AB13: =96*4*$C13 -> 0
B14: 2 | C14: 0 | F14: =AVERAGE(S36:U36) -> 8297.3333 | G14: 1632 | H14: =AB14/6 -> 0 | K14: 2 | L14: 13824 | M14: 45432 | N14: 43776 | O14: 38400 | P14: 21032 | Q14: 29628 | R14: 5660 | S14: 33124 | U14: 14208 | AB14: =96*4*$C14 -> 0
B15: Kinder 1+ | C15: 0 | F15: =AVERAGE(S37:U37) -> 1378 | H15: =AB15/6 -> 0 | K15: Kinder 1+ | L15: 384 | M15: 4736 | N15: 3236 | O15: 8744 | P15: 3624 | Q15: 2068 | R15: 3380 | S15: 1920 | U15: 3456 | AB15: =96*4*$C15 -> 0
A16: SF | B16: AR | C16: 0 | F16: =AVERAGE(S38:U38) -> 215.33333 | H16: =AB16/6 -> 0 | J16: SF | K16: AR | M16: 1008 | U16: 3024 | AB16: =42*24*$C16 -> 0
B17: Comfort | C17: 0 | F17: =AVERAGE(S39:U39) -> 205.33333 | H17: =AB17/6 -> 0 | K17: Comfort | N17: 1008 | O17: 1008 | AA17: 1008 | AB17: =42*24*$C17 -> 0
J18: Fortimel | K18: Protein Mocha | N18: 3432 | P18: 3432 | Q18: 6864 | U18: 3432 | AB18: 3432
K19: Protein Neu | N19: 3432 | P19: 3432 | Q19: 6864 | U19: 3432 | AB19: 3432
K20: REDFRUITS | N20: 3432 | P20: 3432 | U20: 3432 | AB20: 6864
K21: GINGER | N21: 3432 | P21: 3432 | U21: 3432 | AB21: 6864
J22: Total | L22: =SUM(L6:L21) -> 59328 | M22: =SUM(M6:M21) -> 69860 | N22: =SUM(N6:N21) -> 99628 | O22: =SUM(O6:O21) -> 163492 | P22: =SUM(P6:P21) -> 98046 | Q22: =SUM(Q6:Q21) -> 58656 | R22: =SUM(R6:R21) -> 14162 | S22: =SUM(S6:S21) -> 101916 | ... AF22: =SUM(AF6:AF21) -> 0
J23: 발주 금액 | L23: =금액!E34 -> 1131080.5 | M23: =금액!F34 -> 1283335.2 | N23: =금액!G34 -> 1628142.5 | O23: =금액!H34 -> 3034407.5 | P23: =금액!I34 -> 1526571.1 | Q23: =금액!J34 -> 827218.72 | R23: =금액!K34 -> 187967.86 | S23: =금액!L34 -> 1951046.5 | ... AF23: =금액!Y34 -> 0
J24: 발주 금액(KRW) | L24: =L23*$I$4 -> 1979390910 | M24: =M23*$I$4 -> 2245836600 | N24: =N23*$I$4 -> 2849249410 | O24: =O23*$I$4 -> 5310213160 | P24: =P23*$I$4 -> 2671499495 | Q24: =Q23*$I$4 -> 1.4476328e+09 | R24: =R23*$I$4 -> 328943755 | S24: =S23*$I$4 -> 3414331340 | ... AF24: =AF23*$I$4 -> 0
L26: Actual | M26: Actual | N26: Actual | O26: Actual | P26: Actual | Q26: Actual | R26: Actual | S26: Actual | T26: Actual | U26: Actual | V26: Actual | W26: Actual | X26: fcst | Y26: fcst | Z26: fcst | AA26: fcst | AB26: fcst | AC26: fcst | AD26: fcst | AE26: fcst | AF26: fcst
I27: Sales | L27: Sep. | M27: Oct. | N27: Nov. | O27: Dec. | P27: Jan. | Q27: Feb. | R27: Mar. | S27: Apr. | T27: May. | U27: Jun. | V27: Jul. | W27: Aug. | X27: Sept. | Y27: Oct. | Z27: Nov. | AA27: Dec. | AB27: Jan. | AC27: Feb. | AD27: Mar. | AE27: Apr. | AF27: May.
I28: Sales CU | J28: PN | K28: Pre | L28: 710 | M28: 487 | N28: 633 | O28: 710 | P28: 557 | Q28: 197 | R28: 158 | S28: 126 | T28: 84 | U28: 139 | V28: 142 | W28: 199 | X28: 154 | Y28: 151 | Z28: 175 | AA28: 199 | AB28: 223 | AC28: 243 | AD28: 258 | AE28: 270 | AF28: 281
K29: 1 | L29: 2121 | M29: 1299 | N29: 886 | O29: 1736 | P29: 1721 | Q29: 686 | R29: 674 | S29: 813 | T29: 747 | U29: 726 | V29: 638 | W29: 842 | X29: 664 | Y29: 657 | Z29: 697 | AA29: 731 | AB29: 761 | AC29: 783 | AD29: 799 | AE29: 823 | AF29: 840
K30: TAB IF | L30: 2606 | M30: 2088 | N30: 1780 | O30: 1748 | P30: 1404 | Q30: 160 | R30: 0.1 | S30: 100 | T30: 297 | U30: 290 | V30: 300 | W30: 340 | X30: 424 | Y30: 399 | Z30: 427 | AA30: 440 | AB30: 404 | AC30: 413 | AD30: 499 | AE30: 634 | AF30: 666
K31: 2 | L31: 1440 | M31: 1250 | N31: 1781 | O31: 1637 | P31: 1868 | Q31: 851 | R31: 1019 | S31: 1413 | T31: 1345 | U31: 1198 | V31: 1151 | W31: 910 | X31: 1209 | Y31: 1185 | Z31: 1232 | AA31: 1269 | AB31: 1257 | AC31: 1219 | AD31: 1402 | AE31: 1486 | AF31: 1531
K32: TAB FO | L32: 2581 | M32: 2257 | N32: 1933 | O32: 2237 | P32: 1848 | Q32: 808 | R32: 694 | S32: 636 | T32: 592 | U32: 577 | V32: 577 | W32: 513 | X32: 544 | Y32: 522 | Z32: 590 | AA32: 625 | AB32: 613 | AC32: 601 | AD32: 679 | AE32: 794 | AF32: 818
K33: 3 | L33: 669 | M33: 29 | N33: 431 | O33: 602 | P33: 559 | Q33: 85 | R33: 297 | S33: 240 | T33: 225 | U33: 294 | V33: 311 | W33: 402 | X33: 320 | Y33: 324 | Z33: 330 | AA33: 337 | AB33: 340 | AC33: 347 | AD33: 350 | AE33: 357 | AF33: 364
J34: PF | K34: Pre | L34: 9688 | M34: 8381 | N34: 10566 | O34: 12615 | P34: 11494 | Q34: 4054 | R34: 2492 | S34: 2360 | T34: 2541 | U34: 2527 | V34: 2561 | W34: 2514 | X34: 2665 | Y34: 2612 | Z34: 2820 | AA34: 2961 | AB34: 3080 | AC34: 3172 | AD34: 3268 | AE34: 3398 | AF34: 3500
K35: 1 | L35: 17360 | M35: 15775 | N35: 22182 | O35: 26587 | P35: 22168 | Q35: 7554 | R35: 4912 | S35: 4861 | T35: 5004 | U35: 4732 | V35: 5157 | W35: 5078 | X35: 5710 | Y35: 5996 | Z35: 6236 | AA35: 6361 | AB35: 6551 | AC35: 6682 | AD35: 6816 | AE35: 6884 | AF35: 6747
K36: 2 | L36: 18026 | M36: 15580 | N36: 23220 | O36: 27630 | P36: 21263 | Q36: 8519 | R36: 7444 | S36: 7150 | T36: 8966 | U36: 8776 | V36: 8169 | W36: 6621 | X36: 7151 | Y36: 7365 | Z36: 7807 | AA36: 8119 | AB36: 8363 | AC36: 8530 | AD36: 8786 | AE36: 8962 | AF36: 9141 | AH36: 8512
K37: Kinder 1+ | L37: 2195 | M37: 2236 | N37: 2623 | O37: 2997 | P37: 2547 | Q37: 1354 | R37: 1298 | S37: 1236 | T37: 1438 | U37: 1460 | V37: 1392 | W37: 1116 | X37: 1138 | Y37: 1150 | Z37: 1207 | AA37: 1280 | AB37: 1318 | AC37: 1358 | AD37: 1398 | AE37: 1426 | AF37: 1455
J38: SF | K38: AR | L38: 332 | M38: 552 | N38: 506 | O38: 556 | P38: 746 | Q38: 354 | R38: 236 | S38: 232 | T38: 218 | U38: 196 | V38: 186 | W38: 144 | X38: 156 | Y38: 160 | Z38: 167 | AA38: 177 | AB38: 185 | AC38: 189 | AD38: 195 | AE38: 201 | AF38: 209
K39: Comfort | L39: 174 | M39: 126 | N39: 122 | O39: 202 | P39: 216 | Q39: 232 | R39: 110 | S39: 196 | T39: 202 | U39: 218 | V39: 144 | W39: 96 | X39: 117 | Y39: 103 | Z39: 105 | AA39: 108 | AB39: 113 | AC39: 110 | AD39: 114 | AE39: 118 | AF39: 119
J40: Fortimel | K40: Protein Mocha | L40: 0 | M40: 0 | N40: 0 | O40: 0 | P40: 536 | Q40: 560 | R40: 312 | S40: 348 | T40: 428 | U40: 1020 | V40: 921 | W40: 668 | X40: 958 | Y40: 967 | Z40: 977 | AA40: 987 | AB40: 1007 | AC40: 1027 | AD40: 1047 | AE40: 1068 | AF40: 1090
K41: Protein Neu | L41: 0 | M41: 0 | N41: 0 | O41: 0 | P41: 520 | Q41: 464 | R41: 264 | S41: 356 | T41: 460 | U41: 1012 | V41: 1045 | W41: 716 | X41: 1108 | Y41: 1131 | Z41: 1142 | AA41: 1153 | AB41: 1188 | AC41: 1212 | AD41: 1236 | AE41: 1261 | AF41: 1286
K42: REDFRUITS | L42: 0 | M42: 0 | N42: 0 | O42: 0 | P42: 784 | Q42: 472 | R42: 328 | S42: 284 | T42: 276 | U42: 1100 | V42: 895 | W42: 748 | X42: 931 | Y42: 950 | Z42: 960 | AA42: 969 | AB42: 998 | AC42: 1018 | AD42: 1039 | AE42: 1059 | AF42: 1081
K43: GINGER | L43: 0 | M43: 0 | N43: 0 | O43: 0 | P43: 1048 | Q43: 376 | R43: 384 | S43: 212 | T43: 324 | U43: 1116 | V43: 805 | W43: 700 | X43: 797 | Y43: 805 | Z43: 813 | AA43: 821 | AB43: 837 | AC43: 854 | AD43: 871 | AE43: 889 | AF43: 906
J44: Total | L44: =SUM(L28:L39) -> 57902 | M44: =SUM(M28:M39) -> 50060 | N44: =SUM(N28:N39) -> 66663 | O44: =SUM(O28:O39) -> 79257 | P44: =SUM(P28:P39) -> 66391 | Q44: =SUM(Q28:Q39) -> 24854 | R44: =SUM(R28:R39) -> 19334.1 | S44: =SUM(S28:S39) -> 19363 | ... AF44: =SUM(AF28:AF39) -> 25671
C47: 8/20 기말재고 | D47: 예상 기말재고 | I47: Stock(CU) | L47: Sep. | M47: Oct. | N47: Nov. | O47: Dec. | P47: Jan. | Q47: Feb. | R47: Mar. | S47: Apr. | T47: May. | U47: Jun. | V47: Jul. | W47: Aug. | X47: Sept. | Y47: Oct. | Z47: Nov. | AA47: Dec. | AB47: Jan. | AC47: Feb. | AD47: Mar. | AE47: Apr. | AF47: May.
A48: PN | B48: Pre | C48: 3283 | D48: =C48-(W28/31*11) -> 3212.3871 | E48: =D48-W48 -> 7.3870968 | I48: Stock | J48: PN | K48: Pre | L48: 4054 | M48: 3567 | N48: 3474 | O48: 3043 | P48: =3566-1757 -> 1809 | Q48: =3905-1757 -> 2148 | R48: 2260 | S48: 2120.4 | T48: 3664 | U48: 3517.4 | V48: 3404 | W48: =V48+W6-W28 -> 3205 | X48: =W48+X6-X28 -> 3051 | Y48: =X48+Y6-Y28 -> 2900 | Z48: =Y48+Z6-Z28 -> 2725 | AA48: =Z48+AA6-AA28 -> 2526 | AB48: =AA48+AB6-AB28-366 -> 1937 | AC48: =AB48+AC6-AC28 -> 1694 | AD48: =AC48+AD6-AD28 -> 1436 | AE48: =AD48+AE6-AE28-654 -> 512 | AF48: =AE48+AF6-AF28-46 -> 185
B49: 1 | C49: 9067 | D49: =C49-(V29/31*9) -> 8881.7742 | E49: =D49-W49 -> 53.774194 | K49: 1 | L49: 1301 | M49: 0 | N49: 1282 | O49: 4934 | P49: 6187 | Q49: 7713 | R49: 8663 | S49: 7949.2 | T49: 10902 | U49: 10107.067 | V49: 9670 | W49: =V49+W7-W29 -> 8828 | X49: =W49+X7-X29 -> 8164 | Y49: =X49+Y7-Y29 -> 7507 | Z49: =Y49+Z7-Z29 -> 6810 | AA49: =Z49+AA7-AA29 -> 6079 | AB49: =AA49+AB7-AB29-365 -> 4953 | AC49: =AB49+AC7-AC29-1611 -> 2559 | AD49: =AC49+AD7-AD29 -> 1760 | AE49: =AD49+AE7-AE29-2840 -> -1903 | AF49: =AE49+AF7-AF29 -> -2743
B50: TAB IF | C50: 5512 | D50: =C50-(V30/31*9) -> 5424.9032 | E50: =D50-W50 -> 9.9032258 | K50: TAB IF | L50: 13865 | M50: 11903 | N50: 10128 | O50: 8377 | P50: 14109 | Q50: 0 | R50: 0 | S50: -0.026666667 | T50: 6326 | U50: 6061.4667 | V50: 5755 | W50: =V50+W8-W30 -> 5415 | X50: =W50+X8-X30 -> 12239 | Y50: =X50+Y8-Y30 -> 11840 | Z50: =Y50+Z8-Z30 -> 11413 | AA50: =Z50+AA8-AA30 -> 10973 | AB50: =AA50+AB8-AB30 -> 10569 | AC50: =AB50+AC8-AC30 -> 10156 | AD50: =AC50+AD8-AD30 -> 9657 | AE50: =AD50+AE8-AE30-2800 -> 6223 | AF50: =AE50+AF8-AF30 -> 5557
B51: 2 | C51: 4933 | D51: =C51-(V31/31*9) -> 4598.8387 | E51: =D51-W51 -> -43.16129 | K51: 2 | L51: 6730 | M51: 5473 | N51: 4249 | O51: 2605 | P51: 2356 | Q51: 2446 | R51: 2511 | S51: 1161.6667 | T51: 7697 | U51: 6510.2 | V51: 5552 | W51: =V51+W9-W31 -> 4642 | X51: =W51+X9-X31 -> 3433 | Y51: =X51+Y9-Y31 -> 2248 | Z51: =Y51+Z9-Z31 -> 1016 | AA51: =Z51+AA9-AA31 -> -253 | AB51: =AA51+AB9-AB31 -> -1510 | AC51: =AB51+AC9-AC31 -> -2729 | AD51: =AC51+AD9-AD31 -> -4131 | ... AF51: =AE51+AF9-AF31 -> -7148
B52: TAB FO | C52: 25730 | D52: =C52-(V32/31*9) -> 25562.484 | E52: =D52-W52 -> 24.483871 | K52: TAB FO | L52: 14739 | M52: 12610 | N52: 10681 | O52: 8444 | P52: 12969 | Q52: 10211 | R52: 11645 | S52: 11002.467 | T52: 22295 | U52: 26586.4 | V52: 26051 | W52: =V52+W10-W32 -> 25538 | X52: =W52+X10-X32 -> 24994 | Y52: =X52+Y10-Y32 -> 24472 | Z52: =Y52+Z10-Z32 -> 23882 | AA52: =Z52+AA10-AA32-1800 -> 21457 | AB52: =AA52+AB10-AB32-4500 -> 16344 | AC52: =AB52+AC10-AC32 -> 15743 | AD52: =AC52+AD10-AD32 -> 15064 | AE52: =AD52+AE10-AE32-10000 -> 4270 | AF52: 0
B53: 3 | C53: 3457 | D53: =C53-(V33/31*9) -> 3366.7097 | E53: =D53-W53 -> 44.709677 | K53: 3 | L53: 29 | M53: 0 | N53: 1195 | O53: 857 | P53: 298 | Q53: 540 | R53: 240 | S53: 0 | T53: 4365 | U53: 4136.5333 | V53: 3724 | W53: =V53+W11-W33 -> 3322 | X53: =W53+X11-X33 -> 3002 | Y53: =X53+Y11-Y33 -> 2678 | Z53: =Y53+Z11-Z33 -> 2348 | AA53: =Z53+AA11-AA33 -> 2011 | AB53: =AA53+AB11-AB33 -> 1671 | AC53: =AB53+AC11-AC33 -> 1324 | AD53: =AC53+AD11-AD33 -> 974 | ... AF53: =AE53+AF11-AF33 -> 253
A54: PF | B54: Pre | C54: 46134 | D54: =C54-(V34/31*9) -> 45390.484 | E54: =D54-W54 -> 90.483871 | J54: PF | K54: Pre | L54: 13157 | M54: 18869 | N54: 18706 | O54: 31891 | P54: 37421 | Q54: 29421 | R54: 26829 | S54: 53192.667 | T54: 51109 | U54: 50129.467 | V54: 47814 | W54: =V54+W12-W34 -> 45300 | X54: =W54+X12-X34 -> 42635 | Y54: =X54+Y12-Y34 -> 40023 | Z54: =Y54+Z12-Z34 -> 37203 | AA54: =Z54+AA12-AA34 -> 34242 | AB54: =AA54+AB12-AB34 -> 31162 | AC54: =AB54+AC12-AC34 -> 27990 | AD54: =AC54+AD12-AD34 -> 24722 | ... AF54: =AE54+AF12-AF34 -> 17824
B55: 1 | C55: 76043 | D55: =C55-(V35/31*9) -> 74545.806 | E55: =D55-W55 -> 276.80645 | K55: 1 | L55: 43963 | M55: 32815 | N55: 33370 | O55: 90234 | P55: 91523 | Q55: 62384 | R55: 57177 | S55: 82326.8 | T55: 77809 | U55: 83630.933 | V55: 79347 | W55: =V55+W13-W35 -> 74269 | X55: =W55+X13-X35 -> 68559 | Y55: =X55+Y13-Y35 -> 62563 | Z55: =Y55+Z13-Z35 -> 56327 | AA55: =Z55+AA13-AA35 -> 49966 | AB55: =AA55+AB13-AB35 -> 43415 | AC55: =AB55+AC13-AC35 -> 36733 | AD55: =AC55+AD13-AD35 -> 29917 | ... AF55: =AE55+AF13-AF35 -> 16286
B56: 2 | C56: 113739 | D56: =C56-(V36/31*9) -> 111367.35 | E56: =D56-W56 -> 94.354839 | K56: 2 | L56: 24590 | M56: 54489 | N56: 75119 | O56: 85815 | P56: 85573 | Q56: 106498 | R56: 104606 | S56: 129815.27 | T56: 119550 | U56: 127811.2 | V56: 117894 | W56: =V56+W14-W36 -> 111273 | X56: =W56+X14-X36 -> 104122 | Y56: =X56+Y14-Y36 -> 96757 | Z56: =Y56+Z14-Z36 -> 88950 | AA56: =Z56+AA14-AA36 -> 80831 | AB56: =AA56+AB14-AB36 -> 72468 | AC56: =AB56+AC14-AC36 -> 63938 | AD56: =AC56+AD14-AD36 -> 55152 | ... AF56: =AE56+AF14-AF36 -> 37049
B57: Kinder 1+ | C57: 16471 | D57: =C57-(V37/31*9) -> 16066.871 | E57: =D57-W57 -> 13.870968 | K57: Kinder 1+ | L57: 4250 | M57: 6898 | N57: 7529 | O57: 13264 | P57: 14341 | Q57: 15055 | R57: 17143 | S57: 17751.733 | T57: 16395 | U57: 18375 | V57: 17169 | W57: =V57+W15-W37 -> 16053 | X57: =W57+X15-X37 -> 14915 | Y57: =X57+Y15-Y37 -> 13765 | Z57: =Y57+Z15-Z37 -> 12558 | AA57: =Z57+AA15-AA37 -> 11278 | AB57: =AA57+AB15-AB37 -> 9960 | AC57: =AB57+AC15-AC37 -> 8602 | AD57: =AC57+AD15-AD37 -> 7204 | ... AF57: =AE57+AF15-AF37 -> 4323
A58: SF | B58: AR | C58: 2903 | D58: =C58-(V38/31*9) -> 2849 | E58: =D58-W58 -> 8 | J58: SF | K58: AR | L58: 2648 | M58: 3114 | N58: 2602 | O58: 2045 | P58: 1299 | Q58: 945 | R58: 709 | S58: 467.53333 | T58: 259 | U58: 3100.2 | V58: 2985 | W58: =V58+W16-W38 -> 2841 | X58: =W58+X16-X38 -> 2685 | Y58: =X58+Y16-Y38 -> 2525 | Z58: =Y58+Z16-Z38 -> 2358 | AA58: =Z58+AA16-AA38 -> 2181 | AB58: =AA58+AB16-AB38 -> 1996 | AC58: =AB58+AC16-AC38 -> 1807 | AD58: =AC58+AD16-AD38 -> 1612 | ... AF58: =AE58+AF16-AF38 -> 1202
B59: Comfort | C59: 735 | D59: =C59-(V39/31*9) -> 693.19355 | E59: =D59-W59 -> -17.806452 | K59: Comfort | L59: 548 | M59: 422 | N59: 1326 | O59: 2131 | P59: 1915 | Q59: 1683 | R59: 1573 | S59: 1417.5333 | T59: 1175 | U59: 965.93333 | V59: 807 | W59: =V59+W17-W39 -> 711 | X59: =W59+X17-X39 -> 594 | Y59: =X59+Y17-Y39 -> 491 | Z59: 0 | AA59: =Z59+AA17-AA39 -> 900 | AB59: =AA59+AB17-AB39 -> 787 | AC59: =AB59+AC17-AC39 -> 677 | AD59: =AC59+AD17-AD39 -> 563 | AE59: =AD59+AE17-AE39 -> 445 | AF59: =AE59+AF17-AF39 -> 326
A60: Fortimel | B60: Protein Mocha | C60: 12648 | D60: =C60-(V40/31*9) -> 12380.613 | E60: =D60-W60 -> -114.3871 | J60: Fortimel | K60: Protein Mocha | L60: 0 | M60: 0 | N60: 3431 | O60: 3423 | P60: 6159 | Q60: 12623 | R60: 12311 | S60: 11888 | T60: 11535 | U60: 13854 | V60: 13163 | W60: =V60+W18-W40 -> 12495 | X60: =W60+X18-X40-1100 -> 10437 | Y60: =X60+Y18-Y40-5600 -> 3870 | Z60: =Y60+Z18-Z40 -> 2893 | AA60: =Z60+AA18-AA40-2000 -> -94 | AB60: =AA60+AB18-AB40 -> 2331 | AC60: =AB60+AC18-AC40 -> 1304 | AD60: =AC60+AD18-AD40-1000 -> -743 | AE60: =AD60+AE18-AE40-1000 -> -2811 | AF60: =AE60+AF18-AF40-1000 -> -4901
B61: Protein Neu | C61: 12520 | D61: =C61-(V41/31*9) -> 12216.613 | E61: =D61-W61 -> -126.3871 | K61: Protein Neu | L61: 0 | M61: 0 | N61: 3431 | O61: 3415 | P61: 6143 | Q61: 12719 | R61: 12455 | S61: 12059 | T61: 11639 | U61: 13860 | V61: 13059 | W61: =V61+W19-W41 -> 12343 | X61: =W61+X19-X41-600 -> 10635 | Y61: =X61+Y19-Y41 -> 9504 | Z61: =Y61+Z19-Z41-4900 -> 3462 | AA61: =Z61+AA19-AA41-2000 -> 309 | AB61: =AA61+AB19-AB41 -> 2553 | AC61: =AB61+AC19-AC41 -> 1341 | AD61: =AC61+AD19-AD41-100 -> 5 | AE61: =AD61+AE19-AE41-100 -> -1356 | AF61: =AE61+AF19-AF41-100 -> -2742
B62: REDFRUITS | C62: 5432 | D62: =C62-(V42/31*9) -> 5172.1613 | E62: =D62-W62 -> 172.16129 | K62: REDFRUITS | L62: 0 | M62: 0 | N62: 3431 | O62: 3375 | P62: 6003 | Q62: 5547 | R62: 5219 | S62: 4902 | T62: 4659 | U62: 6784 | V62: 5748 | W62: =V62+W20-W42 -> 5000 | X62: =W62+X20-X42-600 -> 3469 | Y62: =X62+Y20-Y42 -> 2519 | Z62: =Y62+Z20-Z42 -> 1559 | AA62: =Z62+AA20-AA42 -> 590 | AB62: =AA62+AB20-AB42-500 -> 5956 | AC62: =AB62+AC20-AC42 -> 4938 | AD62: =AC62+AD20-AD42-2200 -> 1699 | AE62: =AD62+AE20-AE42-2200 -> -1560 | AF62: =AE62+AF20-AF42-2200 -> -4841
B63: GINGER | C63: 3212 | D63: =C63-(V43/31*9) -> 2978.2903 | E63: =D63-W63 -> -661.70968 | K63: GINGER | L63: 0 | M63: 0 | N63: 3408 | O63: 3320 | P63: 5680 | Q63: 5320 | R63: 4936 | S63: 4713 | T63: 4400 | U63: 6540 | V63: 6140 | W63: =V63+W21-W43-1800 -> 3640 | X63: =W63+X21-X43 -> 2843 | Y63: =X63+Y21-Y43 -> 2038 | Z63: =Y63+Z21-Z43-1000 -> 225 | AA63: =Z63+AA21-AA43 -> -596 | AB63: =AA63+AB21-AB43 -> 5431 | AC63: =AB63+AC21-AC43-3000 -> 1577 | AD63: =AC63+AD21-AD43 -> 706 | AE63: =AD63+AE21-AE43 -> -183 | AF63: =AE63+AF21-AF43 -> -1089
J64: Total | L64: =SUM(L48:L63) -> 129874 | M64: =SUM(M48:M63) -> 150160 | N64: =SUM(N48:N63) -> 183362 | O64: =SUM(O48:O63) -> 267173 | P64: =SUM(P48:P63) -> 293785 | Q64: =SUM(Q48:Q63) -> 275253 | R64: =SUM(R48:R63) -> 268277 | S64: =SUM(S48:S63) -> 340767.24 | ... AF64: =SUM(AF48:AF63) -> 59541
I67: Stock Level(Month) | L67: Sep. | M67: Oct. | N67: Nov. | O67: Dec. | P67: Jan. | Q67: Feb. | R67: Mar. | S67: Apr. | T67: May. | U67: Jun. | V67: Jul. | W67: Aug. | X67: Sept. | Y67: Oct. | Z67: Nov. | AA67: Dec. | AB67: Jan. | AC67: Feb. | AD67: Mar. | AE67: Apr. | AF67: May.
I68: Stock month by SKU | J68: PN | K68: Pre | L68: =L48/L28 -> 5.7098592 | M68: =M48/M28 -> 7.3244353 | N68: =N48/N28 -> 5.4881517 | O68: =O48/O28 -> 4.2859155 | P68: =P48/P28 -> 3.2477558 | Q68: =Q48/Q28 -> 10.903553 | R68: =R48/R28 -> 14.303797 | S68: =S48/S28 -> 16.828571 | ... AF68: =AF48/AF28 -> 0.65836299
K69: 1 | L69: =L49/L29 -> 0.61338991 | M69: =M49/M29 -> 0 | N69: =N49/N29 -> 1.4469526 | O69: =O49/O29 -> 2.8421659 | P69: =P49/P29 -> 3.5950029 | Q69: =Q49/Q29 -> 11.24344 | R69: =R49/R29 -> 12.853116 | S69: =S49/S29 -> 9.7776138 | ... AF69: =AF49/AF29 -> -3.2654762
K70: TAB IF | L70: =L50/L30 -> 5.3204144 | M70: =M50/M30 -> 5.7006705 | N70: =N50/N30 -> 5.6898876 | O70: =O50/O30 -> 4.7923341 | P70: =P50/P30 -> 10.049145 | Q70: =Q50/Q30 -> 0 | R70: =R50/R30 -> 0 | S70: =S50/S30 -> -0.00026666667 | ... AF70: =AF50/AF30 -> 8.3438438
K71: 2 | L71: =L51/L31 -> 4.6736111 | M71: =M51/M31 -> 4.3784 | N71: =N51/N31 -> 2.3857383 | O71: =O51/O31 -> 1.5913256 | P71: =P51/P31 -> 1.261242 | Q71: =Q51/Q31 -> 2.8742656 | R71: =R51/R31 -> 2.4641806 | S71: =S51/S31 -> 0.82212786 | ... AF71: =AF51/AF31 -> -4.6688439
K72: TAB FO | L72: =L52/L32 -> 5.7105773 | M72: =M52/M32 -> 5.5870625 | N72: =N52/N32 -> 5.5256079 | O72: =O52/O32 -> 3.7746983 | P72: =P52/P32 -> 7.0178571 | Q72: =Q52/Q32 -> 12.637376 | R72: =R52/R32 -> 16.779539 | S72: =S52/S32 -> 17.299476 | ... AF72: =AF52/AF32 -> 0
K73: 3 | L73: =L53/L33 -> 0.043348281 | M73: =M53/M33 -> 0 | N73: =N53/N33 -> 2.7726218 | O73: =O53/O33 -> 1.423588 | P73: =P53/P33 -> 0.53309481 | Q73: =Q53/Q33 -> 6.3529412 | R73: =R53/R33 -> 0.80808081 | S73: =S53/S33 -> 0 | ... AF73: =AF53/AF33 -> 0.69505495
J74: PF | K74: Pre | L74: =L54/L34 -> 1.3580718 | M74: =M54/M34 -> 2.251402 | N74: =N54/N34 -> 1.7703956 | O74: =O54/O34 -> 2.5280222 | P74: =P54/P34 -> 3.2556986 | Q74: =Q54/Q34 -> 7.2572768 | R74: =R54/R34 -> 10.766051 | S74: =S54/S34 -> 22.539266 | ... AF74: =AF54/AF34 -> 5.0925714
K75: 1 | L75: =L55/L35 -> 2.5324309 | M75: =M55/M35 -> 2.0801902 | N75: =N55/N35 -> 1.5043729 | O75: =O55/O35 -> 3.3939143 | P75: =P55/P35 -> 4.1286088 | Q75: =Q55/Q35 -> 8.2584061 | R75: =R55/R35 -> 11.640269 | S75: =S55/S35 -> 16.936186 | ... AF75: =AF55/AF35 -> 2.4138135
K76: 2 | L76: =L56/L36 -> 1.3641407 | M76: =M56/M36 -> 3.4973684 | N76: =N56/N36 -> 3.2350991 | O76: =O56/O36 -> 3.1058632 | P76: =P56/P36 -> 4.0245027 | Q76: =Q56/Q36 -> 12.501233 | R76: =R56/R36 -> 14.052391 | S76: =S56/S36 -> 18.155981 | ... AF76: =AF56/AF36 -> 4.0530577
K77: Kinder 1+ | L77: =L57/L37 -> 1.9362187 | M77: =M57/M37 -> 3.0849732 | N77: =N57/N37 -> 2.8703774 | O77: =O57/O37 -> 4.4257591 | P77: =P57/P37 -> 5.6305457 | Q77: =Q57/Q37 -> 11.118907 | R77: =R57/R37 -> 13.207242 | S77: =S57/S37 -> 14.362244 | ... AF77: =AF57/AF37 -> 2.971134
J78: SF | K78: AR | L78: =L58/L38 -> 7.9759036 | M78: =M58/M38 -> 5.6413043 | N78: =N58/N38 -> 5.1422925 | O78: =O58/O38 -> 3.6780576 | P78: =P58/P38 -> 1.7412869 | Q78: =Q58/Q38 -> 2.6694915 | R78: =R58/R38 -> 3.0042373 | S78: =S58/S38 -> 2.0152299 | ... AF78: =AF58/AF38 -> 5.7511962
K79: Comfort | L79: =L59/L39 -> 3.1494253 | M79: =M59/M39 -> 3.3492063 | N79: =N59/N39 -> 10.868852 | O79: =O59/O39 -> 10.549505 | P79: =P59/P39 -> 8.8657407 | Q79: =Q59/Q39 -> 7.2543103 | R79: =R59/R39 -> 14.3 | S79: =S59/S39 -> 7.2323129 | ... AF79: =AF59/AF39 -> 2.7394958
J80: Fortimel | K80: Protein Mocha | P80: =P60/P40 -> 11.490672 | Q80: =Q60/Q40 -> 22.541071 | R80: =R60/R40 -> 39.458333 | S80: =S60/S40 -> 34.16092 | T80: =T60/T40 -> 26.950935 | U80: =U60/U40 -> 13.582353 | V80: =V60/V40 -> 14.292074 | W80: =W60/W40 -> 18.70509 | ... AF80: =AF60/AF40 -> -4.4963303
K81: Protein Neu | P81: =P61/P41 -> 11.813462 | Q81: =Q61/Q41 -> 27.411638 | R81: =R61/R41 -> 47.17803 | S81: =S61/S41 -> 33.873596 | T81: =T61/T41 -> 25.302174 | U81: =U61/U41 -> 13.695652 | V81: =V61/V41 -> 12.496651 | W81: =W61/W41 -> 17.238827 | ... AF81: =AF61/AF41 -> -2.1321928
K82: REDFRUITS | P82: =P62/P42 -> 7.6568878 | Q82: =Q62/Q42 -> 11.752119 | R82: =R62/R42 -> 15.911585 | S82: =S62/S42 -> 17.260563 | T82: =T62/T42 -> 16.880435 | U82: =U62/U42 -> 6.1672727 | V82: =V62/V42 -> 6.4223464 | W82: =W62/W42 -> 6.684492 | ... AF82: =AF62/AF42 -> -4.4782609
K83: GINGER | P83: =P63/P43 -> 5.4198473 | Q83: =Q63/Q43 -> 14.148936 | R83: =R63/R43 -> 12.854167 | S83: =S63/S43 -> 22.231132 | T83: =T63/T43 -> 13.580247 | U83: =U63/U43 -> 5.8602151 | V83: =V63/V43 -> 7.6273292 | W83: =W63/W43 -> 5.2 | ... AF83: =AF63/AF43 -> -1.2019868
J84: Total | L84: =AVERAGE(L68:L83) -> 3.3656159 | M84: =AVERAGE(M68:M83) -> 3.5745844 | N84: =AVERAGE(N68:N83) -> 4.0583625 | O84: =AVERAGE(O68:O83) -> 3.8659291 | P84: =AVERAGE(P68:P83) -> 5.6082094 | Q84: =AVERAGE(Q68:Q83) -> 10.55781 | R84: =AVERAGE(R68:R83) -> 14.348814 | S84: =AVERAGE(S68:S83) -> 14.593435 | ... AF84: =AVERAGE(AF68:AF83) -> 0.77971497

Sheet Jikgu_2608(sales)
I2: ※ Aptamil D2C Jikgu Stock Overview | R2: 포티멜 유통기한 | W2: TAB 추가 생산 | X2: TABS 생산 중단 | Y2: TABS 생산 중단 | Z2: TABS 발주 가능 | AA2: comfort 1plt 만 에어발주 가능
K3: 발주 | U3: 3월 오더 잔여분 | W3: 2 | X3: 3 | Y3: 4 | Z3: 5 | AA3: 6 | AB3: 7 | AC3: 8 | AD3: 9
I4: 1750 | K4: 생산 | R4: TABS 추가 수량 제외 | S4: TABS 추가 수량 제외 | U4: 6,7월 AR, fortimel 제외 발주 취소 | W4: 5 | X4: 6 | Y4: 7 | Z4: 8 | AA4: 9 | AB4: 10 | AC4: 11 | AD4: 12
A5: SKU | C5: 파렛트 수량 조정 | D5: 파렛트 총합 | E5: 컨테이너 수 | F5: 평균 판매량 | G5: MOQ (TU) | H5: TU | I5: Supply (arrival) | L5: Sep. | M5: Oct. | N5: Nov. | O5: Dec. | P5: Jan. | Q5: Feb. | R5: Mar. | S5: Apr. | T5: May. | U5: Jun. | V5: Jul. | W5: Aug. | X5: Sept. | Y5: Oct. | Z5: Nov. | AA5: Dec. | AB5: Jan. | AC5: Feb. | AD5: Mar. | AE5: Apr. | AF5: May.
A6: PN | B6: Pre | C6: 0 | D6: =SUM(C6:C11) -> 0 | E6: =D6/22 -> 0 | F6: =AVERAGE(S28:U28) -> 116.33333 | G6: 576 | H6: =AB6/6 -> 0 | I6: Supply (arrival) | J6: PN | K6: Pre | N6: 540 | O6: 282 | P6: 1080 | Q6: 540 | R6: 270 | T6: 1620 | AB6: 0
B7: 1 | C7: 0 | F7: =AVERAGE(S29:U29) -> 762 | G7: 432 | H7: =AB7/6 -> 0 | K7: 1 | L7: 2700 | N7: 2160 | O7: 5400 | P7: 2970 | Q7: 2220 | R7: 1620 | T7: 3780 | AB7: 0
B8: TAB IF | C8: 0 | F8: =AVERAGE(S30:U30) -> 229 | G8: 600 | H8: =AB8/6 -> 0 | K8: TAB IF | L8: 2736 | P8: 7140 | S8: 3480 | T8: 3240 | X8: =1620*4+192*4 -> 7248 | AB8: 0
B9: 2 | C9: 0 | F9: =AVERAGE(S31:U31) -> 1318.6667 | G9: 720 | H9: =AB9/6 -> 0 | K9: 2 | N9: 540 | P9: 1620 | Q9: 1080 | R9: 1080 | T9: 7830 | Y9: =5940-5940 -> 0 | AB9: 0
B10: TAB FO | C10: 0 | F10: =AVERAGE(S32:U32) -> 601.66667 | G10: 600 | H10: =AB10/6 -> 0 | K10: TAB FO | L10: 2472 | P10: 6368 | Q10: 4548 | R10: 2152 | S10: 3680 | T10: 8196 | U10: 4840 | AB10: 0
B11: 3 | C11: 0 | F11: =AVERAGE(S33:U33) -> 253 | G11: 144 | H11: =AB11/6 -> 0 | K11: 3 | N11: 1620 | O11: 270 | Q11: 540 | T11: =3780+810 -> 4590 | AB11: 0
A12: PF | B12: Pre | C12: 0 | D12: =SUM(C12:C17) -> 0 | E12: =D12/25 -> 0 | F12: =AVERAGE(S34:U34) -> 2476 | G12: 1248 | H12: =AB12/6 -> 0 | J12: PF | K12: Pre | L12: 4224 | M12: 14076 | N12: 10364 | O12: 25824 | P12: 17036 | Q12: 4304 | S12: 29184 | U12: 1536 | AB12: =96*4*$C12 -> 0
B13: 1 | C13: 0 | F13: =AVERAGE(S35:U35) -> 4865.6667 | G13: 1248 | H13: =AB13/6 -> 0 | K13: 1 | L13: 32988 | M13: 4608 | N13: 22656 | O13: 83564 | P13: 23448 | S13: 30528 | U13: 10368 | AB13: =96*4*$C13 -> 0
B14: 2 | C14: 0 | F14: =AVERAGE(S36:U36) -> 8297.3333 | G14: 1632 | H14: =AB14/6 -> 0 | K14: 2 | L14: 13824 | M14: 45432 | N14: 43776 | O14: 38400 | P14: 21032 | Q14: 29628 | R14: 5660 | S14: 33124 | U14: 14208 | AB14: =96*4*$C14 -> 0
B15: Kinder 1+ | C15: 0 | F15: =AVERAGE(S37:U37) -> 1378 | H15: =AB15/6 -> 0 | K15: Kinder 1+ | L15: 384 | M15: 4736 | N15: 3236 | O15: 8744 | P15: 3624 | Q15: 2068 | R15: 3380 | S15: 1920 | U15: 3456 | AB15: =96*4*$C15 -> 0
A16: SF | B16: AR | C16: 0 | F16: =AVERAGE(S38:U38) -> 215.33333 | H16: =AB16/6 -> 0 | J16: SF | K16: AR | M16: 1008 | U16: 3024 | AB16: =42*24*$C16 -> 0
B17: Comfort | C17: 0 | F17: =AVERAGE(S39:U39) -> 205.33333 | H17: =AB17/6 -> 0 | K17: Comfort | N17: 1008 | O17: 1008 | AA17: 1008 | AB17: =42*24*$C17 -> 0
J18: Fortimel | K18: Protein Mocha | N18: 3432 | P18: 3432 | Q18: 6864 | U18: 3432 | AB18: 3432
K19: Protein Neu | N19: 3432 | P19: 3432 | Q19: 6864 | U19: 3432 | AB19: 3432
K20: REDFRUITS | N20: 3432 | P20: 3432 | U20: 3432 | AB20: 6864
K21: GINGER | N21: 3432 | P21: 3432 | U21: 3432 | AB21: 6864
J22: Total | L22: =SUM(L6:L21) -> 59328 | M22: =SUM(M6:M21) -> 69860 | N22: =SUM(N6:N21) -> 99628 | O22: =SUM(O6:O21) -> 163492 | P22: =SUM(P6:P21) -> 98046 | Q22: =SUM(Q6:Q21) -> 58656 | R22: =SUM(R6:R21) -> 14162 | S22: =SUM(S6:S21) -> 101916 | ... AF22: =SUM(AF6:AF21) -> 0
J23: 발주 금액 | L23: =금액!E34 -> 1131080.5 | M23: =금액!F34 -> 1283335.2 | N23: =금액!G34 -> 1628142.5 | O23: =금액!H34 -> 3034407.5 | P23: =금액!I34 -> 1526571.1 | Q23: =금액!J34 -> 827218.72 | R23: =금액!K34 -> 187967.86 | S23: =금액!L34 -> 1951046.5 | ... AF23: =금액!Y34 -> 0
J24: 발주 금액(KRW) | L24: =L23*$I$4 -> 1979390910 | M24: =M23*$I$4 -> 2245836600 | N24: =N23*$I$4 -> 2849249410 | O24: =O23*$I$4 -> 5310213160 | P24: =P23*$I$4 -> 2671499495 | Q24: =Q23*$I$4 -> 1.4476328e+09 | R24: =R23*$I$4 -> 328943755 | S24: =S23*$I$4 -> 3414331340 | ... AF24: =AF23*$I$4 -> 0
L26: Actual | M26: Actual | N26: Actual | O26: Actual | P26: Actual | Q26: Actual | R26: Actual | S26: Actual | T26: Actual | U26: Actual | V26: fcst | W26: fcst | X26: fcst | Y26: fcst | Z26: fcst | AA26: fcst | AB26: fcst | AC26: fcst | AD26: fcst | AE26: fcst | AF26: fcst
I27: Sales | L27: Sep. | M27: Oct. | N27: Nov. | O27: Dec. | P27: Jan. | Q27: Feb. | R27: Mar. | S27: Apr. | T27: May. | U27: Jun. | V27: Jul. | W27: Aug. | X27: Sept. | Y27: Oct. | Z27: Nov. | AA27: Dec. | AB27: Jan. | AC27: Feb. | AD27: Mar. | AE27: Apr. | AF27: May.
I28: Sales CU | J28: PN | K28: Pre | L28: 710 | M28: 487 | N28: 633 | O28: 710 | P28: 557 | Q28: 197 | R28: 158 | S28: 126 | T28: 84 | U28: 139 | V28: 142 | W28: 205 | X28: 213 | Y28: 209 | Z28: 242 | AA28: 276 | AB28: 309 | AC28: 337 | AD28: 358 | AE28: 375 | AF28: 390
K29: 1 | L29: 2121 | M29: 1299 | N29: 886 | O29: 1736 | P29: 1721 | Q29: 686 | R29: 674 | S29: 813 | T29: 747 | U29: 726 | V29: 638 | W29: 924 | X29: 942 | Y29: 933 | Z29: 989 | AA29: 1038 | AB29: 1080 | AC29: 1112 | AD29: 1135 | AE29: 1169 | AF29: 1192
K30: TAB IF | L30: 2606 | M30: 2088 | N30: 1780 | O30: 1748 | P30: 1404 | Q30: 160 | R30: 0.1 | S30: 100 | T30: 297 | U30: 290 | V30: 300 | W30: 381 | X30: 469 | Y30: 441 | Z30: 471 | AA30: 495 | AB30: 485 | AC30: 495 | AD30: 599 | AE30: 760 | AF30: 798
K31: 2 | L31: 1440 | M31: 1250 | N31: 1781 | O31: 1637 | P31: 1868 | Q31: 851 | R31: 1019 | S31: 1413 | T31: 1345 | U31: 1198 | V31: 1151 | W31: 1013 | X31: 1033 | Y31: 1013 | Z31: 1053 | AA31: 1085 | AB31: 1074 | AC31: 1042 | AD31: 1198 | AE31: 1270 | AF31: 1308
K32: TAB FO | L32: 2581 | M32: 2257 | N32: 1933 | O32: 2237 | P32: 1848 | Q32: 808 | R32: 694 | S32: 636 | T32: 592 | U32: 577 | V32: 577 | W32: 563 | X32: 681 | Y32: 654 | Z32: 739 | AA32: 783 | AB32: 768 | AC32: 752 | AD32: 850 | AE32: 995 | AF32: 1024
K33: 3 | L33: 669 | M33: 29 | N33: 431 | O33: 602 | P33: 559 | Q33: 85 | R33: 297 | S33: 240 | T33: 225 | U33: 294 | V33: 311 | W33: 442 | X33: 446 | Y33: 451 | Z33: 460 | AA33: 469 | AB33: 474 | AC33: 483 | AD33: 488 | AE33: 498 | AF33: 508
J34: PF | K34: Pre | L34: 9688 | M34: 8381 | N34: 10566 | O34: 12615 | P34: 11494 | Q34: 4054 | R34: 2492 | S34: 2360 | T34: 2541 | U34: 2527 | V34: 2561 | W34: 2749 | X34: 2859 | Y34: 2916 | Z34: 3149 | AA34: 3307 | AB34: 3439 | AC34: 3542 | AD34: 3649 | AE34: 3795 | AF34: 3908
K35: 1 | L35: 17360 | M35: 15775 | N35: 22182 | O35: 26587 | P35: 22168 | Q35: 7554 | R35: 4912 | S35: 4861 | T35: 5004 | U35: 4732 | V35: 5157 | W35: 5420 | X35: 5528 | Y35: 5639 | Z35: 5977 | AA35: 6276 | AB35: 6527 | AC35: 6723 | AD35: 6925 | AE35: 7063 | AF35: 7204
K36: 2 | L36: 18026 | M36: 15580 | N36: 23220 | O36: 27630 | P36: 21263 | Q36: 8519 | R36: 7444 | S36: 7150 | T36: 8966 | U36: 8776 | V36: 8169 | W36: 7188 | X36: 7547 | Y36: 7774 | Z36: 8240 | AA36: 8570 | AB36: 8827 | AC36: 9003 | AD36: 9274 | AE36: 9459 | AF36: 9648
K37: Kinder 1+ | L37: 2195 | M37: 2236 | N37: 2623 | O37: 2997 | P37: 2547 | Q37: 1354 | R37: 1298 | S37: 1236 | T37: 1438 | U37: 1460 | V37: 1392 | W37: 1220 | X37: 1244 | Y37: 1269 | Z37: 1345 | AA37: 1440 | AB37: 1483 | AC37: 1527 | AD37: 1573 | AE37: 1605 | AF37: 1637
J38: SF | K38: AR | L38: 332 | M38: 552 | N38: 506 | O38: 556 | P38: 746 | Q38: 354 | R38: 236 | S38: 232 | T38: 218 | U38: 196 | V38: 186 | W38: 127 | X38: 136 | Y38: 137 | Z38: 143 | AA38: 151 | AB38: 159 | AC38: 162 | AD38: 167 | AE38: 172 | AF38: 179
K39: Comfort | L39: 174 | M39: 126 | N39: 122 | O39: 202 | P39: 216 | Q39: 232 | R39: 110 | S39: 196 | T39: 202 | U39: 218 | V39: 171 | W39: 101 | X39: 103 | Y39: 105 | Z39: 107 | AA39: 110 | AB39: 113 | AC39: 115 | AD39: 118 | AE39: 123 | AF39: 124
J40: Fortimel | K40: Protein Mocha | L40: 0 | M40: 0 | N40: 0 | O40: 0 | P40: 536 | Q40: 560 | R40: 312 | S40: 348 | T40: 428 | U40: 1020 | V40: 921 | W40: 930 | X40: 958 | Y40: 967 | Z40: 977 | AA40: 987 | AB40: 1007 | AC40: 1027 | AD40: 1047 | AE40: 1068 | AF40: 1090
K41: Protein Neu | L41: 0 | M41: 0 | N41: 0 | O41: 0 | P41: 520 | Q41: 464 | R41: 264 | S41: 356 | T41: 460 | U41: 1012 | V41: 1045 | W41: 1076 | X41: 1108 | Y41: 1131 | Z41: 1142 | AA41: 1153 | AB41: 1188 | AC41: 1212 | AD41: 1236 | AE41: 1261 | AF41: 1286
K42: REDFRUITS | L42: 0 | M42: 0 | N42: 0 | O42: 0 | P42: 784 | Q42: 472 | R42: 328 | S42: 284 | T42: 276 | U42: 1100 | V42: 895 | W42: 913 | X42: 931 | Y42: 950 | Z42: 960 | AA42: 969 | AB42: 998 | AC42: 1018 | AD42: 1039 | AE42: 1059 | AF42: 1081
K43: GINGER | L43: 0 | M43: 0 | N43: 0 | O43: 0 | P43: 1048 | Q43: 376 | R43: 384 | S43: 212 | T43: 324 | U43: 1116 | V43: 805 | W43: 789 | X43: 797 | Y43: 805 | Z43: 813 | AA43: 821 | AB43: 837 | AC43: 854 | AD43: 871 | AE43: 889 | AF43: 906
J44: Total | L44: =SUM(L28:L39) -> 57902 | M44: =SUM(M28:M39) -> 50060 | N44: =SUM(N28:N39) -> 66663 | O44: =SUM(O28:O39) -> 79257 | P44: =SUM(P28:P39) -> 66391 | Q44: =SUM(Q28:Q39) -> 24854 | R44: =SUM(R28:R39) -> 19334.1 | S44: =SUM(S28:S39) -> 19363 | ... AF44: =SUM(AF28:AF39) -> 27920
C47: 8/20 기말재고 | D47: 예상 기말재고 | I47: Stock(CU) | L47: Sep. | M47: Oct. | N47: Nov. | O47: Dec. | P47: Jan. | Q47: Feb. | R47: Mar. | S47: Apr. | T47: May. | U47: Jun. | V47: Jul. | W47: Aug. | X47: Sept. | Y47: Oct. | Z47: Nov. | AA47: Dec. | AB47: Jan. | AC47: Feb. | AD47: Mar. | AE47: Apr. | AF47: May.
A48: PN | B48: Pre | C48: 3283 | D48: =C48-(W28/31*11) -> 3210.2581 | E48: =D48-W48 -> 11.258065 | I48: Stock | J48: PN | K48: Pre | L48: 4054 | M48: 3567 | N48: 3474 | O48: 3043 | P48: =3566-1757 -> 1809 | Q48: =3905-1757 -> 2148 | R48: 2260 | S48: 2120.4 | T48: 3664 | U48: 3517.4 | V48: 3404 | W48: =V48+W6-W28 -> 3199 | X48: =W48+X6-X28 -> 2986 | Y48: =X48+Y6-Y28 -> 2777 | Z48: =Y48+Z6-Z28 -> 2535 | AA48: =Z48+AA6-AA28 -> 2259 | AB48: =AA48+AB6-AB28 -> 1950 | AC48: =AB48+AC6-AC28 -> 1613 | AD48: =AC48+AD6-AD28 -> 1255 | ... AF48: =AE48+AF6-AF28 -> 490
B49: 1 | C49: 9067 | D49: =C49-(V29/31*9) -> 8881.7742 | E49: =D49-W49 -> 135.77419 | K49: 1 | L49: 1301 | M49: 0 | N49: 1282 | O49: 4934 | P49: 6187 | Q49: 7713 | R49: 8663 | S49: 7949.2 | T49: 10902 | U49: 10107.067 | V49: 9670 | W49: =V49+W7-W29 -> 8746 | X49: =W49+X7-X29 -> 7804 | Y49: =X49+Y7-Y29 -> 6871 | Z49: =Y49+Z7-Z29 -> 5882 | AA49: =Z49+AA7-AA29 -> 4844 | AB49: =AA49+AB7-AB29 -> 3764 | AC49: =AB49+AC7-AC29 -> 2652 | AD49: =AC49+AD7-AD29 -> 1517 | ... AF49: =AE49+AF7-AF29 -> -844
B50: TAB IF | C50: 5512 | D50: =C50-(V30/31*9) -> 5424.9032 | E50: =D50-W50 -> 50.903226 | K50: TAB IF | L50: 13865 | M50: 11903 | N50: 10128 | O50: 8377 | P50: 14109 | Q50: 0 | R50: 0 | S50: -0.026666667 | T50: 6326 | U50: 6061.4667 | V50: 5755 | W50: =V50+W8-W30 -> 5374 | X50: =W50+X8-X30 -> 12153 | Y50: =X50+Y8-Y30 -> 11712 | Z50: =Y50+Z8-Z30 -> 11241 | AA50: =Z50+AA8-AA30 -> 10746 | AB50: =AA50+AB8-AB30 -> 10261 | AC50: =AB50+AC8-AC30 -> 9766 | AD50: =AC50+AD8-AD30 -> 9167 | AE50: =AD50+AE8-AE30-1900 -> 6507 | AF50: =AE50+AF8-AF30 -> 5709
B51: 2 | C51: 4933 | D51: =C51-(V31/31*9) -> 4598.8387 | E51: =D51-W51 -> 59.83871 | K51: 2 | L51: 6730 | M51: 5473 | N51: 4249 | O51: 2605 | P51: 2356 | Q51: 2446 | R51: 2511 | S51: 1161.6667 | T51: 7697 | U51: 6510.2 | V51: 5552 | W51: =V51+W9-W31 -> 4539 | X51: =W51+X9-X31 -> 3506 | Y51: =X51+Y9-Y31 -> 2493 | Z51: =Y51+Z9-Z31 -> 1440 | AA51: =Z51+AA9-AA31 -> 355 | AB51: =AA51+AB9-AB31 -> -719 | AC51: =AB51+AC9-AC31 -> -1761 | AD51: =AC51+AD9-AD31 -> -2959 | ... AF51: =AE51+AF9-AF31 -> -5537
B52: TAB FO | C52: 25730 | D52: =C52-(V32/31*9) -> 25562.484 | E52: =D52-W52 -> 74.483871 | K52: TAB FO | L52: 14739 | M52: 12610 | N52: 10681 | O52: 8444 | P52: 12969 | Q52: 10211 | R52: 11645 | S52: 11002.467 | T52: 22295 | U52: 26586.4 | V52: 26051 | W52: =V52+W10-W32 -> 25488 | X52: =W52+X10-X32 -> 24807 | Y52: =X52+Y10-Y32 -> 24153 | Z52: =Y52+Z10-Z32 -> 23414 | AA52: =Z52+AA10-AA32-600 -> 22031 | AB52: =AA52+AB10-AB32-4500 -> 16763 | AC52: =AB52+AC10-AC32 -> 16011 | AD52: =AC52+AD10-AD32 -> 15161 | AE52: =AD52+AE10-AE32-9300 -> 4866 | AF52: =AE52+AF10-AF32-3900 -> -58
B53: 3 | C53: 3457 | D53: =C53-(V33/31*9) -> 3366.7097 | E53: =D53-W53 -> 84.709677 | K53: 3 | L53: 29 | M53: 0 | N53: 1195 | O53: 857 | P53: 298 | Q53: 540 | R53: 240 | S53: 0 | T53: 4365 | U53: 4136.5333 | V53: 3724 | W53: =V53+W11-W33 -> 3282 | X53: =W53+X11-X33 -> 2836 | Y53: =X53+Y11-Y33 -> 2385 | Z53: =Y53+Z11-Z33 -> 1925 | AA53: =Z53+AA11-AA33 -> 1456 | AB53: =AA53+AB11-AB33 -> 982 | AC53: =AB53+AC11-AC33 -> 499 | AD53: =AC53+AD11-AD33 -> 11 | ... AF53: =AE53+AF11-AF33 -> -995
A54: PF | B54: Pre | C54: 46134 | D54: =C54-(V34/31*9) -> 45390.484 | E54: =D54-W54 -> 325.48387 | J54: PF | K54: Pre | L54: 13157 | M54: 18869 | N54: 18706 | O54: 31891 | P54: 37421 | Q54: 29421 | R54: 26829 | S54: 53192.667 | T54: 51109 | U54: 50129.467 | V54: 47814 | W54: =V54+W12-W34 -> 45065 | X54: =W54+X12-X34 -> 42206 | Y54: =X54+Y12-Y34 -> 39290 | Z54: =Y54+Z12-Z34 -> 36141 | AA54: =Z54+AA12-AA34 -> 32834 | AB54: =AA54+AB12-AB34 -> 29395 | AC54: =AB54+AC12-AC34 -> 25853 | AD54: =AC54+AD12-AD34 -> 22204 | ... AF54: =AE54+AF12-AF34 -> 14501
B55: 1 | C55: 76043 | D55: =C55-(V35/31*9) -> 74545.806 | E55: =D55-W55 -> 618.80645 | K55: 1 | L55: 43963 | M55: 32815 | N55: 33370 | O55: 90234 | P55: 91523 | Q55: 62384 | R55: 57177 | S55: 82326.8 | T55: 77809 | U55: 83630.933 | V55: 79347 | W55: =V55+W13-W35 -> 73927 | X55: =W55+X13-X35 -> 68399 | Y55: =X55+Y13-Y35 -> 62760 | Z55: =Y55+Z13-Z35 -> 56783 | AA55: =Z55+AA13-AA35 -> 50507 | AB55: =AA55+AB13-AB35 -> 43980 | AC55: =AB55+AC13-AC35 -> 37257 | AD55: =AC55+AD13-AD35 -> 30332 | ... AF55: =AE55+AF13-AF35 -> 16065
B56: 2 | C56: 113739 | D56: =C56-(V36/31*9) -> 111367.35 | E56: =D56-W56 -> 661.35484 | K56: 2 | L56: 24590 | M56: 54489 | N56: 75119 | O56: 85815 | P56: 85573 | Q56: 106498 | R56: 104606 | S56: 129815.27 | T56: 119550 | U56: 127811.2 | V56: 117894 | W56: =V56+W14-W36 -> 110706 | X56: =W56+X14-X36 -> 103159 | Y56: =X56+Y14-Y36 -> 95385 | Z56: =Y56+Z14-Z36 -> 87145 | AA56: =Z56+AA14-AA36 -> 78575 | AB56: =AA56+AB14-AB36 -> 69748 | AC56: =AB56+AC14-AC36 -> 60745 | AD56: =AC56+AD14-AD36 -> 51471 | ... AF56: =AE56+AF14-AF36 -> 32364
B57: Kinder 1+ | C57: 16471 | D57: =C57-(V37/31*9) -> 16066.871 | E57: =D57-W57 -> 117.87097 | K57: Kinder 1+ | L57: 4250 | M57: 6898 | N57: 7529 | O57: 13264 | P57: 14341 | Q57: 15055 | R57: 17143 | S57: 17751.733 | T57: 16395 | U57: 18375 | V57: 17169 | W57: =V57+W15-W37 -> 15949 | X57: =W57+X15-X37 -> 14705 | Y57: =X57+Y15-Y37 -> 13436 | Z57: =Y57+Z15-Z37 -> 12091 | AA57: =Z57+AA15-AA37 -> 10651 | AB57: =AA57+AB15-AB37 -> 9168 | AC57: =AB57+AC15-AC37 -> 7641 | AD57: =AC57+AD15-AD37 -> 6068 | ... AF57: =AE57+AF15-AF37 -> 2826
A58: SF | B58: AR | C58: 2903 | D58: =C58-(V38/31*9) -> 2849 | E58: =D58-W58 -> -9 | J58: SF | K58: AR | L58: 2648 | M58: 3114 | N58: 2602 | O58: 2045 | P58: 1299 | Q58: 945 | R58: 709 | S58: 467.53333 | T58: 259 | U58: 3100.2 | V58: 2985 | W58: =V58+W16-W38 -> 2858 | X58: =W58+X16-X38 -> 2722 | Y58: =X58+Y16-Y38 -> 2585 | Z58: =Y58+Z16-Z38 -> 2442 | AA58: =Z58+AA16-AA38 -> 2291 | AB58: =AA58+AB16-AB38 -> 2132 | AC58: =AB58+AC16-AC38 -> 1970 | AD58: =AC58+AD16-AD38 -> 1803 | ... AF58: =AE58+AF16-AF38 -> 1452
B59: Comfort | C59: 735 | D59: =C59-(V39/31*9) -> 685.35484 | E59: =D59-W59 -> -20.645161 | K59: Comfort | L59: 548 | M59: 422 | N59: 1326 | O59: 2131 | P59: 1915 | Q59: 1683 | R59: 1573 | S59: 1417.5333 | T59: 1175 | U59: 965.93333 | V59: 807 | W59: =V59+W17-W39 -> 706 | X59: =W59+X17-X39 -> 603 | Y59: =X59+Y17-Y39 -> 498 | Z59: =Y59+Z17-Z39 -> 391 | AA59: =Z59+AA17-AA39 -> 1289 | AB59: =AA59+AB17-AB39 -> 1176 | AC59: =AB59+AC17-AC39 -> 1061 | AD59: =AC59+AD17-AD39 -> 943 | ... AF59: =AE59+AF17-AF39 -> 696
A60: Fortimel | B60: Protein Mocha | C60: 12648 | D60: =C60-(V40/31*9) -> 12380.613 | E60: =D60-W60 -> 147.6129 | J60: Fortimel | K60: Protein Mocha | L60: 0 | M60: 0 | N60: 3431 | O60: 3423 | P60: 6159 | Q60: 12623 | R60: 12311 | S60: 11888 | T60: 11535 | U60: 13854 | V60: 13163 | W60: =V60+W18-W40 -> 12233 | X60: =W60+X18-X40-1100 -> 10175 | Y60: =X60+Y18-Y40-5600 -> 3608 | Z60: =Y60+Z18-Z40 -> 2631 | AA60: =Z60+AA18-AA40-2000 -> -356 | AB60: =AA60+AB18-AB40 -> 2069 | AC60: =AB60+AC18-AC40 -> 1042 | AD60: =AC60+AD18-AD40-1000 -> -1005 | AE60: =AD60+AE18-AE40-1000 -> -3073 | AF60: =AE60+AF18-AF40-1000 -> -5163
B61: Protein Neu | C61: 12520 | D61: =C61-(V41/31*9) -> 12216.613 | E61: =D61-W61 -> 233.6129 | K61: Protein Neu | L61: 0 | M61: 0 | N61: 3431 | O61: 3415 | P61: 6143 | Q61: 12719 | R61: 12455 | S61: 12059 | T61: 11639 | U61: 13860 | V61: 13059 | W61: =V61+W19-W41 -> 11983 | X61: =W61+X19-X41-600 -> 10275 | Y61: =X61+Y19-Y41 -> 9144 | Z61: =Y61+Z19-Z41-4900 -> 3102 | AA61: =Z61+AA19-AA41-2000 -> -51 | AB61: =AA61+AB19-AB41 -> 2193 | AC61: =AB61+AC19-AC41 -> 981 | AD61: =AC61+AD19-AD41-100 -> -355 | AE61: =AD61+AE19-AE41-100 -> -1716 | AF61: =AE61+AF19-AF41-100 -> -3102
B62: REDFRUITS | C62: 5432 | D62: =C62-(V42/31*9) -> 5172.1613 | E62: =D62-W62 -> 337.16129 | K62: REDFRUITS | L62: 0 | M62: 0 | N62: 3431 | O62: 3375 | P62: 6003 | Q62: 5547 | R62: 5219 | S62: 4902 | T62: 4659 | U62: 6784 | V62: 5748 | W62: =V62+W20-W42 -> 4835 | X62: =W62+X20-X42-600 -> 3304 | Y62: =X62+Y20-Y42 -> 2354 | Z62: =Y62+Z20-Z42 -> 1394 | AA62: =Z62+AA20-AA42 -> 425 | AB62: =AA62+AB20-AB42-500 -> 5791 | AC62: =AB62+AC20-AC42 -> 4773 | AD62: =AC62+AD20-AD42-2200 -> 1534 | AE62: =AD62+AE20-AE42-2200 -> -1725 | AF62: =AE62+AF20-AF42-2200 -> -5006
B63: GINGER | C63: 3212 | D63: =C63-(V43/31*9) -> 2978.2903 | E63: =D63-W63 -> -572.70968 | K63: GINGER | L63: 0 | M63: 0 | N63: 3408 | O63: 3320 | P63: 5680 | Q63: 5320 | R63: 4936 | S63: 4713 | T63: 4400 | U63: 6540 | V63: 6140 | W63: =V63+W21-W43-1800 -> 3551 | X63: =W63+X21-X43 -> 2754 | Y63: =X63+Y21-Y43 -> 1949 | Z63: =Y63+Z21-Z43-1000 -> 136 | AA63: =Z63+AA21-AA43 -> -685 | AB63: =AA63+AB21-AB43 -> 5342 | AC63: =AB63+AC21-AC43-3000 -> 1488 | AD63: =AC63+AD21-AD43 -> 617 | AE63: =AD63+AE21-AE43 -> -272 | AF63: =AE63+AF21-AF43 -> -1178
J64: Total | L64: =SUM(L48:L63) -> 129874 | M64: =SUM(M48:M63) -> 150160 | N64: =SUM(N48:N63) -> 183362 | O64: =SUM(O48:O63) -> 267173 | P64: =SUM(P48:P63) -> 293785 | Q64: =SUM(Q48:Q63) -> 275253 | R64: =SUM(R48:R63) -> 268277 | S64: =SUM(S48:S63) -> 340767.24 | ... AF64: =SUM(AF48:AF63) -> 52220
I67: Stock Level(Month) | L67: Sep. | M67: Oct. | N67: Nov. | O67: Dec. | P67: Jan. | Q67: Feb. | R67: Mar. | S67: Apr. | T67: May. | U67: Jun. | V67: Jul. | W67: Aug. | X67: Sept. | Y67: Oct. | Z67: Nov. | AA67: Dec. | AB67: Jan. | AC67: Feb. | AD67: Mar. | AE67: Apr. | AF67: May.
I68: Stock month by SKU | J68: PN | K68: Pre | L68: =L48/L28 -> 5.7098592 | M68: =M48/M28 -> 7.3244353 | N68: =N48/N28 -> 5.4881517 | O68: =O48/O28 -> 4.2859155 | P68: =P48/P28 -> 3.2477558 | Q68: =Q48/Q28 -> 10.903553 | R68: =R48/R28 -> 14.303797 | S68: =S48/S28 -> 16.828571 | ... AF68: =AF48/AF28 -> 1.2564103
K69: 1 | L69: =L49/L29 -> 0.61338991 | M69: =M49/M29 -> 0 | N69: =N49/N29 -> 1.4469526 | O69: =O49/O29 -> 2.8421659 | P69: =P49/P29 -> 3.5950029 | Q69: =Q49/Q29 -> 11.24344 | R69: =R49/R29 -> 12.853116 | S69: =S49/S29 -> 9.7776138 | ... AF69: =AF49/AF29 -> -0.70805369
K70: TAB IF | L70: =L50/L30 -> 5.3204144 | M70: =M50/M30 -> 5.7006705 | N70: =N50/N30 -> 5.6898876 | O70: =O50/O30 -> 4.7923341 | P70: =P50/P30 -> 10.049145 | Q70: =Q50/Q30 -> 0 | R70: =R50/R30 -> 0 | S70: =S50/S30 -> -0.00026666667 | ... AF70: =AF50/AF30 -> 7.1541353
K71: 2 | L71: =L51/L31 -> 4.6736111 | M71: =M51/M31 -> 4.3784 | N71: =N51/N31 -> 2.3857383 | O71: =O51/O31 -> 1.5913256 | P71: =P51/P31 -> 1.261242 | Q71: =Q51/Q31 -> 2.8742656 | R71: =R51/R31 -> 2.4641806 | S71: =S51/S31 -> 0.82212786 | ... AF71: =AF51/AF31 -> -4.2331804
K72: TAB FO | L72: =L52/L32 -> 5.7105773 | M72: =M52/M32 -> 5.5870625 | N72: =N52/N32 -> 5.5256079 | O72: =O52/O32 -> 3.7746983 | P72: =P52/P32 -> 7.0178571 | Q72: =Q52/Q32 -> 12.637376 | R72: =R52/R32 -> 16.779539 | S72: =S52/S32 -> 17.299476 | ... AF72: =AF52/AF32 -> -0.056640625
K73: 3 | L73: =L53/L33 -> 0.043348281 | M73: =M53/M33 -> 0 | N73: =N53/N33 -> 2.7726218 | O73: =O53/O33 -> 1.423588 | P73: =P53/P33 -> 0.53309481 | Q73: =Q53/Q33 -> 6.3529412 | R73: =R53/R33 -> 0.80808081 | S73: =S53/S33 -> 0 | ... AF73: =AF53/AF33 -> -1.9586614
J74: PF | K74: Pre | L74: =L54/L34 -> 1.3580718 | M74: =M54/M34 -> 2.251402 | N74: =N54/N34 -> 1.7703956 | O74: =O54/O34 -> 2.5280222 | P74: =P54/P34 -> 3.2556986 | Q74: =Q54/Q34 -> 7.2572768 | R74: =R54/R34 -> 10.766051 | S74: =S54/S34 -> 22.539266 | ... AF74: =AF54/AF34 -> 3.7105937
K75: 1 | L75: =L55/L35 -> 2.5324309 | M75: =M55/M35 -> 2.0801902 | N75: =N55/N35 -> 1.5043729 | O75: =O55/O35 -> 3.3939143 | P75: =P55/P35 -> 4.1286088 | Q75: =Q55/Q35 -> 8.2584061 | R75: =R55/R35 -> 11.640269 | S75: =S55/S35 -> 16.936186 | ... AF75: =AF55/AF35 -> 2.2300111
K76: 2 | L76: =L56/L36 -> 1.3641407 | M76: =M56/M36 -> 3.4973684 | N76: =N56/N36 -> 3.2350991 | O76: =O56/O36 -> 3.1058632 | P76: =P56/P36 -> 4.0245027 | Q76: =Q56/Q36 -> 12.501233 | R76: =R56/R36 -> 14.052391 | S76: =S56/S36 -> 18.155981 | ... AF76: =AF56/AF36 -> 3.3544776
K77: Kinder 1+ | L77: =L57/L37 -> 1.9362187 | M77: =M57/M37 -> 3.0849732 | N77: =N57/N37 -> 2.8703774 | O77: =O57/O37 -> 4.4257591 | P77: =P57/P37 -> 5.6305457 | Q77: =Q57/Q37 -> 11.118907 | R77: =R57/R37 -> 13.207242 | S77: =S57/S37 -> 14.362244 | ... AF77: =AF57/AF37 -> 1.7263286
J78: SF | K78: AR | L78: =L58/L38 -> 7.9759036 | M78: =M58/M38 -> 5.6413043 | N78: =N58/N38 -> 5.1422925 | O78: =O58/O38 -> 3.6780576 | P78: =P58/P38 -> 1.7412869 | Q78: =Q58/Q38 -> 2.6694915 | R78: =R58/R38 -> 3.0042373 | S78: =S58/S38 -> 2.0152299 | ... AF78: =AF58/AF38 -> 8.1117318
K79: Comfort | L79: =L59/L39 -> 3.1494253 | M79: =M59/M39 -> 3.3492063 | N79: =N59/N39 -> 10.868852 | O79: =O59/O39 -> 10.549505 | P79: =P59/P39 -> 8.8657407 | Q79: =Q59/Q39 -> 7.2543103 | R79: =R59/R39 -> 14.3 | S79: =S59/S39 -> 7.2323129 | ... AF79: =AF59/AF39 -> 5.6129032
J80: Fortimel | K80: Protein Mocha | P80: =P60/P40 -> 11.490672 | Q80: =Q60/Q40 -> 22.541071 | R80: =R60/R40 -> 39.458333 | S80: =S60/S40 -> 34.16092 | T80: =T60/T40 -> 26.950935 | U80: =U60/U40 -> 13.582353 | V80: =V60/V40 -> 14.292074 | W80: =W60/W40 -> 13.153763 | ... AF80: =AF60/AF40 -> -4.7366972
K81: Protein Neu | P81: =P61/P41 -> 11.813462 | Q81: =Q61/Q41 -> 27.411638 | R81: =R61/R41 -> 47.17803 | S81: =S61/S41 -> 33.873596 | T81: =T61/T41 -> 25.302174 | U81: =U61/U41 -> 13.695652 | V81: =V61/V41 -> 12.496651 | W81: =W61/W41 -> 11.136617 | ... AF81: =AF61/AF41 -> -2.4121306
K82: REDFRUITS | P82: =P62/P42 -> 7.6568878 | Q82: =Q62/Q42 -> 11.752119 | R82: =R62/R42 -> 15.911585 | S82: =S62/S42 -> 17.260563 | T82: =T62/T42 -> 16.880435 | U82: =U62/U42 -> 6.1672727 | V82: =V62/V42 -> 6.4223464 | W82: =W62/W42 -> 5.2957284 | ... AF82: =AF62/AF42 -> -4.6308973
K83: GINGER | P83: =P63/P43 -> 5.4198473 | Q83: =Q63/Q43 -> 14.148936 | R83: =R63/R43 -> 12.854167 | S83: =S63/S43 -> 22.231132 | T83: =T63/T43 -> 13.580247 | U83: =U63/U43 -> 5.8602151 | V83: =V63/V43 -> 7.6273292 | W83: =W63/W43 -> 4.5006337 | ... AF83: =AF63/AF43 -> -1.3002208
J84: Total | L84: =AVERAGE(L68:L83) -> 3.3656159 | M84: =AVERAGE(M68:M83) -> 3.5745844 | N84: =AVERAGE(N68:N83) -> 4.0583625 | O84: =AVERAGE(O68:O83) -> 3.8659291 | P84: =AVERAGE(P68:P83) -> 5.6082094 | Q84: =AVERAGE(Q68:Q83) -> 10.55781 | R84: =AVERAGE(R68:R83) -> 14.348814 | S84: =AVERAGE(S68:S83) -> 14.593435 | ... AF84: =AVERAGE(AF68:AF83) -> 0.82000685

Sheet Jikgu_2607
I2: ※ Aptamil D2C Jikgu Stock Overview | R2: 포티멜 유통기한 | W2: TAB 추가 생산 | X2: TABS 생산 중단 | Y2: TABS 생산 중단 | Z2: TABS 발주 가능 | AA2: comfort 1plt 만 에어발주 가능
K3: 발주 | U3: 3월 오더 잔여분 | W3: 2 | X3: 3 | Y3: 4 | Z3: 5 | AA3: 6 | AB3: 7 | AC3: 8 | AD3: 9
I4: 1750 | K4: 생산 | R4: TABS 추가 수량 제외 | S4: TABS 추가 수량 제외 | U4: 6,7월 AR, fortimel 제외 발주 취소 | W4: 5 | X4: 6 | Y4: 7 | Z4: 8 | AA4: 9 | AB4: 10 | AC4: 11 | AD4: 12
A5: SKU | C5: 파렛트 수량 조정 | D5: 파렛트 총합 | E5: 컨테이너 수 | F5: 평균 판매량 | G5: MOQ (TU) | H5: TU | I5: Supply (arrival) | L5: Sep. | M5: Oct. | N5: Nov. | O5: Dec. | P5: Jan. | Q5: Feb. | R5: Mar. | S5: Apr. | T5: May. | U5: Jun. | V5: Jul. | W5: Aug. | X5: Sept. | Y5: Oct. | Z5: Nov. | AA5: Dec. | AB5: Jan. | AC5: Feb. | AD5: Mar. | AE5: Apr. | AF5: May.
A6: PN | B6: Pre | C6: 0 | D6: =SUM(C6:C11) -> 0 | E6: =D6/22 -> 0 | F6: =AVERAGE(S28:U28) -> 116.33333 | G6: 576 | H6: =AB6/6 -> 0 | I6: Supply (arrival) | J6: PN | K6: Pre | N6: 540 | O6: 282 | P6: 1080 | Q6: 540 | R6: 270 | T6: 1620 | AB6: 0
B7: 1 | C7: 0 | F7: =AVERAGE(S29:U29) -> 762 | G7: 432 | H7: =AB7/6 -> 0 | K7: 1 | L7: 2700 | N7: 2160 | O7: 5400 | P7: 2970 | Q7: 2220 | R7: 1620 | T7: 3780 | AB7: 0
B8: TAB IF | C8: 0 | F8: =AVERAGE(S30:U30) -> 229 | G8: 600 | H8: =AB8/6 -> 0 | K8: TAB IF | L8: 2736 | P8: 7140 | S8: 3480 | T8: 3240 | W8: =1620*4+192*4-7248 -> 0 | AB8: 0
B9: 2 | C9: 0 | F9: =AVERAGE(S31:U31) -> 1318.6667 | G9: 720 | H9: =AB9/6 -> 0 | K9: 2 | N9: 540 | P9: 1620 | Q9: 1080 | R9: 1080 | T9: 7830 | Y9: =5940-5940 -> 0 | AB9: 0
B10: TAB FO | C10: 0 | F10: =AVERAGE(S32:U32) -> 601.66667 | G10: 600 | H10: =AB10/6 -> 0 | K10: TAB FO | L10: 2472 | P10: 6368 | Q10: 4548 | R10: 2152 | S10: 3680 | T10: 8196 | U10: 4840 | AB10: 0
B11: 3 | C11: 0 | F11: =AVERAGE(S33:U33) -> 253 | G11: 144 | H11: =AB11/6 -> 0 | K11: 3 | N11: 1620 | O11: 270 | Q11: 540 | T11: =3780+810 -> 4590 | AB11: 0
A12: PF | B12: Pre | C12: 0 | D12: =SUM(C12:C17) -> 0 | E12: =D12/25 -> 0 | F12: =AVERAGE(S34:U34) -> 2476 | G12: 1248 | H12: =AB12/6 -> 0 | J12: PF | K12: Pre | L12: 4224 | M12: 14076 | N12: 10364 | O12: 25824 | P12: 17036 | Q12: 4304 | S12: 29184 | U12: 1536 | AB12: =96*4*$C12 -> 0
B13: 1 | C13: 0 | F13: =AVERAGE(S35:U35) -> 4865.6667 | G13: 1248 | H13: =AB13/6 -> 0 | K13: 1 | L13: 32988 | M13: 4608 | N13: 22656 | O13: 83564 | P13: 23448 | S13: 30528 | U13: 10368 | AB13: =96*4*$C13 -> 0
B14: 2 | C14: 0 | F14: =AVERAGE(S36:U36) -> 8297.3333 | G14: 1632 | H14: =AB14/6 -> 0 | K14: 2 | L14: 13824 | M14: 45432 | N14: 43776 | O14: 38400 | P14: 21032 | Q14: 29628 | R14: 5660 | S14: 33124 | U14: 14208 | AB14: =96*4*$C14 -> 0
B15: Kinder 1+ | C15: 0 | F15: =AVERAGE(S37:U37) -> 1378 | H15: =AB15/6 -> 0 | K15: Kinder 1+ | L15: 384 | M15: 4736 | N15: 3236 | O15: 8744 | P15: 3624 | Q15: 2068 | R15: 3380 | S15: 1920 | U15: 3456 | AB15: =96*4*$C15 -> 0
A16: SF | B16: AR | C16: 0 | F16: =AVERAGE(S38:U38) -> 215.33333 | H16: =AB16/6 -> 0 | J16: SF | K16: AR | M16: 1008 | U16: 3024 | AB16: =42*24*$C16 -> 0
B17: Comfort | C17: 0 | F17: =AVERAGE(S39:U39) -> 205.33333 | H17: =AB17/6 -> 0 | K17: Comfort | N17: 1008 | O17: 1008 | AA17: 1008 | AB17: =42*24*$C17 -> 0
J18: Fortimel | K18: Protein Mocha | N18: 3432 | P18: 3432 | Q18: 6864 | U18: 3432 | AB18: 3432
K19: Protein Neu | N19: 3432 | P19: 3432 | Q19: 6864 | U19: 3432 | AB19: 3432
K20: REDFRUITS | N20: 3432 | P20: 3432 | U20: 3432 | AB20: 6864
K21: GINGER | N21: 3432 | P21: 3432 | U21: 3432 | AB21: 6864
J22: Total | L22: =SUM(L6:L21) -> 59328 | M22: =SUM(M6:M21) -> 69860 | N22: =SUM(N6:N21) -> 99628 | O22: =SUM(O6:O21) -> 163492 | P22: =SUM(P6:P21) -> 98046 | Q22: =SUM(Q6:Q21) -> 58656 | R22: =SUM(R6:R21) -> 14162 | S22: =SUM(S6:S21) -> 101916 | ... AF22: =SUM(AF6:AF21) -> 0
J23: 발주 금액 | L23: =금액!E34 -> 1131080.5 | M23: =금액!F34 -> 1283335.2 | N23: =금액!G34 -> 1628142.5 | O23: =금액!H34 -> 3034407.5 | P23: =금액!I34 -> 1526571.1 | Q23: =금액!J34 -> 827218.72 | R23: =금액!K34 -> 187967.86 | S23: =금액!L34 -> 1951046.5 | ... AF23: =금액!Y34 -> 0
J24: 발주 금액(KRW) | L24: =L23*$I$4 -> 1979390910 | M24: =M23*$I$4 -> 2245836600 | N24: =N23*$I$4 -> 2849249410 | O24: =O23*$I$4 -> 5310213160 | P24: =P23*$I$4 -> 2671499495 | Q24: =Q23*$I$4 -> 1.4476328e+09 | R24: =R23*$I$4 -> 328943755 | S24: =S23*$I$4 -> 3414331340 | ... AF24: =AF23*$I$4 -> 0
L26: Actual | M26: Actual | N26: Actual | O26: Actual | P26: Actual | Q26: Actual | R26: Actual | S26: Actual | T26: Actual | U26: Actual | V26: fcst | W26: fcst | X26: fcst | Y26: fcst | Z26: fcst | AA26: fcst | AB26: fcst | AC26: fcst | AD26: fcst | AE26: fcst | AF26: fcst
I27: Sales | L27: Sep. | M27: Oct. | N27: Nov. | O27: Dec. | P27: Jan. | Q27: Feb. | R27: Mar. | S27: Apr. | T27: May. | U27: Jun. | V27: Jul. | W27: Aug. | X27: Sept. | Y27: Oct. | Z27: Nov. | AA27: Dec. | AB27: Jan. | AC27: Feb. | AD27: Mar. | AE27: Apr. | AF27: May.
I28: Sales CU | J28: PN | K28: Pre | L28: 710 | M28: 487 | N28: 633 | O28: 710 | P28: 557 | Q28: 197 | R28: 158 | S28: 126 | T28: 84 | U28: 139 | V28: 142 | W28: 148 | X28: 154 | Y28: 151 | Z28: 175 | AA28: 199 | AB28: 223 | AC28: 243 | AD28: 258 | AE28: 270 | AF28: 281
K29: 1 | L29: 2121 | M29: 1299 | N29: 886 | O29: 1736 | P29: 1721 | Q29: 686 | R29: 674 | S29: 813 | T29: 747 | U29: 726 | V29: 638 | W29: 651 | X29: 664 | Y29: 657 | Z29: 697 | AA29: 731 | AB29: 761 | AC29: 783 | AD29: 799 | AE29: 823 | AF29: 840
K30: TAB IF | L30: 2606 | M30: 2088 | N30: 1780 | O30: 1748 | P30: 1404 | Q30: 160 | R30: 0.1 | S30: 100 | T30: 297 | U30: 290 | V30: 300 | W30: 345 | X30: 424 | Y30: 399 | Z30: 427 | AA30: 440 | AB30: 404 | AC30: 413 | AD30: 499 | AE30: 634 | AF30: 666
K31: 2 | L31: 1440 | M31: 1250 | N31: 1781 | O31: 1637 | P31: 1868 | Q31: 851 | R31: 1019 | S31: 1413 | T31: 1345 | U31: 1198 | V31: 1151 | W31: 1186 | X31: 1209 | Y31: 1185 | Z31: 1232 | AA31: 1269 | AB31: 1257 | AC31: 1219 | AD31: 1402 | AE31: 1486 | AF31: 1531
K32: TAB FO | L32: 2581 | M32: 2257 | N32: 1933 | O32: 2237 | P32: 1848 | Q32: 808 | R32: 694 | S32: 636 | T32: 592 | U32: 577 | V32: 577 | W32: 612 | X32: 740 | Y32: 710 | Z32: 803 | AA32: 827 | AB32: 761 | AC32: 746 | AD32: 842 | AE32: 986 | AF32: 1015
K33: 3 | L33: 669 | M33: 29 | N33: 431 | O33: 602 | P33: 559 | Q33: 85 | R33: 297 | S33: 240 | T33: 225 | U33: 294 | V33: 311 | W33: 317 | X33: 320 | Y33: 324 | Z33: 330 | AA33: 337 | AB33: 340 | AC33: 347 | AD33: 350 | AE33: 357 | AF33: 364
J34: PF | K34: Pre | L34: 9688 | M34: 8381 | N34: 10566 | O34: 12615 | P34: 11494 | Q34: 4054 | R34: 2492 | S34: 2360 | T34: 2541 | U34: 2527 | V34: 2561 | W34: 2663 | X34: 2770 | Y34: 2936 | Z34: 3171 | AA34: 3298 | AB34: 3397 | AC34: 3499 | AD34: 3569 | AE34: 3640 | AF34: 3749
K35: 1 | L35: 17360 | M35: 15775 | N35: 22182 | O35: 26587 | P35: 22168 | Q35: 7554 | R35: 4912 | S35: 4861 | T35: 5004 | U35: 4732 | V35: 5157 | W35: 5312 | X35: 5418 | Y35: 5526 | Z35: 5747 | AA35: 5977 | AB35: 6097 | AC35: 6280 | AD35: 6468 | AE35: 6597 | AF35: 6729
K36: 2 | L36: 18026 | M36: 15580 | N36: 23220 | O36: 27630 | P36: 21263 | Q36: 8519 | R36: 7444 | S36: 7150 | T36: 8966 | U36: 8776 | V36: 8169 | W36: 8577 | X36: 9006 | Y36: 9367 | Z36: 9929 | AA36: 10326 | AB36: 10635 | AC36: 10848 | AD36: 11174 | AE36: 11397 | AF36: 11625
K37: Kinder 1+ | L37: 2195 | M37: 2236 | N37: 2623 | O37: 2997 | P37: 2547 | Q37: 1354 | R37: 1298 | S37: 1236 | T37: 1438 | U37: 1460 | V37: 1392 | W37: 1420 | X37: 1448 | Y37: 1477 | Z37: 1566 | AA37: 1675 | AB37: 1726 | AC37: 1777 | AD37: 1831 | AE37: 1867 | AF37: 1905
J38: SF | K38: AR | L38: 332 | M38: 552 | N38: 506 | O38: 556 | P38: 746 | Q38: 354 | R38: 236 | S38: 232 | T38: 218 | U38: 196 | V38: 186 | W38: 190 | X38: 192 | Y38: 194 | Z38: 197 | AA38: 201 | AB38: 205 | AC38: 209 | AD38: 214 | AE38: 218 | AF38: 222
K39: Comfort | L39: 174 | M39: 126 | N39: 122 | O39: 202 | P39: 216 | Q39: 232 | R39: 110 | S39: 196 | T39: 202 | U39: 218 | V39: 171 | W39: 176 | X39: 180 | Y39: 183 | Z39: 187 | AA39: 191 | AB39: 194 | AC39: 198 | AD39: 204 | AE39: 206 | AF39: 208
J40: Fortimel | K40: Protein Mocha | L40: 0 | M40: 0 | N40: 0 | O40: 0 | P40: 536 | Q40: 560 | R40: 312 | S40: 348 | T40: 428 | U40: 1020 | V40: 921 | W40: 930 | X40: 958 | Y40: 967 | Z40: 977 | AA40: 987 | AB40: 1007 | AC40: 1027 | AD40: 1047 | AE40: 1068 | AF40: 1090
K41: Protein Neu | L41: 0 | M41: 0 | N41: 0 | O41: 0 | P41: 520 | Q41: 464 | R41: 264 | S41: 356 | T41: 460 | U41: 1012 | V41: 1045 | W41: 1076 | X41: 1108 | Y41: 1131 | Z41: 1142 | AA41: 1153 | AB41: 1188 | AC41: 1212 | AD41: 1236 | AE41: 1261 | AF41: 1286
K42: REDFRUITS | L42: 0 | M42: 0 | N42: 0 | O42: 0 | P42: 784 | Q42: 472 | R42: 328 | S42: 284 | T42: 276 | U42: 1100 | V42: 895 | W42: 913 | X42: 931 | Y42: 950 | Z42: 960 | AA42: 969 | AB42: 998 | AC42: 1018 | AD42: 1039 | AE42: 1059 | AF42: 1081
K43: GINGER | L43: 0 | M43: 0 | N43: 0 | O43: 0 | P43: 1048 | Q43: 376 | R43: 384 | S43: 212 | T43: 324 | U43: 1116 | V43: 805 | W43: 789 | X43: 797 | Y43: 805 | Z43: 813 | AA43: 821 | AB43: 837 | AC43: 854 | AD43: 871 | AE43: 889 | AF43: 906
J44: Total | L44: =SUM(L28:L39) -> 57902 | M44: =SUM(M28:M39) -> 50060 | N44: =SUM(N28:N39) -> 66663 | O44: =SUM(O28:O39) -> 79257 | P44: =SUM(P28:P39) -> 66391 | Q44: =SUM(Q28:Q39) -> 24854 | R44: =SUM(R28:R39) -> 19334.1 | S44: =SUM(S28:S39) -> 19363 | ... AF44: =SUM(AF28:AF39) -> 29135
C47: 7/22 기말재고 | D47: 예상 기말재고 | I47: Stock(CU) | L47: Sep. | M47: Oct. | N47: Nov. | O47: Dec. | P47: Jan. | Q47: Feb. | R47: Mar. | S47: Apr. | T47: May. | U47: Jun. | V47: Jul. | W47: Aug. | X47: Sept. | Y47: Oct. | Z47: Nov. | AA47: Dec. | AB47: Jan. | AC47: Feb. | AD47: Mar. | AE47: Apr. | AF47: May.
A48: PN | B48: Pre | C48: 3441 | D48: =C48-(V28/31*9) -> 3399.7742 | E48: =D48-V48 -> -4.2258065 | I48: Stock | J48: PN | K48: Pre | L48: 4054 | M48: 3567 | N48: 3474 | O48: 3043 | P48: =3566-1757 -> 1809 | Q48: =3905-1757 -> 2148 | R48: 2260 | S48: 2120.4 | T48: 3664 | U48: 3517.4 | V48: 3404 | W48: =V48+W6-W28 -> 3256 | X48: =W48+X6-X28 -> 3102 | Y48: =X48+Y6-Y28 -> 2951 | Z48: =Y48+Z6-Z28 -> 2776 | AA48: =Z48+AA6-AA28 -> 2577 | AB48: =AA48+AB6-AB28 -> 2354 | AC48: =AB48+AC6-AC28 -> 2111 | AD48: =AC48+AD6-AD28 -> 1853 | ... AF48: =AE48+AF6-AF28 -> 1302
B49: 1 | C49: 9798 | D49: =C49-(V29/31*9) -> 9612.7742 | E49: =D49-V49 -> -57.225806 | K49: 1 | L49: 1301 | M49: 0 | N49: 1282 | O49: 4934 | P49: 6187 | Q49: 7713 | R49: 8663 | S49: 7949.2 | T49: 10902 | U49: 10107.067 | V49: 9670 | W49: =V49+W7-W29 -> 9019 | X49: =W49+X7-X29 -> 8355 | Y49: =X49+Y7-Y29 -> 7698 | Z49: =Y49+Z7-Z29 -> 7001 | AA49: =Z49+AA7-AA29 -> 6270 | AB49: =AA49+AB7-AB29 -> 5509 | AC49: =AB49+AC7-AC29 -> 4726 | AD49: =AC49+AD7-AD29 -> 3927 | ... AF49: =AE49+AF7-AF29 -> 2264
B50: TAB IF | C50: 5829 | D50: =C50-(V30/31*9) -> 5741.9032 | E50: =D50-V50 -> -13.096774 | K50: TAB IF | L50: 13865 | M50: 11903 | N50: 10128 | O50: 8377 | P50: 14109 | Q50: 0 | R50: 0 | S50: -0.026666667 | T50: 6326 | U50: 6061.4667 | V50: 5755 | W50: =V50+W8-W30 -> 5410 | X50: =W50+X8-X30 -> 4986 | Y50: =X50+Y8-Y30 -> 4587 | Z50: =Y50+Z8-Z30 -> 4160 | AA50: =Z50+AA8-AA30 -> 3720 | AB50: =AA50+AB8-AB30 -> 3316 | AC50: =AB50+AC8-AC30 -> 2903 | AD50: =AC50+AD8-AD30 -> 2404 | AE50: =AD50+AE8-AE30-1900 -> -130 | AF50: =AE50+AF8-AF30 -> -796
B51: 2 | C51: 5764 | D51: =C51-(V31/31*9) -> 5429.8387 | E51: =D51-V51 -> -122.16129 | K51: 2 | L51: 6730 | M51: 5473 | N51: 4249 | O51: 2605 | P51: 2356 | Q51: 2446 | R51: 2511 | S51: 1161.6667 | T51: 7697 | U51: 6510.2 | V51: 5552 | W51: =V51+W9-W31 -> 4366 | X51: =W51+X9-X31 -> 3157 | Y51: =X51+Y9-Y31 -> 1972 | Z51: =Y51+Z9-Z31 -> 740 | AA51: =Z51+AA9-AA31 -> -529 | AB51: =AA51+AB9-AB31 -> -1786 | AC51: =AB51+AC9-AC31 -> -3005 | AD51: =AC51+AD9-AD31 -> -4407 | ... AF51: =AE51+AF9-AF31 -> -7424
B52: TAB FO | C52: 26234 | D52: =C52-(V32/31*9) -> 26066.484 | E52: =D52-V52 -> 15.483871 | K52: TAB FO | L52: 14739 | M52: 12610 | N52: 10681 | O52: 8444 | P52: 12969 | Q52: 10211 | R52: 11645 | S52: 11002.467 | T52: 22295 | U52: 26586.4 | V52: 26051 | W52: =V52+W10-W32 -> 25439 | X52: =W52+X10-X32 -> 24699 | Y52: =X52+Y10-Y32 -> 23989 | Z52: =Y52+Z10-Z32 -> 23186 | AA52: =Z52+AA10-AA32-600 -> 21759 | AB52: =AA52+AB10-AB32-4500 -> 16498 | AC52: =AB52+AC10-AC32 -> 15752 | AD52: =AC52+AD10-AD32 -> 14910 | AE52: =AD52+AE10-AE32-9300 -> 4624 | AF52: =AE52+AF10-AF32-3900 -> -291
B53: 3 | C53: 3845 | D53: =C53-(V33/31*9) -> 3754.7097 | E53: =D53-V53 -> 30.709677 | K53: 3 | L53: 29 | M53: 0 | N53: 1195 | O53: 857 | P53: 298 | Q53: 540 | R53: 240 | S53: 0 | T53: 4365 | U53: 4136.5333 | V53: 3724 | W53: =V53+W11-W33 -> 3407 | X53: =W53+X11-X33 -> 3087 | Y53: =X53+Y11-Y33 -> 2763 | Z53: =Y53+Z11-Z33 -> 2433 | AA53: =Z53+AA11-AA33 -> 2096 | AB53: =AA53+AB11-AB33 -> 1756 | AC53: =AB53+AC11-AC33 -> 1409 | AD53: =AC53+AD11-AD33 -> 1059 | ... AF53: =AE53+AF11-AF33 -> 338
A54: PF | B54: Pre | C54: 48456 | D54: =C54-(V34/31*9) -> 47712.484 | E54: =D54-V54 -> -101.51613 | J54: PF | K54: Pre | L54: 13157 | M54: 18869 | N54: 18706 | O54: 31891 | P54: 37421 | Q54: 29421 | R54: 26829 | S54: 53192.667 | T54: 51109 | U54: 50129.467 | V54: 47814 | W54: =V54+W12-W34 -> 45151 | X54: =W54+X12-X34 -> 42381 | Y54: =X54+Y12-Y34 -> 39445 | Z54: =Y54+Z12-Z34 -> 36274 | AA54: =Z54+AA12-AA34 -> 32976 | AB54: =AA54+AB12-AB34 -> 29579 | AC54: =AB54+AC12-AC34 -> 26080 | AD54: =AC54+AD12-AD34 -> 22511 | ... AF54: =AE54+AF12-AF34 -> 15122
B55: 1 | C55: 80575 | D55: =C55-(V35/31*9) -> 79077.806 | E55: =D55-V55 -> -269.19355 | K55: 1 | L55: 43963 | M55: 32815 | N55: 33370 | O55: 90234 | P55: 91523 | Q55: 62384 | R55: 57177 | S55: 82326.8 | T55: 77809 | U55: 83630.933 | V55: 79347 | W55: =V55+W13-W35 -> 74035 | X55: =W55+X13-X35 -> 68617 | Y55: =X55+Y13-Y35 -> 63091 | Z55: =Y55+Z13-Z35 -> 57344 | AA55: =Z55+AA13-AA35 -> 51367 | AB55: =AA55+AB13-AB35 -> 45270 | AC55: =AB55+AC13-AC35 -> 38990 | AD55: =AC55+AD13-AD35 -> 32522 | ... AF55: =AE55+AF13-AF35 -> 19196
B56: 2 | C56: 120053 | D56: =C56-(V36/31*9) -> 117681.35 | E56: =D56-V56 -> -212.64516 | K56: 2 | L56: 24590 | M56: 54489 | N56: 75119 | O56: 85815 | P56: 85573 | Q56: 106498 | R56: 104606 | S56: 129815.27 | T56: 119550 | U56: 127811.2 | V56: 117894 | W56: =V56+W14-W36 -> 109317 | X56: =W56+X14-X36 -> 100311 | Y56: =X56+Y14-Y36 -> 90944 | Z56: =Y56+Z14-Z36 -> 81015 | AA56: =Z56+AA14-AA36 -> 70689 | AB56: =AA56+AB14-AB36 -> 60054 | AC56: =AB56+AC14-AC36 -> 49206 | AD56: =AC56+AD14-AD36 -> 38032 | ... AF56: =AE56+AF14-AF36 -> 15010
B57: Kinder 1+ | C57: 17498 | D57: =C57-(V37/31*9) -> 17093.871 | E57: =D57-V57 -> -75.129032 | K57: Kinder 1+ | L57: 4250 | M57: 6898 | N57: 7529 | O57: 13264 | P57: 14341 | Q57: 15055 | R57: 17143 | S57: 17751.733 | T57: 16395 | U57: 18375 | V57: 17169 | W57: =V57+W15-W37 -> 15749 | X57: =W57+X15-X37 -> 14301 | Y57: =X57+Y15-Y37 -> 12824 | Z57: =Y57+Z15-Z37 -> 11258 | AA57: =Z57+AA15-AA37 -> 9583 | AB57: =AA57+AB15-AB37 -> 7857 | AC57: =AB57+AC15-AC37 -> 6080 | AD57: =AC57+AD15-AD37 -> 4249 | ... AF57: =AE57+AF15-AF37 -> 477
A58: SF | B58: AR | C58: 3023 | D58: =C58-(V38/31*9) -> 2969 | E58: =D58-V58 -> -16 | J58: SF | K58: AR | L58: 2648 | M58: 3114 | N58: 2602 | O58: 2045 | P58: 1299 | Q58: 945 | R58: 709 | S58: 467.53333 | T58: 259 | U58: 3100.2 | V58: 2985 | W58: =V58+W16-W38 -> 2795 | X58: =W58+X16-X38 -> 2603 | Y58: =X58+Y16-Y38 -> 2409 | Z58: =Y58+Z16-Z38 -> 2212 | AA58: =Z58+AA16-AA38 -> 2011 | AB58: =AA58+AB16-AB38 -> 1806 | AC58: =AB58+AC16-AC38 -> 1597 | AD58: =AC58+AD16-AD38 -> 1383 | ... AF58: =AE58+AF16-AF38 -> 943
B59: Comfort | C59: 847 | D59: =C59-(V39/31*9) -> 797.35484 | E59: =D59-V59 -> -9.6451613 | K59: Comfort | L59: 548 | M59: 422 | N59: 1326 | O59: 2131 | P59: 1915 | Q59: 1683 | R59: 1573 | S59: 1417.5333 | T59: 1175 | U59: 965.93333 | V59: 807 | W59: =V59+W17-W39 -> 631 | X59: =W59+X17-X39 -> 451 | Y59: =X59+Y17-Y39 -> 268 | Z59: =Y59+Z17-Z39 -> 81 | AA59: =Z59+AA17-AA39 -> 898 | AB59: =AA59+AB17-AB39 -> 704 | AC59: =AB59+AC17-AC39 -> 506 | AD59: =AC59+AD17-AD39 -> 302 | ... AF59: =AE59+AF17-AF39 -> -112
A60: Fortimel | B60: Protein Mocha | C60: 13259 | D60: =C60-(V40/31*9) -> 12991.613 | E60: =D60-V60 -> -171.3871 | J60: Fortimel | K60: Protein Mocha | L60: 0 | M60: 0 | N60: 3431 | O60: 3423 | P60: 6159 | Q60: 12623 | R60: 12311 | S60: 11888 | T60: 11535 | U60: 13854 | V60: 13163 | W60: =V60+W18-W40 -> 12233 | X60: =W60+X18-X40-1100 -> 10175 | Y60: =X60+Y18-Y40-5600 -> 3608 | Z60: =Y60+Z18-Z40 -> 2631 | AA60: =Z60+AA18-AA40-2000 -> -356 | AB60: =AA60+AB18-AB40 -> 2069 | AC60: =AB60+AC18-AC40 -> 1042 | AD60: =AC60+AD18-AD40-1000 -> -1005 | AE60: =AD60+AE18-AE40-1000 -> -3073 | AF60: =AE60+AF18-AF40-1000 -> -5163
B61: Protein Neu | C61: 13195 | D61: =C61-(V41/31*9) -> 12891.613 | E61: =D61-V61 -> -167.3871 | K61: Protein Neu | L61: 0 | M61: 0 | N61: 3431 | O61: 3415 | P61: 6143 | Q61: 12719 | R61: 12455 | S61: 12059 | T61: 11639 | U61: 13860 | V61: 13059 | W61: =V61+W19-W41 -> 11983 | X61: =W61+X19-X41-600 -> 10275 | Y61: =X61+Y19-Y41 -> 9144 | Z61: =Y61+Z19-Z41-4900 -> 3102 | AA61: =Z61+AA19-AA41-2000 -> -51 | AB61: =AA61+AB19-AB41 -> 2193 | AC61: =AB61+AC19-AC41 -> 981 | AD61: =AC61+AD19-AD41-100 -> -355 | AE61: =AD61+AE19-AE41-100 -> -1716 | AF61: =AE61+AF19-AF41-100 -> -3102
B62: REDFRUITS | C62: 6335 | D62: =C62-(V42/31*9) -> 6075.1613 | E62: =D62-V62 -> 327.16129 | K62: REDFRUITS | L62: 0 | M62: 0 | N62: 3431 | O62: 3375 | P62: 6003 | Q62: 5547 | R62: 5219 | S62: 4902 | T62: 4659 | U62: 6784 | V62: 5748 | W62: =V62+W20-W42 -> 4835 | X62: =W62+X20-X42-600 -> 3304 | Y62: =X62+Y20-Y42 -> 2354 | Z62: =Y62+Z20-Z42 -> 1394 | AA62: =Z62+AA20-AA42 -> 425 | AB62: =AA62+AB20-AB42-500 -> 5791 | AC62: =AB62+AC20-AC42 -> 4773 | AD62: =AC62+AD20-AD42-2200 -> 1534 | AE62: =AD62+AE20-AE42-2200 -> -1725 | AF62: =AE62+AF20-AF42-2200 -> -5006
B63: GINGER | C63: 6196 | D63: =C63-(V43/31*9) -> 5962.2903 | E63: =D63-V63 -> -177.70968 | K63: GINGER | L63: 0 | M63: 0 | N63: 3408 | O63: 3320 | P63: 5680 | Q63: 5320 | R63: 4936 | S63: 4713 | T63: 4400 | U63: 6540 | V63: 6140 | W63: =V63+W21-W43-1800 -> 3551 | X63: =W63+X21-X43 -> 2754 | Y63: =X63+Y21-Y43 -> 1949 | Z63: =Y63+Z21-Z43-1000 -> 136 | AA63: =Z63+AA21-AA43 -> -685 | AB63: =AA63+AB21-AB43 -> 5342 | AC63: =AB63+AC21-AC43-3000 -> 1488 | AD63: =AC63+AD21-AD43 -> 617 | AE63: =AD63+AE21-AE43 -> -272 | AF63: =AE63+AF21-AF43 -> -1178
J64: Total | L64: =SUM(L48:L63) -> 129874 | M64: =SUM(M48:M63) -> 150160 | N64: =SUM(N48:N63) -> 183362 | O64: =SUM(O48:O63) -> 267173 | P64: =SUM(P48:P63) -> 293785 | Q64: =SUM(Q48:Q63) -> 275253 | R64: =SUM(R48:R63) -> 268277 | S64: =SUM(S48:S63) -> 340767.24 | ... AF64: =SUM(AF48:AF63) -> 31580
I67: Stock Level(Month) | L67: Sep. | M67: Oct. | N67: Nov. | O67: Dec. | P67: Jan. | Q67: Feb. | R67: Mar. | S67: Apr. | T67: May. | U67: Jun. | V67: Jul. | W67: Aug. | X67: Sept. | Y67: Oct. | Z67: Nov. | AA67: Dec. | AB67: Jan. | AC67: Feb. | AD67: Mar. | AE67: Apr. | AF67: May.
I68: Stock month by SKU | J68: PN | K68: Pre | L68: =L48/L28 -> 5.7098592 | M68: =M48/M28 -> 7.3244353 | N68: =N48/N28 -> 5.4881517 | O68: =O48/O28 -> 4.2859155 | P68: =P48/P28 -> 3.2477558 | Q68: =Q48/Q28 -> 10.903553 | R68: =R48/R28 -> 14.303797 | S68: =S48/S28 -> 16.828571 | ... AF68: =AF48/AF28 -> 4.633452
K69: 1 | L69: =L49/L29 -> 0.61338991 | M69: =M49/M29 -> 0 | N69: =N49/N29 -> 1.4469526 | O69: =O49/O29 -> 2.8421659 | P69: =P49/P29 -> 3.5950029 | Q69: =Q49/Q29 -> 11.24344 | R69: =R49/R29 -> 12.853116 | S69: =S49/S29 -> 9.7776138 | ... AF69: =AF49/AF29 -> 2.6952381
K70: TAB IF | L70: =L50/L30 -> 5.3204144 | M70: =M50/M30 -> 5.7006705 | N70: =N50/N30 -> 5.6898876 | O70: =O50/O30 -> 4.7923341 | P70: =P50/P30 -> 10.049145 | Q70: =Q50/Q30 -> 0 | R70: =R50/R30 -> 0 | S70: =S50/S30 -> -0.00026666667 | ... AF70: =AF50/AF30 -> -1.1951952
K71: 2 | L71: =L51/L31 -> 4.6736111 | M71: =M51/M31 -> 4.3784 | N71: =N51/N31 -> 2.3857383 | O71: =O51/O31 -> 1.5913256 | P71: =P51/P31 -> 1.261242 | Q71: =Q51/Q31 -> 2.8742656 | R71: =R51/R31 -> 2.4641806 | S71: =S51/S31 -> 0.82212786 | ... AF71: =AF51/AF31 -> -4.8491182
K72: TAB FO | L72: =L52/L32 -> 5.7105773 | M72: =M52/M32 -> 5.5870625 | N72: =N52/N32 -> 5.5256079 | O72: =O52/O32 -> 3.7746983 | P72: =P52/P32 -> 7.0178571 | Q72: =Q52/Q32 -> 12.637376 | R72: =R52/R32 -> 16.779539 | S72: =S52/S32 -> 17.299476 | ... AF72: =AF52/AF32 -> -0.28669951
K73: 3 | L73: =L53/L33 -> 0.043348281 | M73: =M53/M33 -> 0 | N73: =N53/N33 -> 2.7726218 | O73: =O53/O33 -> 1.423588 | P73: =P53/P33 -> 0.53309481 | Q73: =Q53/Q33 -> 6.3529412 | R73: =R53/R33 -> 0.80808081 | S73: =S53/S33 -> 0 | ... AF73: =AF53/AF33 -> 0.92857143
J74: PF | K74: Pre | L74: =L54/L34 -> 1.3580718 | M74: =M54/M34 -> 2.251402 | N74: =N54/N34 -> 1.7703956 | O74: =O54/O34 -> 2.5280222 | P74: =P54/P34 -> 3.2556986 | Q74: =Q54/Q34 -> 7.2572768 | R74: =R54/R34 -> 10.766051 | S74: =S54/S34 -> 22.539266 | ... AF74: =AF54/AF34 -> 4.033609
K75: 1 | L75: =L55/L35 -> 2.5324309 | M75: =M55/M35 -> 2.0801902 | N75: =N55/N35 -> 1.5043729 | O75: =O55/O35 -> 3.3939143 | P75: =P55/P35 -> 4.1286088 | Q75: =Q55/Q35 -> 8.2584061 | R75: =R55/R35 -> 11.640269 | S75: =S55/S35 -> 16.936186 | ... AF75: =AF55/AF35 -> 2.852727
K76: 2 | L76: =L56/L36 -> 1.3641407 | M76: =M56/M36 -> 3.4973684 | N76: =N56/N36 -> 3.2350991 | O76: =O56/O36 -> 3.1058632 | P76: =P56/P36 -> 4.0245027 | Q76: =Q56/Q36 -> 12.501233 | R76: =R56/R36 -> 14.052391 | S76: =S56/S36 -> 18.155981 | ... AF76: =AF56/AF36 -> 1.2911828
K77: Kinder 1+ | L77: =L57/L37 -> 1.9362187 | M77: =M57/M37 -> 3.0849732 | N77: =N57/N37 -> 2.8703774 | O77: =O57/O37 -> 4.4257591 | P77: =P57/P37 -> 5.6305457 | Q77: =Q57/Q37 -> 11.118907 | R77: =R57/R37 -> 13.207242 | S77: =S57/S37 -> 14.362244 | ... AF77: =AF57/AF37 -> 0.2503937
J78: SF | K78: AR | L78: =L58/L38 -> 7.9759036 | M78: =M58/M38 -> 5.6413043 | N78: =N58/N38 -> 5.1422925 | O78: =O58/O38 -> 3.6780576 | P78: =P58/P38 -> 1.7412869 | Q78: =Q58/Q38 -> 2.6694915 | R78: =R58/R38 -> 3.0042373 | S78: =S58/S38 -> 2.0152299 | ... AF78: =AF58/AF38 -> 4.2477477
K79: Comfort | L79: =L59/L39 -> 3.1494253 | M79: =M59/M39 -> 3.3492063 | N79: =N59/N39 -> 10.868852 | O79: =O59/O39 -> 10.549505 | P79: =P59/P39 -> 8.8657407 | Q79: =Q59/Q39 -> 7.2543103 | R79: =R59/R39 -> 14.3 | S79: =S59/S39 -> 7.2323129 | ... AF79: =AF59/AF39 -> -0.53846154
J80: Fortimel | K80: Protein Mocha | P80: =P60/P40 -> 11.490672 | Q80: =Q60/Q40 -> 22.541071 | R80: =R60/R40 -> 39.458333 | S80: =S60/S40 -> 34.16092 | T80: =T60/T40 -> 26.950935 | U80: =U60/U40 -> 13.582353 | V80: =V60/V40 -> 14.292074 | W80: =W60/W40 -> 13.153763 | ... AF80: =AF60/AF40 -> -4.7366972
K81: Protein Neu | P81: =P61/P41 -> 11.813462 | Q81: =Q61/Q41 -> 27.411638 | R81: =R61/R41 -> 47.17803 | S81: =S61/S41 -> 33.873596 | T81: =T61/T41 -> 25.302174 | U81: =U61/U41 -> 13.695652 | V81: =V61/V41 -> 12.496651 | W81: =W61/W41 -> 11.136617 | ... AF81: =AF61/AF41 -> -2.4121306
K82: REDFRUITS | P82: =P62/P42 -> 7.6568878 | Q82: =Q62/Q42 -> 11.752119 | R82: =R62/R42 -> 15.911585 | S82: =S62/S42 -> 17.260563 | T82: =T62/T42 -> 16.880435 | U82: =U62/U42 -> 6.1672727 | V82: =V62/V42 -> 6.4223464 | W82: =W62/W42 -> 5.2957284 | ... AF82: =AF62/AF42 -> -4.6308973
K83: GINGER | P83: =P63/P43 -> 5.4198473 | Q83: =Q63/Q43 -> 14.148936 | R83: =R63/R43 -> 12.854167 | S83: =S63/S43 -> 22.231132 | T83: =T63/T43 -> 13.580247 | U83: =U63/U43 -> 5.8602151 | V83: =V63/V43 -> 7.6273292 | W83: =W63/W43 -> 4.5006337 | ... AF83: =AF63/AF43 -> -1.3002208
J84: Total | L84: =AVERAGE(L68:L83) -> 3.3656159 | M84: =AVERAGE(M68:M83) -> 3.5745844 | N84: =AVERAGE(N68:N83) -> 4.0583625 | O84: =AVERAGE(O68:O83) -> 3.8659291 | P84: =AVERAGE(P68:P83) -> 5.6082094 | Q84: =AVERAGE(Q68:Q83) -> 10.55781 | R84: =AVERAGE(R68:R83) -> 14.348814 | S84: =AVERAGE(S68:S83) -> 14.593435 | ... AF84: =AVERAGE(AF68:AF83) -> 0.06146883

Sheet Jikgu_2606
H2: ※ Aptamil D2C Jikgu Stock Overview | Q2: 포티멜 유통기한 | V2: TAB 추가 생산 | W2: TABS 생산 중단 | X2: TABS 생산 중단 | Y2: TABS 발주 가능 | Z2: comfort 1plt 만 에어발주 가능
J3: 발주 | T3: 3월 오더 잔여분 | V3: 2 | W3: 3 | X3: 4 | Y3: 5 | Z3: 6 | AA3: 7 | AB3: 8 | AC3: 9
H4: 1750 | J4: 생산 | Q4: TABS 추가 수량 제외 | R4: TABS 추가 수량 제외 | T4: 6,7월 AR, fortimel 제외 발주 취소 | V4: 5 | W4: 6 | X4: 7 | Y4: 8 | Z4: 9 | AA4: 10 | AB4: 11 | AC4: 12
C5: 파렛트 수량 조정 | E5: 컨테이너 수 | F5: moq | G5: TU | H5: Supply (arrival) | K5: Sep. | L5: Oct. | M5: Nov. | N5: Dec. | O5: Jan. | P5: Feb. | Q5: Mar. | R5: Apr. | S5: May. | T5: Jun. | U5: Jul. | V5: Aug. | W5: Sept. | X5: Oct. | Y5: Nov. | Z5: Dec. | AA5: Jan. | AB5: Feb. | AC5: Mar. | AD5: Apr. | AE5: May.
A6: PN | B6: Pre | C6: 0 | D6: =SUM(C6:C13) -> 0 | E6: =D6/22 -> 0 | F6: 576 | G6: =Z6/6 -> 0 | H6: Supply (arrival) | I6: PN | J6: Pre | M6: 540 | N6: 282 | O6: 1080 | P6: 540 | Q6: 270 | S6: 1620 | Z6: =45*6*$C6 -> 0
B7: 1 | C7: 0 | F7: 432 | G7: =Z7/6 -> 0 | J7: 1 | K7: 2700 | M7: 2160 | N7: 5400 | O7: 2970 | P7: 2220 | Q7: 1620 | S7: 3780 | Z7: =45*6*$C7 -> 0
B8: 1X1200G | C8: 0 | G8: =Y8/6 -> 0 | J8: 1X1200G | X8: 0
B9: TAB IF | C9: 0 | F9: 600 | G9: =Z9/6 -> 0 | J9: TAB IF | K9: 2736 | O9: 7140 | R9: 3480 | S9: 3240 | V9: =1620*4+192*4-7248 -> 0 | Z9: =90*4*$C9 -> 0
B10: 2 | C10: 0 | F10: 720 | G10: =Z10/6 -> 0 | J10: 2 | M10: 540 | O10: 1620 | P10: 1080 | Q10: 1080 | S10: 7830 | X10: =5940-5940 -> 0 | Z10: =45*6*$C10 -> 0
B11: 2X1200G | C11: 0 | G11: =Y11/6 -> 0 | J11: 2X1200G | X11: 0
B12: TAB FO | C12: 0 | F12: 600 | G12: =Z12/6 -> 0 | J12: TAB FO | K12: 2472 | O12: 6368 | P12: 4548 | Q12: 2152 | R12: 3680 | S12: 8196 | T12: 4840 | Z12: =90*4*$C9 -> 0
B13: 3 | C13: 0 | F13: 144 | G13: =Z13/6 -> 0 | J13: 3 | M13: 1620 | N13: 270 | P13: 540 | S13: =3780+810 -> 4590 | Z13: =45*6*$C13 -> 0
A14: PF | B14: Pre | C14: 0 | D14: =SUM(C14:C20) -> 1 | E14: =D14/25 -> 0.04 | F14: 1248 | G14: =Z14/6 -> 0 | I14: PF | J14: Pre | K14: 4224 | L14: 14076 | M14: 10364 | N14: 25824 | O14: 17036 | P14: 4304 | R14: 29184 | T14: 1536 | Z14: =96*4*$C14 -> 0
B15: 1 | C15: 0 | F15: 1248 | G15: =Z15/6 -> 0 | J15: 1 | K15: 32988 | L15: 4608 | M15: 22656 | N15: 83564 | O15: 23448 | R15: 30528 | T15: 10368 | Z15: =96*4*$C15 -> 0
B16: 2 | C16: 0 | F16: 1632 | G16: =Z16/6 -> 0 | J16: 2 | K16: 13824 | L16: 45432 | M16: 43776 | N16: 38400 | O16: 21032 | P16: 29628 | Q16: 5660 | R16: 33124 | T16: 14208 | Z16: =96*4*$C16 -> 0
B17: Kinder 1+ | C17: 0 | G17: =Z17/6 -> 0 | J17: Kinder 1+ | K17: 384 | L17: 4736 | M17: 3236 | N17: 8744 | O17: 3624 | P17: 2068 | Q17: 3380 | R17: 1920 | T17: 3456 | Z17: =96*4*$C17 -> 0
B18: Kinder 2+ | C18: 0 | G18: =Z18/6 -> 0 | J18: Kinder 2+ | Z18: 0
A19: SF | B19: AR | C19: 0 | G19: =Z19/6 -> 0 | I19: SF | J19: AR | L19: 1008 | T19: 3024 | Z19: =42*24*$C19 -> 0
B20: Comfort | C20: 1 | G20: =Z20/24 -> 42 | J20: Comfort | M20: 1008 | N20: 1008 | Z20: =42*24*$C20 -> 1008
I21: Fortimel | J21: Protein Mocha | M21: 3432 | O21: 3432 | P21: 6864 | T21: 3432 | AA21: 3432
J22: Protein Neu | M22: 3432 | O22: 3432 | P22: 6864 | T22: 3432 | AA22: 3432
J23: REDFRUITS | M23: 3432 | O23: 3432 | T23: 3432 | AA23: 6864
J24: GINGER | M24: 3432 | O24: 3432 | T24: 3432 | AA24: 6864
I25: Total | K25: =SUM(K6:K24) -> 59328 | L25: =SUM(L6:L24) -> 69860 | M25: =SUM(M6:M24) -> 99628 | N25: =SUM(N6:N24) -> 163492 | O25: =SUM(O6:O24) -> 98046 | P25: =SUM(P6:P24) -> 58656 | Q25: =SUM(Q6:Q24) -> 14162 | R25: =SUM(R6:R24) -> 101916 | ... AE25: =SUM(AE6:AE24) -> 0
I26: 발주 금액 | K26: =금액!E34 -> 1131080.5 | L26: =금액!F34 -> 1283335.2 | M26: =금액!G34 -> 1628142.5 | N26: =금액!H34 -> 3034407.5 | O26: =금액!I34 -> 1526571.1 | P26: =금액!J34 -> 827218.72 | Q26: =금액!K34 -> 187967.86 | R26: =금액!L34 -> 1951046.5 | ... AE26: =금액!Y34 -> 0
I27: 발주 금액(KRW) | K27: =K26*$H$4 -> 1979390910 | L27: =L26*$H$4 -> 2245836600 | M27: =M26*$H$4 -> 2849249410 | N27: =N26*$H$4 -> 5310213160 | O27: =O26*$H$4 -> 2671499495 | P27: =P26*$H$4 -> 1.4476328e+09 | Q27: =Q26*$H$4 -> 328943755 | R27: =R26*$H$4 -> 3414331340 | ... AE27: =AE26*$H$4 -> 0
K29: Actual | L29: Actual | M29: Actual | N29: Actual | O29: Actual | P29: Actual | Q29: Actual | R29: Actual | S29: Actual | T29: fcst | U29: fcst | V29: fcst | W29: fcst | X29: fcst | Y29: fcst | Z29: fcst | AA29: fcst | AB29: fcst | AC29: fcst | AD29: fcst | AE29: fcst
H30: Sales | K30: Sep. | L30: Oct. | M30: Nov. | N30: Dec. | O30: Jan. | P30: Feb. | Q30: Mar. | R30: Apr. | S30: May. | T30: Jun. | U30: Jul. | V30: Aug. | W30: Sept. | X30: Oct. | Y30: Nov. | Z30: Dec. | AA30: Jan. | AB30: Feb. | AC30: Mar. | AD30: Apr. | AE30: May.
H31: Sales CU | I31: PN | J31: Pre | K31: 710 | L31: 487 | M31: 633 | N31: 710 | O31: 557 | P31: 197 | Q31: 158 | R31: 126 | S31: 84 | T31: 141 | U31: 154 | V31: 149 | W31: 157 | X31: 169 | Y31: 196 | Z31: 224 | AA31: 250 | AB31: 273 | AC31: 289
J32: 1 | K32: 2121 | L32: 1299 | M32: 886 | N32: 1736 | O32: 1721 | P32: 686 | Q32: 674 | R32: 813 | S32: 747 | T32: 776 | U32: 799 | V32: 807 | W32: 823 | X32: 848 | Y32: 899 | Z32: 944 | AA32: 982 | AB32: 1011 | AC32: 1031
J33: TAB IF | K33: 2606 | L33: 2088 | M33: 1780 | N33: 1748 | O33: 1404 | P33: 160 | Q33: 0.1 | R33: 100 | S33: 297 | T33: 272 | U33: 335 | V33: 385 | W33: 596 | X33: 722 | Y33: 772 | Z33: 795 | AA33: 732 | AB33: 746 | AC33: 903
J34: 2 | K34: 1440 | L34: 1250 | M34: 1781 | N34: 1637 | O34: 1868 | P34: 851 | Q34: 1019 | R34: 1413 | S34: 1345 | T34: 1098 | U34: 1131 | V34: 1154 | W34: 1177 | X34: 1247 | Y34: 1297 | Z34: 1336 | AA34: 1323 | AB34: 1283 | AC34: 1475
J35: TAB FO | K35: 2581 | L35: 2257 | M35: 1933 | N35: 2237 | O35: 1848 | P35: 808 | Q35: 694 | R35: 636 | S35: 592 | T35: 576 | U35: 616 | V35: 653 | W35: 1045 | X35: 1369 | Y35: 1547 | Z35: 1594 | AA35: 1466 | AB35: 1437 | AC35: 1624
J36: 3 | K36: 669 | L36: 29 | M36: 431 | N36: 602 | O36: 559 | P36: 85 | Q36: 297 | R36: 240 | S36: 225 | T36: 223 | U36: 230 | V36: 234 | W36: 239 | X36: 246 | Y36: 258 | Z36: 269 | AA36: 282 | AB36: 299 | AC36: 308
I37: PF | J37: Pre | K37: 9688 | L37: 8381 | M37: 10566 | N37: 12615 | O37: 11494 | P37: 4054 | Q37: 2492 | R37: 2360 | S37: 2541 | T37: 2642 | U37: 2880 | V37: 2966 | W37: 3085 | X37: 3270 | Y37: 3532 | Z37: 3673 | AA37: 3783 | AB37: 3896 | AC37: 3974
J38: 1 | K38: 17360 | L38: 15775 | M38: 22182 | N38: 26587 | O38: 22168 | P38: 7554 | Q38: 4912 | R38: 4861 | S38: 5004 | T38: 4924 | U38: 5121 | V38: 5275 | W38: 5380 | X38: 5488 | Y38: 5707 | Z38: 5935 | AA38: 6054 | AB38: 6236 | AC38: 6423
J39: 2 | K39: 18026 | L39: 15580 | M39: 23220 | N39: 27630 | O39: 21263 | P39: 8519 | Q39: 7444 | R39: 7150 | S39: 8966 | T39: 8703 | U39: 9399 | V39: 9869 | W39: 10363 | X39: 10777 | Y39: 11424 | Z39: 11881 | AA39: 12237 | AB39: 12482 | AC39: 12856
J40: Kinder 1+ | K40: 2195 | L40: 2236 | M40: 2623 | N40: 2997 | O40: 2547 | P40: 1354 | Q40: 1298 | R40: 1236 | S40: 1438 | T40: 1530 | U40: 1576 | V40: 1607 | W40: 1640 | X40: 1672 | Y40: 1789 | Z40: 1933 | AA40: 1991 | AB40: 2050 | AC40: 2112
I41: SF | J41: AR | K41: 332 | L41: 552 | M41: 506 | N41: 556 | O41: 746 | P41: 354 | Q41: 236 | R41: 232 | S41: 218 | T41: 183 | U41: 187 | V41: 192 | W41: 198 | X41: 202 | Y41: 208 | Z41: 212 | AA41: 216 | AB41: 221 | AC41: 225
J42: Comfort | K42: 174 | L42: 126 | M42: 122 | N42: 202 | O42: 216 | P42: 232 | Q42: 110 | R42: 196 | S42: 202 | T42: 214 | U42: 225 | V42: 231 | W42: 236 | X42: 241 | Y42: 246 | Z42: 251 | AA42: 256 | AB42: 261 | AC42: 268
I43: Fortimel | J43: Protein Mocha | K43: 0 | L43: 0 | M43: 0 | N43: 0 | O43: 536 | P43: 560 | Q43: 312 | R43: 348 | S43: 428 | T43: 1037 | U43: 1006 | V43: 1016 | W43: 1046 | X43: 1057 | Y43: 1067 | Z43: 1078 | AA43: 1100 | AB43: 1122 | AC43: 1144
J44: Protein Neu | K44: 0 | L44: 0 | M44: 0 | N44: 0 | O44: 520 | P44: 464 | Q44: 264 | R44: 356 | S44: 460 | T44: 1108 | U44: 1064 | V44: 1096 | W44: 1128 | X44: 1151 | Y44: 1163 | Z44: 1174 | AA44: 1209 | AB44: 1234 | AC44: 1258
J45: REDFRUITS | K45: 0 | L45: 0 | M45: 0 | N45: 0 | O45: 784 | P45: 472 | Q45: 328 | R45: 284 | S45: 276 | T45: 300 | U45: 1237 | V45: 1262 | W45: 1287 | X45: 1313 | Y45: 1326 | Z45: 1339 | AA45: 1379 | AB45: 1407 | AC45: 1435
J46: GINGER | K46: 0 | L46: 0 | M46: 0 | N46: 0 | O46: 1048 | P46: 376 | Q46: 384 | R46: 212 | S46: 324 | T46: 926 | U46: 898 | V46: 880 | W46: 889 | X46: 898 | Y46: 907 | Z46: 916 | AA46: 934 | AB46: 953 | AC46: 972
I47: Total | K47: =SUM(K31:K42) -> 57902 | L47: =SUM(L31:L42) -> 50060 | M47: =SUM(M31:M42) -> 66663 | N47: =SUM(N31:N42) -> 79257 | O47: =SUM(O31:O42) -> 66391 | P47: =SUM(P31:P42) -> 24854 | Q47: =SUM(Q31:Q42) -> 19334.1 | R47: =SUM(R31:R42) -> 19363 | ... AE47: =SUM(AE31:AE42) -> 0
C50: 7/22 기말재고 | D50: 예상 기말재고 | H50: Stock(CU) | K50: Sep. | L50: Oct. | M50: Nov. | N50: Dec. | O50: Jan. | P50: Feb. | Q50: Mar. | R50: Apr. | S50: May. | T50: Jun. | U50: Jul. | V50: Aug. | W50: Sept. | X50: Oct. | Y50: Nov. | Z50: Dec. | AA50: Jan. | AB50: Feb. | AC50: Mar. | AD50: Apr. | AE50: May.
A51: PN | B51: Pre | D51: =C51-(U31/31*9) -> -44.709677 | H51: Stock | I51: PN | J51: Pre | K51: 4054 | L51: 3567 | M51: 3474 | N51: 3043 | O51: =3566-1757 -> 1809 | P51: =3905-1757 -> 2148 | Q51: 2260 | R51: 2120.4 | S51: 3664 | T51: 3517.4 | U51: =T51+U6-U31 -> 3363.4 | V51: =U51+V6-V31 -> 3214.4 | W51: =V51+W6-W31 -> 3057.4 | X51: =W51+X6-X31 -> 2888.4 | Y51: =X51+Y6-Y31 -> 2692.4 | Z51: =Y51+Z6-Z31 -> 2468.4 | AA51: =Z51+AA6-AA31 -> 2218.4 | AB51: =AA51+AB6-AB31 -> 1945.4 | ... AE51: =AD51+AE6-AE31 -> 1656.4
B52: 1 | D52: =C52-(U32/31*9) -> -231.96774 | J52: 1 | K52: 1301 | L52: 0 | M52: 1282 | N52: 4934 | O52: 6187 | P52: 7713 | Q52: 8663 | R52: 7949.2 | S52: 10902 | T52: 10107.067 | U52: =T52+U7-U32 -> 9308.0667 | V52: =U52+V7-V32 -> 8501.0667 | W52: =V52+W7-W32 -> 7678.0667 | X52: =W52+X7-X32 -> 6830.0667 | Y52: =X52+Y7-Y32 -> 5931.0667 | Z52: =Y52+Z7-Z32 -> 4987.0667 | AA52: =Z52+AA7-AA32 -> 4005.0667 | AB52: =AA52+AB7-AB32 -> 2994.0667 | ... AE52: =AD52+AE7-AE32 -> 1963.0667
B53: TAB IF | D53: =C53-(U33/31*9) -> -97.258065 | J53: TAB IF | K53: 13865 | L53: 11903 | M53: 10128 | N53: 8377 | O53: 14109 | P53: 0 | Q53: 0 | R53: -0.026666667 | S53: 6326 | T53: 6061.4667 | U53: =T53+U9-U33 -> 5726.4667 | V53: =U53+V9-V33 -> 5341.4667 | W53: =V53+W9-W33 -> 4745.4667 | X53: =W53+X9-X33 -> 4023.4667 | Y53: =X53+Y9-Y33 -> 3251.4667 | Z53: =Y53+Z9-Z33 -> 2456.4667 | AA53: =Z53+AA9-AA33 -> 1724.4667 | AB53: =AA53+AB9-AB33 -> 978.46667 | ... AE53: =AD53+AE9-AE33 -> 75.466667
B54: 2 | D54: =C54-(U34/31*9) -> -328.35484 | J54: 2 | K54: 6730 | L54: 5473 | M54: 4249 | N54: 2605 | O54: 2356 | P54: 2446 | Q54: 2511 | R54: 1161.6667 | S54: 7697 | T54: 6510.2 | U54: =T54+U10-U34 -> 5379.2 | V54: =U54+V10-V34 -> 4225.2 | W54: =V54+W10-W34 -> 3048.2 | X54: =W54+X10-X34 -> 1801.2 | Y54: =X54+Y10-Y34 -> 504.2 | Z54: =Y54+Z10-Z34 -> -831.8 | AA54: =Z54+AA10-AA34 -> -2154.8 | AB54: =AA54+AB10-AB34 -> -3437.8 | ... AE54: =AD54+AE10-AE34 -> -4912.8
B55: TAB FO | D55: =C55-(U35/31*9) -> -178.83871 | J55: TAB FO | K55: 14739 | L55: 12610 | M55: 10681 | N55: 8444 | O55: 12969 | P55: 10211 | Q55: 11645 | R55: 11002.467 | S55: 22295 | T55: 26586.4 | U55: =T55+U12-U35 -> 25970.4 | V55: =U55+V12-V35 -> 25317.4 | W55: =V55+W12-W35 -> 24272.4 | X55: =W55+X12-X35 -> 22903.4 | Y55: =X55+Y12-Y35 -> 21356.4 | Z55: =Y55+Z12-Z35 -> 19762.4 | AA55: =Z55+AA12-AA35 -> 18296.4 | AB55: =AA55+AB12-AB35 -> 16859.4 | ... AE55: =AD55+AE12-AE35 -> 15235.4
B56: 3 | D56: =C56-(U36/31*9) -> -66.774194 | J56: 3 | K56: 29 | L56: 0 | M56: 1195 | N56: 857 | O56: 298 | P56: 540 | Q56: 240 | R56: 0 | S56: 4365 | T56: 4136.5333 | U56: =T56+U13-U36 -> 3906.5333 | V56: =U56+V13-V36 -> 3672.5333 | W56: =V56+W13-W36 -> 3433.5333 | X56: =W56+X13-X36 -> 3187.5333 | Y56: =X56+Y13-Y36 -> 2929.5333 | Z56: =Y56+Z13-Z36 -> 2660.5333 | AA56: =Z56+AA13-AA36 -> 2378.5333 | AB56: =AA56+AB13-AB36 -> 2079.5333 | ... AE56: =AD56+AE13-AE36 -> 1771.5333
A57: PF | B57: Pre | D57: =C57-(U37/31*9) -> -836.12903 | I57: PF | J57: Pre | K57: 13157 | L57: 18869 | M57: 18706 | N57: 31891 | O57: 37421 | P57: 29421 | Q57: 26829 | R57: 53192.667 | S57: 51109 | T57: 50129.467 | U57: =T57+U14-U37 -> 47249.467 | V57: =U57+V14-V37 -> 44283.467 | W57: =V57+W14-W37 -> 41198.467 | X57: =W57+X14-X37 -> 37928.467 | Y57: =X57+Y14-Y37 -> 34396.467 | Z57: =Y57+Z14-Z37 -> 30723.467 | AA57: =Z57+AA14-AA37 -> 26940.467 | AB57: =AA57+AB14-AB37 -> 23044.467 | ... AE57: =AD57+AE14-AE37 -> 19070.467
B58: 1 | D58: =C58-(U38/31*9) -> -1486.7419 | J58: 1 | K58: 43963 | L58: 32815 | M58: 33370 | N58: 90234 | O58: 91523 | P58: 62384 | Q58: 57177 | R58: 82326.8 | S58: 77809 | T58: 83630.933 | U58: =T58+U15-U38 -> 78509.933 | V58: =U58+V15-V38 -> 73234.933 | W58: =V58+W15-W38 -> 67854.933 | X58: =W58+X15-X38 -> 62366.933 | Y58: =X58+Y15-Y38 -> 56659.933 | Z58: =Y58+Z15-Z38 -> 50724.933 | AA58: =Z58+AA15-AA38 -> 44670.933 | AB58: =AA58+AB15-AB38 -> 38434.933 | ... AE58: =AD58+AE15-AE38 -> 32011.933
B59: 2 | D59: =C59-(U39/31*9) -> -2728.7419 | J59: 2 | K59: 24590 | L59: 54489 | M59: 75119 | N59: 85815 | O59: 85573 | P59: 106498 | Q59: 104606 | R59: 129815.27 | S59: 119550 | T59: 127811.2 | U59: =T59+U16-U39 -> 118412.2 | V59: =U59+V16-V39 -> 108543.2 | W59: =V59+W16-W39 -> 98180.2 | X59: =W59+X16-X39 -> 87403.2 | Y59: =X59+Y16-Y39 -> 75979.2 | Z59: =Y59+Z16-Z39 -> 64098.2 | AA59: =Z59+AA16-AA39 -> 51861.2 | AB59: =AA59+AB16-AB39 -> 39379.2 | ... AE59: =AD59+AE16-AE39 -> 26523.2
B60: Kinder 1+ | D60: =C60-(U40/31*9) -> -457.54839 | J60: Kinder 1+ | K60: 4250 | L60: 6898 | M60: 7529 | N60: 13264 | O60: 14341 | P60: 15055 | Q60: 17143 | R60: 17751.733 | S60: 16395 | T60: 18375 | U60: =T60+U17-U40 -> 16799 | V60: =U60+V17-V40 -> 15192 | W60: =V60+W17-W40 -> 13552 | X60: =W60+X17-X40 -> 11880 | Y60: =X60+Y17-Y40 -> 10091 | Z60: =Y60+Z17-Z40 -> 8158 | AA60: =Z60+AA17-AA40 -> 6167 | AB60: =AA60+AB17-AB40 -> 4117 | ... AE60: =AD60+AE17-AE40 -> 2005
A61: SF | B61: AR | D61: =C61-(U41/31*9) -> -54.290323 | I61: SF | J61: AR | K61: 2648 | L61: 3114 | M61: 2602 | N61: 2045 | O61: 1299 | P61: 945 | Q61: 709 | R61: 467.53333 | S61: 259 | T61: 3100.2 | U61: =T61+U19-U41 -> 2913.2 | V61: =U61+V19-V41 -> 2721.2 | W61: =V61+W19-W41 -> 2523.2 | X61: =W61+X19-X41 -> 2321.2 | Y61: =X61+Y19-Y41 -> 2113.2 | Z61: =Y61+Z19-Z41 -> 1901.2 | AA61: =Z61+AA19-AA41 -> 1685.2 | AB61: =AA61+AB19-AB41 -> 1464.2 | ... AE61: =AD61+AE19-AE41 -> 1239.2
B62: Comfort | D62: =C62-(U42/31*9) -> -65.322581 | J62: Comfort | K62: 548 | L62: 422 | M62: 1326 | N62: 2131 | O62: 1915 | P62: 1683 | Q62: 1573 | R62: 1417.5333 | S62: 1175 | T62: 965.93333 | U62: =T62+U20-U42 -> 740.93333 | V62: =U62+V20-V42 -> 509.93333 | W62: =V62+W20-W42 -> 273.93333 | X62: =W62+X20-X42 -> 32.933333 | Y62: =X62+Y20-Y42 -> -213.06667 | Z62: =Y62+Z20-Z42 -> 543.93333 | AA62: =Z62+AA20-AA42 -> 287.93333 | AB62: =AA62+AB20-AB42 -> 26.933333 | ... AE62: =AD62+AE20-AE42 -> -241.06667
A63: Fortimel | B63: Protein Mocha | D63: =C63-(U43/31*9) -> -292.06452 | I63: Fortimel | J63: Protein Mocha | K63: 0 | L63: 0 | M63: 3431 | N63: 3423 | O63: 6159 | P63: 12623 | Q63: 12311 | R63: 11888 | S63: 11535 | T63: 13854 | U63: =T63+U21-U43 -> 12848 | V63: =U63+V21-V43 -> 11832 | W63: =V63+W21-W43-1100 -> 9686 | X63: =W63+X21-X43-5600 -> 3029 | Y63: =X63+Y21-Y43 -> 1962 | Z63: =Y63+Z21-Z43-2000 -> -1116 | AA63: =Z63+AA21-AA43 -> 1216 | AB63: =AA63+AB21-AB43 -> 94 | AC63: =AB63+AC21-AC43-1000 -> -2050 | AD63: =AC63+AD21-AD43-1000 -> -3050 | AE63: =AD63+AE21-AE43-1000 -> -4050
B64: Protein Neu | D64: =C64-(U44/31*9) -> -308.90323 | J64: Protein Neu | K64: 0 | L64: 0 | M64: 3431 | N64: 3415 | O64: 6143 | P64: 12719 | Q64: 12455 | R64: 12059 | S64: 11639 | T64: 13860 | U64: =T64+U22-U44 -> 12796 | V64: =U64+V22-V44 -> 11700 | W64: =V64+W22-W44-800 -> 9772 | X64: =W64+X22-X44 -> 8621 | Y64: =X64+Y22-Y44-4900 -> 2558 | Z64: =Y64+Z22-Z44-2000 -> -616 | AA64: =Z64+AA22-AA44 -> 1607 | AB64: =AA64+AB22-AB44 -> 373 | AC64: =AB64+AC22-AC44-100 -> -985 | AD64: =AC64+AD22-AD44-100 -> -1085 | AE64: =AD64+AE22-AE44-100 -> -1185
B65: REDFRUITS | D65: =C65-(U45/31*9) -> -359.12903 | J65: REDFRUITS | K65: 0 | L65: 0 | M65: 3431 | N65: 3375 | O65: 6003 | P65: 5547 | Q65: 5219 | R65: 4902 | S65: 4659 | T65: 6784 | U65: =T65+U23-U45 -> 5547 | V65: =U65+V23-V45 -> 4285 | W65: =V65+W23-W45-400 -> 2598 | X65: =W65+X23-X45 -> 1285 | Y65: =X65+Y23-Y45 -> -41 | Z65: =Y65+Z23-Z45 -> -1380 | AA65: =Z65+AA23-AA45-500 -> 3605 | AB65: =AA65+AB23-AB45 -> 2198 | AC65: =AB65+AC23-AC45-2200 -> -1437 | AD65: =AC65+AD23-AD45-2200 -> -3637 | AE65: =AD65+AE23-AE45-2200 -> -5837
B66: GINGER | D66: =C66-(U46/31*9) -> -260.70968 | J66: GINGER | K66: 0 | L66: 0 | M66: 3408 | N66: 3320 | O66: 5680 | P66: 5320 | Q66: 4936 | R66: 4713 | S66: 4400 | T66: 6540 | U66: =T66+U24-U46 -> 5642 | V66: =U66+V24-V46-1900 -> 2862 | W66: =V66+W24-W46 -> 1973 | X66: =W66+X24-X46 -> 1075 | Y66: =X66+Y24-Y46-1000 -> -832 | Z66: =Y66+Z24-Z46 -> -1748 | AA66: =Z66+AA24-AA46 -> 4182 | AB66: =AA66+AB24-AB46-3000 -> 229 | AC66: =AB66+AC24-AC46 -> -743 | AD66: =AC66+AD24-AD46 -> -743 | AE66: =AD66+AE24-AE46 -> -743
I67: Total | K67: =SUM(K51:K66) -> 129874 | L67: =SUM(L51:L66) -> 150160 | M67: =SUM(M51:M66) -> 183362 | N67: =SUM(N51:N66) -> 267173 | O67: =SUM(O51:O66) -> 293785 | P67: =SUM(P51:P66) -> 275253 | Q67: =SUM(Q51:Q66) -> 268277 | R67: =SUM(R51:R66) -> 340767.24 | ... AE67: =SUM(AE51:AE66) -> 84582.8
H70: Stock Level(Month) | K70: Sep. | L70: Oct. | M70: Nov. | N70: Dec. | O70: Jan. | P70: Feb. | Q70: Mar. | R70: Apr. | S70: May. | T70: Jun. | U70: Jul. | V70: Aug. | W70: Sept. | X70: Oct. | Y70: Nov. | Z70: Dec. | AA70: Jan. | AB70: Feb. | AC70: Mar. | AD70: Apr. | AE70: May.
H71: Stock month by SKU | I71: PN | J71: Pre | K71: =K51/K31 -> 5.7098592 | L71: =L51/L31 -> 7.3244353 | M71: =M51/M31 -> 5.4881517 | N71: =N51/N31 -> 4.2859155 | O71: =O51/O31 -> 3.2477558 | P71: =P51/P31 -> 10.903553 | Q71: =Q51/Q31 -> 14.303797 | R71: =R51/R31 -> 16.828571 | ... AE71: =AE51/AE31 -> #DIV/0!
J72: 1 | K72: =K52/K32 -> 0.61338991 | L72: =L52/L32 -> 0 | M72: =M52/M32 -> 1.4469526 | N72: =N52/N32 -> 2.8421659 | O72: =O52/O32 -> 3.5950029 | P72: =P52/P32 -> 11.24344 | Q72: =Q52/Q32 -> 12.853116 | R72: =R52/R32 -> 9.7776138 | ... AE72: =AE52/AE32 -> #DIV/0!
J73: TAB IF | K73: =K53/K33 -> 5.3204144 | L73: =L53/L33 -> 5.7006705 | M73: =M53/M33 -> 5.6898876 | N73: =N53/N33 -> 4.7923341 | O73: =O53/O33 -> 10.049145 | P73: =P53/P33 -> 0 | Q73: =Q53/Q33 -> 0 | R73: =R53/R33 -> -0.00026666667 | ... AE73: =AE53/AE33 -> #DIV/0!
J74: 2 | K74: =K54/K34 -> 4.6736111 | L74: =L54/L34 -> 4.3784 | M74: =M54/M34 -> 2.3857383 | N74: =N54/N34 -> 1.5913256 | O74: =O54/O34 -> 1.261242 | P74: =P54/P34 -> 2.8742656 | Q74: =Q54/Q34 -> 2.4641806 | R74: =R54/R34 -> 0.82212786 | ... AE74: =AE54/AE34 -> #DIV/0!
J75: TAB FO | K75: =K55/K35 -> 5.7105773 | L75: =L55/L35 -> 5.5870625 | M75: =M55/M35 -> 5.5256079 | N75: =N55/N35 -> 3.7746983 | O75: =O55/O35 -> 7.0178571 | P75: =P55/P35 -> 12.637376 | Q75: =Q55/Q35 -> 16.779539 | R75: =R55/R35 -> 17.299476 | ... AE75: =AE55/AE35 -> #DIV/0!
J76: 3 | K76: =K56/K36 -> 0.043348281 | L76: =L56/L36 -> 0 | M76: =M56/M36 -> 2.7726218 | N76: =N56/N36 -> 1.423588 | O76: =O56/O36 -> 0.53309481 | P76: =P56/P36 -> 6.3529412 | Q76: =Q56/Q36 -> 0.80808081 | R76: =R56/R36 -> 0 | ... AE76: =AE56/AE36 -> #DIV/0!
I77: PF | J77: Pre | K77: =K57/K37 -> 1.3580718 | L77: =L57/L37 -> 2.251402 | M77: =M57/M37 -> 1.7703956 | N77: =N57/N37 -> 2.5280222 | O77: =O57/O37 -> 3.2556986 | P77: =P57/P37 -> 7.2572768 | Q77: =Q57/Q37 -> 10.766051 | R77: =R57/R37 -> 22.539266 | ... AE77: =AE57/AE37 -> #DIV/0!
J78: 1 | K78: =K58/K38 -> 2.5324309 | L78: =L58/L38 -> 2.0801902 | M78: =M58/M38 -> 1.5043729 | N78: =N58/N38 -> 3.3939143 | O78: =O58/O38 -> 4.1286088 | P78: =P58/P38 -> 8.2584061 | Q78: =Q58/Q38 -> 11.640269 | R78: =R58/R38 -> 16.936186 | ... AE78: =AE58/AE38 -> #DIV/0!
J79: 2 | K79: =K59/K39 -> 1.3641407 | L79: =L59/L39 -> 3.4973684 | M79: =M59/M39 -> 3.2350991 | N79: =N59/N39 -> 3.1058632 | O79: =O59/O39 -> 4.0245027 | P79: =P59/P39 -> 12.501233 | Q79: =Q59/Q39 -> 14.052391 | R79: =R59/R39 -> 18.155981 | ... AE79: =AE59/AE39 -> #DIV/0!
J80: Kinder 1+ | K80: =K60/K40 -> 1.9362187 | L80: =L60/L40 -> 3.0849732 | M80: =M60/M40 -> 2.8703774 | N80: =N60/N40 -> 4.4257591 | O80: =O60/O40 -> 5.6305457 | P80: =P60/P40 -> 11.118907 | Q80: =Q60/Q40 -> 13.207242 | R80: =R60/R40 -> 14.362244 | ... AE80: =AE60/AE40 -> #DIV/0!
I81: SF | J81: AR | K81: =K61/K41 -> 7.9759036 | L81: =L61/L41 -> 5.6413043 | M81: =M61/M41 -> 5.1422925 | N81: =N61/N41 -> 3.6780576 | O81: =O61/O41 -> 1.7412869 | P81: =P61/P41 -> 2.6694915 | Q81: =Q61/Q41 -> 3.0042373 | R81: =R61/R41 -> 2.0152299 | ... AE81: =AE61/AE41 -> #DIV/0!
J82: Comfort | K82: =K62/K42 -> 3.1494253 | L82: =L62/L42 -> 3.3492063 | M82: =M62/M42 -> 10.868852 | N82: =N62/N42 -> 10.549505 | O82: =O62/O42 -> 8.8657407 | P82: =P62/P42 -> 7.2543103 | Q82: =Q62/Q42 -> 14.3 | R82: =R62/R42 -> 7.2323129 | ... AE82: =AE62/AE42 -> #DIV/0!
I83: Fortimel | J83: Protein Mocha | O83: =O63/O43 -> 11.490672 | P83: =P63/P43 -> 22.541071 | Q83: =Q63/Q43 -> 39.458333 | R83: =R63/R43 -> 34.16092 | S83: =S63/S43 -> 26.950935 | T83: =T63/T43 -> 13.359691 | U83: =U63/U43 -> 12.771372 | V83: =V63/V43 -> 11.645669 | ... AE83: =AE63/AE43 -> #DIV/0!
J84: Protein Neu | O84: =O64/O44 -> 11.813462 | P84: =P64/P44 -> 27.411638 | Q84: =Q64/Q44 -> 47.17803 | R84: =R64/R44 -> 33.873596 | S84: =S64/S44 -> 25.302174 | T84: =T64/T44 -> 12.509025 | U84: =U64/U44 -> 12.026316 | V84: =V64/V44 -> 10.675182 | ... AE84: =AE64/AE44 -> #DIV/0!
J85: REDFRUITS | O85: =O65/O45 -> 7.6568878 | P85: =P65/P45 -> 11.752119 | Q85: =Q65/Q45 -> 15.911585 | R85: =R65/R45 -> 17.260563 | S85: =S65/S45 -> 16.880435 | T85: =T65/T45 -> 22.613333 | U85: =U65/U45 -> 4.4842361 | V85: =V65/V45 -> 3.3954041 | ... AE85: =AE65/AE45 -> #DIV/0!
J86: GINGER | O86: =O66/O46 -> 5.4198473 | P86: =P66/P46 -> 14.148936 | Q86: =Q66/Q46 -> 12.854167 | R86: =R66/R46 -> 22.231132 | S86: =S66/S46 -> 13.580247 | T86: =T66/T46 -> 7.062635 | U86: =U66/U46 -> 6.2828508 | V86: =V66/V46 -> 3.2522727 | ... AE86: =AE66/AE46 -> #DIV/0!
I87: Total | K87: =AVERAGE(K71:K86) -> 3.3656159 | L87: =AVERAGE(L71:L86) -> 3.5745844 | M87: =AVERAGE(M71:M86) -> 4.0583625 | N87: =AVERAGE(N71:N86) -> 3.8659291 | O87: =AVERAGE(O71:O86) -> 5.6082094 | P87: =AVERAGE(P71:P86) -> 10.55781 | Q87: =AVERAGE(Q71:Q86) -> 14.348814 | R87: =AVERAGE(R71:R86) -> 14.593435 | ... Z87: =AVERAGE(Z71:Z86) -> 4.6388274

Sheet 시트29
D1: 남양주 | F1: 디앤비
A2: Sales | D2: 2월 마감재고 | E2: 3월 입고 재고 | F2: 롯마 출고 | G2: 이마출고 | H2: 풀필 출고 | I2: 일반 출고 | J2: 디앤비 회송 입고 | K2: 디앤비 파손 | L2: 유통기한 임박 폐기 | M2: 풀필 회송 | N2: 입고파손 | O2: 작업중 빈박스 | P2: 2월 재고 정정 | Q2: 이마트 점포 클레임 | R2: 영훈 파트장님 출고 | S2: 실장님 사용 | T2: 기부 | U2: 반품입고 | V2: 3월 마감 재고 | W2: 3월 마감 실재고 | X2: 차이
B3: PN | C3: 1 | D3: 15895 | F3: 112 | G3: 896 | H3: 4184 | I3: 4505 | L3: 32 | M3: =1215+12+3 -> 1230 | P3: 2 | R3: 4 | U3: 75 | V3: =D3+SUM(E3,J3,M3,P3,Q3)-SUM(F3:I3,K3:L3,N3:O3,R3:S3)+U3-T3 -> 7469 | W3: 7454 | X3: =V3-W3 -> 15
C4: 2 | D4: =36081-448 -> 35633 | F4: 336 | G4: 2240 | H4: 3712 | I4: 4404 | J4: 328 | K4: 328 | M4: =216+939 -> 1155 | N4: 1 | O4: 6 | U4: 58 | V4: =D4+SUM(E4,J4,M4,P4,Q4)-SUM(F4:I4,K4:L4,N4:O4,R4:S4)+U4-T4 -> 26147 | W4: 26136 | X4: =V4-W4 -> 11
C5: 3 | D5: 14523 | F5: 224 | G5: 896 | H5: 680 | I5: 1123 | J5: 324 | K5: 240 | M5: 180 | N5: 2 | P5: 2 | T5: =1300+2500 -> 3800 | U5: 21 | V5: =D5+SUM(E5,J5,M5,P5,Q5)-SUM(F5:I5,K5:L5,N5:O5,R5:S5)+U5-T5 -> 8085 | W5: 8091 | X5: =V5-W5 -> -6
B6: PF | C6: 1 | D6: 54780 | E6: 16896 | F6: 448 | G6: 1792 | H6: 6284 | I6: 7589 | M6: =6+1755+3 -> 1764 | R6: 4 | U6: 246 | V6: =D6+SUM(E6,J6,M6,P6,Q6)-SUM(F6:I6,K6:L6,N6:O6,R6:S6)+U6-T6 -> 57569 | W6: 57556 | X6: =V6-W6 -> 13
C7: 2 | D7: 57191 | E7: 15360 | F7: 448 | G7: 1792 | H7: 4164 | I7: 3979 | M7: 1368 | P7: =3 -> 3 | S7: 6 | U7: 58 | V7: =D7+SUM(E7,J7,M7,P7,Q7)-SUM(F7:I7,K7:L7,N7:O7,R7:S7)+U7-T7 -> 63591 | W7: 63591 | X7: =V7-W7 -> 0
C8: 3 | D8: 15223 | E8: 4608 | F8: 448 | G8: 896 | H8: 939 | I8: 1282 | M8: 456 | Q8: =4+4 -> 8 | U8: 9 | V8: =D8+SUM(E8,J8,M8,P8,Q8)-SUM(F8:I8,K8:L8,N8:O8,R8:S8)+U8-T8 -> 16739 | W8: 16738 | X8: =V8-W8 -> 1
B9: Total | D9: =SUM(D3:D8) -> 193245 | E9: =SUM(E3:E8) -> 36864 | F9: =SUM(F3:F8) -> 2016 | G9: =SUM(G3:G8) -> 8512 | H9: =SUM(H3:H8) -> 19963 | I9: =SUM(I3:I8) -> 22882 | J9: =SUM(J3:J8) -> 652 | K9: =SUM(K3:K8) -> 568 | ... X9: =SUM(X3:X8) -> 34
I10: 10702
D11: 풀필먼트 | U11: 73
A12: Sales | D12: 2월 마감재고 | E12: 3월 입고 재고 | F12: 출고 | G12: 반출 | H12: 비가용 재고 | I12: 3월 마감 재고 | J12: 3월 마감 실재고 | K12: 차이 | U12: 9
B13: PN | C13: 1 | D13: 767 | E13: 4184 | F13: 1472 | G13: 1011 | H13: 0 | I13: =D13+E13-F13-G13+H13 -> 2468 | J13: 2468 | K13: =I13-J13 -> 0 | U13: 164
C14: 2 | D14: 389 | E14: 3712 | F14: 1221 | G14: 1155 | H14: 2 | I14: =D14+E14-F14-G14+H14 -> 1727 | J14: 1727 | K14: =I14-J14 -> 0 | U14: 246
C15: 3 | D15: 146 | E15: 680 | F15: 227 | G15: 180 | H15: 4 | I15: =D15+E15-F15-G15+H15 -> 423 | J15: 423 | K15: =I15-J15 -> 0 | U15: =U6-U14 -> 0
B16: PF | C16: 1 | D16: 1911 | E16: 6284 | F16: 2422 | G16: 1977 | H16: 7 | I16: =D16+E16-F16-G16+H16 -> 3803 | J16: 3803 | K16: =I16-J16 -> 0
C17: 2 | D17: 1331 | E17: 4164 | F17: 1784 | G17: 1368 | H17: 210 | I17: =D17+E17-F17-G17+H17 -> 2553 | J17: 2133 | K17: =I17-J17 -> 420
C18: 3 | D18: 448 | E18: 939 | F18: 338 | G18: 456 | H18: 8 | I18: =D18+E18-F18-G18+H18 -> 601 | J18: 585 | K18: =I18-J18 -> 16
B19: Total | D19: =SUM(D13:D18) -> 4992 | E19: =SUM(E13:E18) -> 19963 | F19: =SUM(F13:F18) -> 7464 | G19: =SUM(G13:G18) -> 6147 | H19: =SUM(H13:H18) -> 231 | I19: =SUM(I13:I18) -> 11575 | J19: =SUM(J13:J18) -> 11139 | K19: =SUM(K13:K18) -> 436
D20: 디앤비
A21: Sales | D21: 2월 마감재고 | E21: 3월 입고 재고 | F21: 3월 출고 재고 | G21: 3월 마감 재고 | H21: 3월 마감 실재고 | I21: 차이
B22: PN | C22: 1 | D22: 1484 | E22: 1008 | F22: 1504 | G22: =D22+E22-F22 -> 988 | H22: 988 | I22: =G22-H22 -> 0
C23: 2 | D23: 1032 | E23: 2576 | F23: 2276 | G23: =D23+E23-F23 -> 1332 | H23: 1332 | I23: =G23-H23 -> 0
C24: 3 | D24: 1100 | E24: 1120 | F24: 1452 | G24: =D24+E24-F24 -> 768 | H24: 768 | I24: =G24-H24 -> 0
B25: PF | C25: 1 | D25: 1828 | E25: 2244 | F25: 2660 | G25: =D25+E25-F25 -> 1412 | H25: 1412 | I25: =G25-H25 -> 0
C26: 2 | D26: 1712 | E26: 2244 | F26: 2640 | G26: =D26+E26-F26 -> 1316 | H26: 1316 | I26: =G26-H26 -> 0
C27: 3 | D27: 1200 | E27: 1344 | F27: 1452 | G27: =D27+E27-F27 -> 1092 | H27: 1092 | I27: =G27-H27 -> 0
B28: Total | D28: =SUM(D22:D27) -> 8356 | E28: =SUM(E22:E27) -> 10536 | F28: =SUM(F22:F27) -> 11984 | G28: =SUM(G22:G27) -> 6908 | H28: =SUM(H22:H27) -> 6908 | I28: =SUM(I22:I27) -> 0

Sheet Domestic의 사본 발주예상용
F2: ※ Aptamil Domestic Stock Overview
AA4: 3
F5: Production | I5: Dec | J5: Jan | K5: Feb | L5: Mar | M5: April | N5: May | O5: Jun | P5: July | Q5: Aug | R5: 6월 발주 | S5: 7월 발주 | T5: 8월 발주 | U5: 9월 발주
F6: Supply (arrival) | I6: Mar. | J6: Apr. | K6: May. | L6: Jun. | M6: July. | N6: Aug. | O6: Sep. | P6: Oct. | Q6: Nov. | R6: Dec. | S6: Jan. | T6: Feb. | U6: Mar. | V6: Apr. | W6: May. | Y6: 품목명 | Z6: 재고
G7: PN | H7: 1 | I7: 12096 | J7: 19036 | L7: =2880+2896 -> 5776 | P7: 2880 | R7: =4176*4 -> 16704 | Y7: 누1 | Z7: =SUM(W7:Y7) -> 0 | AA7: 9919 | AB7: 8462 | AC7: 8562
H8: 2 | I8: 14976 | J8: 30252 | K8: =5760 -> 5760 | L8: =7640+9372 -> 17012 | P8: 9792 | R8: =2160*4 -> 8640 | Y8: 누2 | Z8: =SUM(W8:Y8) -> 0 | AA8: 13593 | AB8: 11805 | AC8: 10605
H9: 3 | I9: 4608 | J9: 25380 | K9: 6912 | Y9: 누3 | Z9: =SUM(W9:Y9) -> 0 | AA9: 3902 | AB9: 3755 | AC9: 3600
G10: PF | H10: 1 | J10: 28032 | K10: 1760 | L10: =10752+25320 -> 36072 | M10: =3072+7296 -> 10368 | N10: =338+1152 -> 1490 | O10: =1916+5760+1920+1152+384+20736 -> 31868 | R10: =4032*4 -> 16128 | Y10: 푸1 | Z10: =SUM(W10:Y10) -> 0 | AA10: 12546 | AB10: 12378 | AC10: 11714
H11: 2 | K11: =7296 -> 7296 | L11: =292+9216 -> 9508 | M11: =16896+3072 -> 19968 | N11: =212+384+768 -> 1364 | O11: 17664 | P11: 9216 | R11: =2880*4 -> 11520 | Y11: 푸2 | Z11: =SUM(W11:Y11) -> 0 | AA11: 10462 | AB11: 10136 | AC11: 10741
H12: 3 | J12: 8820 | L12: 3508 | M12: =5376+3840 -> 9216 | N12: =212+6528 -> 6740 | O12: 5760 | Y12: 푸3 | Z12: =SUM(W12:Y12) -> 0 | AA12: 4541 | AB12: 4407 | AC12: 3939
G13: Total | I13: =SUM(I7:I12) -> 31680 | J13: =SUM(J7:J12) -> 111520 | K13: =SUM(K7:K12) -> 21728 | L13: =SUM(L7:L12) -> 71876 | M13: =SUM(M7:M12) -> 39552 | N13: =SUM(N7:N12) -> 9594 | O13: =SUM(O7:O12) -> 55292 | P13: =SUM(P7:P12) -> 21888 | ... W13: =SUM(W7:W12) -> 0
G14: 발주 금액 | I14: =#REF! -> #REF! | J14: =#REF! -> #REF! | K14: =#REF! -> #REF! | L14: =#REF! -> #REF! | M14: =#REF! -> #REF! | N14: =#REF! -> #REF! | O14: =#REF! -> #REF! | P14: =#REF! -> #REF! | ... W14: =#REF! -> #REF! | AA14: =AA7*3 -> 29757 | AB14: =AB7*3 -> 25386 | AC14: =AC7*3 -> 25686
G15: 발주 금액(KRW) | I15: =I14* 1456.78 -> #REF! | J15: =J14* 1456.78 -> #REF! | K15: =K14* 1456.78 -> #REF! | L15: =L14* 1456.78 -> #REF! | M15: =M14* 1456.78 -> #REF! | N15: =N14* 1456.78 -> #REF! | O15: =O14* 1456.78 -> #REF! | P15: =P14* 1456.78 -> #REF! | ... W15: =W14* 1456.78 -> #REF! | AA15: =AA8*3 -> 40779 | AB15: =AB8*3 -> 35415 | AC15: =AC8*3 -> 31815
AA16: =AA9*3 -> 11706 | AB16: =AB9*3 -> 11265 | AC16: =AC9*3 -> 10800
I17: Actual | J17: Actual | K17: Actual | L17: fcst | M17: fcst | N17: fcst | O17: fcst | P17: fcst | Q17: fcst | R17: fcst | AA17: =AA10*3 -> 37638 | AB17: =AB10*3 -> 37134 | AC17: =AC10*3 -> 35142
F18: Sales | I18: Mar. | J18: Apr. | K18: May. | L18: Jun. | M18: July | N18: Aug. | O18: Sep. | P18: Oct. | Q18: Nov. | R18: Dec. | S18: Jan. | T18: Feb. | U18: Mar. | V18: Apr. | W18: May. | AA18: =AA11*3 -> 31386 | AB18: =AB11*3 -> 30408 | AC18: =AC11*3 -> 32223
G19: PN | H19: 1 | I19: 8462 | J19: 8396 | K19: 8562 | L19: 8839 | M19: 8713 | N19: 8626 | O19: 8540 | P19: 8497 | Q19: 8582 | R19: 8754 | S19: 8841 | T19: 8886 | U19: 8797 | V19: 8665 | W19: 8752 | AA19: =AA12*3 -> 13623 | AB19: =AB12*3 -> 13221 | AC19: =AC12*3 -> 11817
H20: 2 | I20: 11805 | J20: 11381 | K20: 10605 | L20: 9769 | M20: 9681 | N20: 9536 | O20: 9488 | P20: 9536 | Q20: 9631 | R20: 9823 | S20: 9693 | T20: 9628 | U20: 9564 | V20: 9532 | W20: 9595
H21: 3 | I21: 3755 | J21: 3498 | K21: 3600 | L21: 3523 | M21: 3381 | N21: 3347 | O21: 3313 | P21: 3330 | Q21: 3363 | R21: 3397 | S21: 3374 | T21: 3340 | U21: 3329 | V21: 3340 | W21: 3363
G22: PF | H22: 1 | I22: 12378 | J22: 11967 | K22: 11714 | L22: 11979 | M22: 11790 | N22: 11731 | O22: 11848 | P22: 11967 | Q22: 12206 | R22: 12450 | S22: 12574 | T22: 12637 | U22: 12511 | V22: 12574 | W22: 12624
H23: 2 | I23: 10136 | J23: 10658 | K23: 10741 | L23: 11355 | M23: 11138 | N23: 11250 | O23: 11362 | P23: 11249 | Q23: 11305 | R23: 11418 | S23: 11342 | T23: 11304 | U23: 11379 | V23: 11455 | W23: 11608
H24: 3 | I24: 4407 | J24: 3907 | K24: 3939 | L24: 3866 | M24: 3928 | N24: 3947 | O24: 3908 | P24: 3869 | Q24: 3849 | R24: 3901 | S24: 3927 | T24: 3953 | U24: 3927 | V24: 3940 | W24: 3966
G25: Total | I25: =SUM(I19:I24) -> 50943 | J25: =SUM(J19:J24) -> 49807 | K25: =SUM(K19:K24) -> 49161 | L25: =SUM(L19:L24) -> 49331 | M25: =SUM(M19:M24) -> 48631 | N25: =SUM(N19:N24) -> 48437 | O25: =SUM(O19:O24) -> 48459 | P25: =SUM(P19:P24) -> 48448 | ... W25: =SUM(W19:W24) -> 49908
B28: 재고 | C28: 판매량 | D28: 입고 | F28: Stock(CU) | I28: Mar. | J28: Apr. | K28: May. | L28: Jun. | M28: July | N28: Aug. | O28: Sep. | P28: Oct. | Q28: Nov. | R28: Dec. | S28: Jan. | T28: Feb. | U28: Mar. | V28: Apr. | W28: May.
A29: 66530 | B29: =SUMIF(#REF!,E29,#REF!) -> #REF! | C29: #N/A | D29: 5760 | E29: 1976000 | G29: PN | H29: 1 | I29: 65764 | J29: 75367 | K29: 66530 | L29: =K29+L7-L19 -> 63467 | M29: =L29+M7-M19 -> 54754 | N29: =M29+N7-N19 -> 46128 | O29: =N29+O7-O19 -> 37588 | P29: =O29+P7-P19 -> 31971 | Q29: =P29+Q7-Q19 -> 23389 | R29: =Q29+R7-R19 -> 31339 | S29: =R29+S7-S19 -> 22498 | ... W29: =V29+W7-W19 -> -12602
A30: 69360 | B30: =SUMIF(#REF!,E30,#REF!) -> #REF! | C30: #N/A | D30: 14976 | E30: 1977000 | H30: 2 | I30: 55465 | J30: 75543 | K30: 69360 | L30: =K30+L8-L20 -> 76603 | M30: =L30+M8-M20 -> 66922 | N30: =M30+N8-N20 -> 57386 | O30: =N30+O8-O20 -> 47898 | P30: =O30+P8-P20 -> 48154 | Q30: =P30+Q8-Q20 -> 38523 | R30: =Q30+R8-R20 -> 37340 | S30: =R30+S8-S20 -> 27647 | ... W30: =V30+W8-W20 -> -10672
A31: 35399 | B31: =SUMIF(#REF!,E31,#REF!) -> #REF! | C31: #N/A | D31: 4608 | E31: 1978000 | H31: 3 | I31: 10635 | J31: 32258 | K31: 35399 | L31: =K31+L9-L21 -> 31876 | M31: =L31+M9-M21 -> 28495 | N31: =M31+N9-N21 -> 25148 | O31: =N31+O9-O21 -> 21835 | P31: =O31+P9-P21 -> 18505 | Q31: =P31+Q9-Q21 -> 15142 | R31: =Q31+R9-R21 -> 11745 | S31: =R31+S9-S21 -> 8371 | ... W31: =V31+W9-W21 -> -5001
A32: 30069 | B32: =SUMIF(#REF!,E32,#REF!) -> #REF! | C32: #N/A | E32: 2352000 | G32: PF | H32: 1 | I32: 23691 | J32: 40883 | K32: 30069 | L32: =K32+L10-L22 -> 54162 | M32: =L32+M10-M22 -> 52740 | N32: =M32+N10-N22 -> 42499 | O32: =N32+O10-O22 -> 62519 | P32: =O32+P10-P22 -> 50552 | Q32: =P32+Q10-Q22 -> 38346 | R32: =Q32+R10-R22 -> 42024 | S32: =R32+S10-S22 -> 29450 | ... W32: =V32+W10-W22 -> -20896
A33: 49623 | B33: =SUMIF(#REF!,E33,#REF!) -> #REF! | C33: #N/A | E33: 2353000 | H33: 2 | I33: 64523 | J33: 53429 | K33: 49623 | L33: =K33+L11-L23 -> 47776 | M33: =L33+M11-M23 -> 56606 | N33: =M33+N11-N23 -> 46720 | O33: =N33+O11-O23 -> 53022 | P33: =O33+P11-P23 -> 50989 | Q33: =P33+Q11-Q23 -> 39684 | R33: =Q33+R11-R23 -> 39786 | S33: =R33+S11-S23 -> 28444 | ... W33: =V33+W11-W23 -> -17302
A34: 14991 | B34: =SUMIF(#REF!,E34,#REF!) -> #REF! | C34: #N/A | E34: 2354000 | H34: 3 | I34: 14504 | J34: 19092 | K34: 14991 | L34: =K34+L12-L24 -> 14633 | M34: =L34+M12-M24 -> 19921 | N34: =M34+N12-N24 -> 22714 | O34: =N34+O12-O24 -> 24566 | P34: =O34+P12-P24 -> 20697 | Q34: =P34+Q12-Q24 -> 16848 | R34: =Q34+R12-R24 -> 12947 | S34: =R34+S12-S24 -> 9020 | ... W34: =V34+W12-W24 -> -6766
A35: =SUM(A29:A34) -> 265972 | G35: Total | I35: =SUM(I29:I34) -> 234582 | J35: =SUM(J29:J34) -> 296572 | K35: =SUM(K29:K34) -> 265972 | L35: =SUM(L29:L34) -> 288517 | M35: =SUM(M29:M34) -> 279438 | N35: =SUM(N29:N34) -> 240595 | O35: =SUM(O29:O34) -> 247428 | P35: =SUM(P29:P34) -> 220868 | ... W35: =SUM(W29:W34) -> -73239
F38: Stock Level(Month) | I38: Mar. | J38: Apr. | K38: May. | L38: Jun. | M38: July. | N38: Aug. | O38: Sep. | P38: Oct. | Q38: Nov. | R38: Dec. | S38: Jan. | T38: Feb. | U38: Mar. | V38: Apr. | W38: May.
G39: PN | H39: 1 | I39: =I29/I19 -> 7.7716852 | J39: =J29/J19 -> 8.9765364 | K39: =K29/K19 -> 7.7703808 | L39: =L29/L19 -> 7.1803371 | M39: =M29/M19 -> 6.2841731 | N39: =N29/N19 -> 5.3475539 | O39: =O29/O19 -> 4.4014052 | P39: =P29/P19 -> 3.7626221 | ... W39: =W29/W19 -> -1.4398995
H40: 2 | I40: =I30/I20 -> 4.6984329 | J40: =J30/J20 -> 6.6376417 | K40: =K30/K20 -> 6.5403112 | L40: =L30/L20 -> 7.8414372 | M40: =M30/M20 -> 6.9127156 | N40: =N30/N20 -> 6.0178272 | O40: =O30/O20 -> 5.0482715 | P40: =P30/P20 -> 5.0497064 | ... W40: =W30/W20 -> -1.112246
H41: 3 | I41: =I31/I21 -> 2.8322237 | J41: =J31/J21 -> 9.2218411 | K41: =K31/K21 -> 9.8330556 | L41: =L31/L21 -> 9.0479705 | M41: =M31/M21 -> 8.4279799 | N41: =N31/N21 -> 7.5135943 | O41: =O31/O21 -> 6.5907033 | P41: =P31/P21 -> 5.5570571 | ... W41: =W31/W21 -> -1.4870651
G42: PF | H42: 1 | I42: =I32/I22 -> 1.9139603 | J42: =J32/J22 -> 3.4163115 | K42: =K32/K22 -> 2.5669285 | L42: =L32/L22 -> 4.5214125 | M42: =M32/M22 -> 4.4732824 | N42: =N32/N22 -> 3.6227943 | O42: =O32/O22 -> 5.2767556 | P42: =P32/P22 -> 4.2242834 | ... W42: =W32/W22 -> -1.6552598
