Workbook

Sheet 시트29
D1: 남양주 | F1: 디앤비
A2: Sales | D2: 2월 마감재고 | E2: 3월 입고 재고 | F2: 롯마 출고 | G2: 이마출고 | H2: 풀필 출고 | I2: 일반 출고 | J2: 디앤비 회송 입고 | K2: 디앤비 파손 | L2: 유통기한 임박 폐기 | M2: 풀필 회송 | N2: 입고파손 | O2: 작업중 빈박스 | P2: 2월 재고 정정 | Q2: 이마트 점포 클레임 | R2: 영훈 파트장님 출고 | S2: 실장님 사용 | T2: 기부 | U2: 반품입고 | V2: 3월 마감 재고 | W2: 3월 마감 실재고 | X2: 차이
B3: PN | C3: 1 | D3: 15895 | F3: 112 | G3: 896 | H3: 4184 | I3: 4505 | L3: 32 | M3: =1215+12+3 -> 1230 | P3: -2 | R3: 4 | U3: 75 | V3: =D3+SUM(E3,J3,M3,P3,Q3)-SUM(F3:I3,K3:L3,N3:O3,R3:S3)+U3-T3 -> 7465 | W3: 7454 | X3: =V3-W3 -> 11
C4: 2 | D4: =36081-448 -> 35633 | F4: 336 | G4: 2240 | H4: 3712 | I4: 4404 | J4: 328 | K4: 328 | M4: =216+939 -> 1155 | N4: 1 | O4: 6 | U4: 58 | V4: =D4+SUM(E4,J4,M4,P4,Q4)-SUM(F4:I4,K4:L4,N4:O4,R4:S4)+U4-T4 -> 26147 | W4: 26136 | X4: =V4-W4 -> 11
C5: 3 | D5: 14523 | F5: 224 | G5: 896 | H5: 680 | I5: 1123 | J5: 324 | K5: 240 | M5: 180 | N5: 2 | P5: -2 | T5: =1300+2500 -> 3800 | U5: 21 | V5: =D5+SUM(E5,J5,M5,P5,Q5)-SUM(F5:I5,K5:L5,N5:O5,R5:S5)+U5-T5 -> 8081 | W5: 8091 | X5: =V5-W5 -> -10
B6: PF | C6: 1 | D6: 54780 | E6: 16896 | F6: 448 | G6: 1792 | H6: 6284 | I6: 7589 | M6: =6+1755+3 -> 1764 | R6: 4 | U6: 246 | V6: =D6+SUM(E6,J6,M6,P6,Q6)-SUM(F6:I6,K6:L6,N6:O6,R6:S6)+U6-T6 -> 57569 | W6: 57556 | X6: =V6-W6 -> 13
C7: 2 | D7: 57191 | E7: 15360 | F7: 448 | G7: 1792 | H7: 4164 | I7: 3979 | M7: 1368 | P7: =3 -> 3 | S7: 6 | U7: 58 | V7: =D7+SUM(E7,J7,M7,P7,Q7)-SUM(F7:I7,K7:L7,N7:O7,R7:S7)+U7-T7 -> 63591 | W7: 63591 | X7: =V7-W7 -> 0
C8: 3 | D8: 15223 | E8: 4608 | F8: 448 | G8: 896 | H8: 939 | I8: 1282 | M8: 456 | Q8: =4+4 -> 8 | U8: 9 | V8: =D8+SUM(E8,J8,M8,P8,Q8)-SUM(F8:I8,K8:L8,N8:O8,R8:S8)+U8-T8 -> 16739 | W8: 16738 | X8: =V8-W8 -> 1
B9: Total | D9: =SUM(D3:D8) -> 193245 | E9: =SUM(E3:E8) -> 36864 | F9: =SUM(F3:F8) -> 2016 | G9: =SUM(G3:G8) -> 8512 | H9: =SUM(H3:H8) -> 19963 | I9: =SUM(I3:I8) -> 22882 | J9: =SUM(J3:J8) -> 652 | K9: =SUM(K3:K8) -> 568 | ... X9: =SUM(X3:X8) -> 26
I10: 10702
D11: 풀필먼트 | U11: 73
A12: Sales | D12: 2월 마감재고 | E12: 3월 입고 재고 | F12: 출고 | G12: 반출 | H12: 비가용 재고 | I12: 3월 마감 재고 | J12: 3월 마감 실재고 | K12: 차이 | U12: 9
B13: PN | C13: 1 | D13: 767 | E13: 4184 | F13: 1472 | G13: 1011 | H13: 0 | I13: =D13+E13-F13-G13+H13 -> 2468 | J13: 2468 | K13: =I13-J13 -> 0 | U13: 164
C14: 2 | D14: 389 | E14: 3712 | F14: 1221 | G14: 1155 | H14: 2 | I14: =D14+E14-F14-G14+H14 -> 1727 | J14: 1727 | K14: =I14-J14 -> 0 | U14: 246
C15: 3 | D15: 146 | E15: 680 | F15: 227 | G15: 180 | H15: 4 | I15: =D15+E15-F15-G15+H15 -> 423 | J15: 423 | K15: =I15-J15 -> 0 | U15: =U6-U14 -> 0
B16: PF | C16: 1 | D16: 1911 | E16: 6284 | F16: 2422 | G16: 1977 | H16: 7 | I16: =D16+E16-F16-G16+H16 -> 3803 | J16: 3803 | K16: =I16-J16 -> 0
C17: 2 | D17: 1331 | E17: 4164 | F17: 1784 | G17: 1368 | H17: -210 | I17: =D17+E17-F17-G17+H17 -> 2133 | J17: 2133 | K17: =I17-J17 -> 0
C18: 3 | D18: 448 | E18: 939 | F18: 338 | G18: 456 | H18: -8 | I18: =D18+E18-F18-G18+H18 -> 585 | J18: 585 | K18: =I18-J18 -> 0
B19: Total | D19: =SUM(D13:D18) -> 4992 | E19: =SUM(E13:E18) -> 19963 | F19: =SUM(F13:F18) -> 7464 | G19: =SUM(G13:G18) -> 6147 | H19: =SUM(H13:H18) -> -205 | I19: =SUM(I13:I18) -> 11139 | J19: =SUM(J13:J18) -> 11139 | K19: =SUM(K13:K18) -> 0
D20: 디앤비
A21: Sales | D21: 2월 마감재고 | E21: 3월 입고 재고 | F21: 3월 출고 재고 | G21: 3월 마감 재고 | H21: 3월 마감 실재고 | I21: 차이
B22: PN | C22: 1 | D22: 1484 | E22: 1008 | F22: 1504 | G22: =D22+E22-F22 -> 988 | H22: 988 | I22: =G22-H22 -> 0
C23: 2 | D23: 1032 | E23: 2576 | F23: 2276 | G23: =D23+E23-F23 -> 1332 | H23: 1332 | I23: =G23-H23 -> 0
C24: 3 | D24: 1100 | E24: 1120 | F24: 1452 | G24: =D24+E24-F24 -> 768 | H24: 768 | I24: =G24-H24 -> 0
B25: PF | C25: 1 | D25: 1828 | E25: 2244 | F25: 2660 | G25: =D25+E25-F25 -> 1412 | H25: 1412 | I25: =G25-H25 -> 0
C26: 2 | D26: 1712 | E26: 2244 | F26: 2640 | G26: =D26+E26-F26 -> 1316 | H26: 1316 | I26: =G26-H26 -> 0
C27: 3 | D27: 1200 | E27: 1344 | F27: 1452 | G27: =D27+E27-F27 -> 1092 | H27: 1092 | I27: =G27-H27 -> 0
B28: Total | D28: =SUM(D22:D27) -> 8356 | E28: =SUM(E22:E27) -> 10536 | F28: =SUM(F22:F27) -> 11984 | G28: =SUM(G22:G27) -> 6908 | H28: =SUM(H22:H27) -> 6908 | I28: =SUM(I22:I27) -> 0

Sheet Domestic의 사본 발주예상용
F2: ※ Aptamil Domestic Stock Overview
AA4: 3
F5: Production | I5: Dec | J5: Jan | K5: Feb | L5: Mar | M5: April | N5: May | O5: Jun | P5: July | Q5: Aug | R5: 6월 발주 | S5: 7월 발주 | T5: 8월 발주 | U5: 9월 발주
F6: Supply (arrival) | I6: Mar. | J6: Apr. | K6: May. | L6: Jun. | M6: July. | N6: Aug. | O6: Sep. | P6: Oct. | Q6: Nov. | R6: Dec. | S6: Jan. | T6: Feb. | U6: Mar. | V6: Apr. | W6: May. | Y6: 품목명 | Z6: 재고
G7: PN | H7: 1 | I7: 12096 | J7: 19036 | L7: =2880+2896 -> 5776 | P7: 2880 | R7: =4176*4 -> 16704 | Y7: 누1 | Z7: =SUM(W7:Y7) -> 0 | AA7: 9919 | AB7: 8462 | AC7: 8562
H8: 2 | I8: 14976 | J8: 30252 | K8: =5760 -> 5760 | L8: =7640+9372 -> 17012 | P8: 9792 | R8: =2160*4 -> 8640 | Y8: 누2 | Z8: =SUM(W8:Y8) -> 0 | AA8: 13593 | AB8: 11805 | AC8: 10605
H9: 3 | I9: 4608 | J9: 25380 | K9: 6912 | Y9: 누3 | Z9: =SUM(W9:Y9) -> 0 | AA9: 3902 | AB9: 3755 | AC9: 3600
G10: PF | H10: 1 | J10: 28032 | K10: 1760 | L10: =10752+25320 -> 36072 | M10: =3072+7296 -> 10368 | N10: =338+1152 -> 1490 | O10: =1916+5760+1920+1152+384+20736 -> 31868 | R10: =4032*4 -> 16128 | Y10: 푸1 | Z10: =SUM(W10:Y10) -> 0 | AA10: 12546 | AB10: 12378 | AC10: 11714
H11: 2 | K11: =7296 -> 7296 | L11: =292+9216 -> 9508 | M11: =16896+3072 -> 19968 | N11: =212+384+768 -> 1364 | O11: 17664 | P11: 9216 | R11: =2880*4 -> 11520 | Y11: 푸2 | Z11: =SUM(W11:Y11) -> 0 | AA11: 10462 | AB11: 10136 | AC11: 10741
H12: 3 | J12: 8820 | L12: 3508 | M12: =5376+3840 -> 9216 | N12: =212+6528 -> 6740 | O12: 5760 | Y12: 푸3 | Z12: =SUM(W12:Y12) -> 0 | AA12: 4541 | AB12: 4407 | AC12: 3939
G13: Total | I13: =SUM(I7:I12) -> 31680 | J13: =SUM(J7:J12) -> 111520 | K13: =SUM(K7:K12) -> 21728 | L13: =SUM(L7:L12) -> 71876 | M13: =SUM(M7:M12) -> 39552 | N13: =SUM(N7:N12) -> 9594 | O13: =SUM(O7:O12) -> 55292 | P13: =SUM(P7:P12) -> 21888 | ... W13: =SUM(W7:W12) -> 0
G14: 발주 금액 | I14: =#REF! -> #REF! | J14: =#REF! -> #REF! | K14: =#REF! -> #REF! | L14: =#REF! -> #REF! | M14: =#REF! -> #REF! | N14: =#REF! -> #REF! | O14: =#REF! -> #REF! | P14: =#REF! -> #REF! | ... W14: =#REF! -> #REF! | AA14: =AA7*3 -> 29757 | AB14: =AB7*3 -> 25386 | AC14: =AC7*3 -> 25686
G15: 발주 금액(KRW) | I15: =I14* 1456.78 -> #REF! | J15: =J14* 1456.78 -> #REF! | K15: =K14* 1456.78 -> #REF! | L15: =L14* 1456.78 -> #REF! | M15: =M14* 1456.78 -> #REF! | N15: =N14* 1456.78 -> #REF! | O15: =O14* 1456.78 -> #REF! | P15: =P14* 1456.78 -> #REF! | ... W15: =W14* 1456.78 -> #REF! | AA15: =AA8*3 -> 40779 | AB15: =AB8*3 -> 35415 | AC15: =AC8*3 -> 31815
AA16: =AA9*3 -> 11706 | AB16: =AB9*3 -> 11265 | AC16: =AC9*3 -> 10800
I17: Actual | J17: Actual | K17: Actual | L17: fcst | M17: fcst | N17: fcst | O17: fcst | P17: fcst | Q17: fcst | R17: fcst | AA17: =AA10*3 -> 37638 | AB17: =AB10*3 -> 37134 | AC17: =AC10*3 -> 35142
F18: Sales | I18: Mar. | J18: Apr. | K18: May. | L18: Jun. | M18: July | N18: Aug. | O18: Sep. | P18: Oct. | Q18: Nov. | R18: Dec. | S18: Jan. | T18: Feb. | U18: Mar. | V18: Apr. | W18: May. | AA18: =AA11*3 -> 31386 | AB18: =AB11*3 -> 30408 | AC18: =AC11*3 -> 32223
G19: PN | H19: 1 | I19: 8462 | J19: 8396 | K19: 8562 | L19: 8839 | M19: 8713 | N19: 8626 | O19: 8540 | P19: 8497 | Q19: 8582 | R19: 8754 | S19: 8841 | T19: 8886 | U19: 8797 | V19: 8665 | W19: 8752 | AA19: =AA12*3 -> 13623 | AB19: =AB12*3 -> 13221 | AC19: =AC12*3 -> 11817
H20: 2 | I20: 11805 | J20: 11381 | K20: 10605 | L20: 9769 | M20: 9681 | N20: 9536 | O20: 9488 | P20: 9536 | Q20: 9631 | R20: 9823 | S20: 9693 | T20: 9628 | U20: 9564 | V20: 9532 | W20: 9595
H21: 3 | I21: 3755 | J21: 3498 | K21: 3600 | L21: 3523 | M21: 3381 | N21: 3347 | O21: 3313 | P21: 3330 | Q21: 3363 | R21: 3397 | S21: 3374 | T21: 3340 | U21: 3329 | V21: 3340 | W21: 3363
G22: PF | H22: 1 | I22: 12378 | J22: 11967 | K22: 11714 | L22: 11979 | M22: 11790 | N22: 11731 | O22: 11848 | P22: 11967 | Q22: 12206 | R22: 12450 | S22: 12574 | T22: 12637 | U22: 12511 | V22: 12574 | W22: 12624
H23: 2 | I23: 10136 | J23: 10658 | K23: 10741 | L23: 11355 | M23: 11138 | N23: 11250 | O23: 11362 | P23: 11249 | Q23: 11305 | R23: 11418 | S23: 11342 | T23: 11304 | U23: 11379 | V23: 11455 | W23: 11608
H24: 3 | I24: 4407 | J24: 3907 | K24: 3939 | L24: 3866 | M24: 3928 | N24: 3947 | O24: 3908 | P24: 3869 | Q24: 3849 | R24: 3901 | S24: 3927 | T24: 3953 | U24: 3927 | V24: 3940 | W24: 3966
G25: Total | I25: =SUM(I19:I24) -> 50943 | J25: =SUM(J19:J24) -> 49807 | K25: =SUM(K19:K24) -> 49161 | L25: =SUM(L19:L24) -> 49331 | M25: =SUM(M19:M24) -> 48631 | N25: =SUM(N19:N24) -> 48437 | O25: =SUM(O19:O24) -> 48459 | P25: =SUM(P19:P24) -> 48448 | ... W25: =SUM(W19:W24) -> 49908
B28: 재고 | C28: 판매량 | D28: 입고 | F28: Stock(CU) | I28: Mar. | J28: Apr. | K28: May. | L28: Jun. | M28: July | N28: Aug. | O28: Sep. | P28: Oct. | Q28: Nov. | R28: Dec. | S28: Jan. | T28: Feb. | U28: Mar. | V28: Apr. | W28: May.
A29: 66530 | B29: =SUMIF(#REF!,E29,#REF!) -> #REF! | C29: #N/A | D29: 5760 | E29: 01976-00 | G29: PN | H29: 1 | I29: 65764 | J29: 75367 | K29: 66530 | L29: =K29+L7-L19 -> 63467 | M29: =L29+M7-M19 -> 54754 | N29: =M29+N7-N19 -> 46128 | O29: =N29+O7-O19 -> 37588 | P29: =O29+P7-P19 -> 31971 | Q29: =P29+Q7-Q19 -> 23389 | R29: =Q29+R7-R19 -> 31339 | S29: =R29+S7-S19 -> 22498 | ... W29: =V29+W7-W19 -> -12602
A30: 69360 | B30: =SUMIF(#REF!,E30,#REF!) -> #REF! | C30: #N/A | D30: 14976 | E30: 01977-00 | H30: 2 | I30: 55465 | J30: 75543 | K30: 69360 | L30: =K30+L8-L20 -> 76603 | M30: =L30+M8-M20 -> 66922 | N30: =M30+N8-N20 -> 57386 | O30: =N30+O8-O20 -> 47898 | P30: =O30+P8-P20 -> 48154 | Q30: =P30+Q8-Q20 -> 38523 | R30: =Q30+R8-R20 -> 37340 | S30: =R30+S8-S20 -> 27647 | ... W30: =V30+W8-W20 -> -10672
A31: 35399 | B31: =SUMIF(#REF!,E31,#REF!) -> #REF! | C31: #N/A | D31: 4608 | E31: 01978-00 | H31: 3 | I31: 10635 | J31: 32258 | K31: 35399 | L31: =K31+L9-L21 -> 31876 | M31: =L31+M9-M21 -> 28495 | N31: =M31+N9-N21 -> 25148 | O31: =N31+O9-O21 -> 21835 | P31: =O31+P9-P21 -> 18505 | Q31: =P31+Q9-Q21 -> 15142 | R31: =Q31+R9-R21 -> 11745 | S31: =R31+S9-S21 -> 8371 | ... W31: =V31+W9-W21 -> -5001
A32: 30069 | B32: =SUMIF(#REF!,E32,#REF!) -> #REF! | C32: #N/A | E32: 02352-00 | G32: PF | H32: 1 | I32: 23691 | J32: 40883 | K32: 30069 | L32: =K32+L10-L22 -> 54162 | M32: =L32+M10-M22 -> 52740 | N32: =M32+N10-N22 -> 42499 | O32: =N32+O10-O22 -> 62519 | P32: =O32+P10-P22 -> 50552 | Q32: =P32+Q10-Q22 -> 38346 | R32: =Q32+R10-R22 -> 42024 | S32: =R32+S10-S22 -> 29450 | ... W32: =V32+W10-W22 -> -20896
A33: 49623 | B33: =SUMIF(#REF!,E33,#REF!) -> #REF! | C33: #N/A | E33: 02353-00 | H33: 2 | I33: 64523 | J33: 53429 | K33: 49623 | L33: =K33+L11-L23 -> 47776 | M33: =L33+M11-M23 -> 56606 | N33: =M33+N11-N23 -> 46720 | O33: =N33+O11-O23 -> 53022 | P33: =O33+P11-P23 -> 50989 | Q33: =P33+Q11-Q23 -> 39684 | R33: =Q33+R11-R23 -> 39786 | S33: =R33+S11-S23 -> 28444 | ... W33: =V33+W11-W23 -> -17302
A34: 14991 | B34: =SUMIF(#REF!,E34,#REF!) -> #REF! | C34: #N/A | E34: 02354-00 | H34: 3 | I34: 14504 | J34: 19092 | K34: 14991 | L34: =K34+L12-L24 -> 14633 | M34: =L34+M12-M24 -> 19921 | N34: =M34+N12-N24 -> 22714 | O34: =N34+O12-O24 -> 24566 | P34: =O34+P12-P24 -> 20697 | Q34: =P34+Q12-Q24 -> 16848 | R34: =Q34+R12-R24 -> 12947 | S34: =R34+S12-S24 -> 9020 | ... W34: =V34+W12-W24 -> -6766
A35: =SUM(A29:A34) -> 265972 | G35: Total | I35: =SUM(I29:I34) -> 234582 | J35: =SUM(J29:J34) -> 296572 | K35: =SUM(K29:K34) -> 265972 | L35: =SUM(L29:L34) -> 288517 | M35: =SUM(M29:M34) -> 279438 | N35: =SUM(N29:N34) -> 240595 | O35: =SUM(O29:O34) -> 247428 | P35: =SUM(P29:P34) -> 220868 | ... W35: =SUM(W29:W34) -> -73239
F38: Stock Level(Month) | I38: Mar. | J38: Apr. | K38: May. | L38: Jun. | M38: July. | N38: Aug. | O38: Sep. | P38: Oct. | Q38: Nov. | R38: Dec. | S38: Jan. | T38: Feb. | U38: Mar. | V38: Apr. | W38: May.
G39: PN | H39: 1 | I39: =I29/I19 -> 7.7716852 | J39: =J29/J19 -> 8.9765364 | K39: =K29/K19 -> 7.7703808 | L39: =L29/L19 -> 7.1803371 | M39: =M29/M19 -> 6.2841731 | N39: =N29/N19 -> 5.3475539 | O39: =O29/O19 -> 4.4014052 | P39: =P29/P19 -> 3.7626221 | ... W39: =W29/W19 -> -1.4398995
H40: 2 | I40: =I30/I20 -> 4.6984329 | J40: =J30/J20 -> 6.6376417 | K40: =K30/K20 -> 6.5403112 | L40: =L30/L20 -> 7.8414372 | M40: =M30/M20 -> 6.9127156 | N40: =N30/N20 -> 6.0178272 | O40: =O30/O20 -> 5.0482715 | P40: =P30/P20 -> 5.0497064 | ... W40: =W30/W20 -> -1.112246
H41: 3 | I41: =I31/I21 -> 2.8322237 | J41: =J31/J21 -> 9.2218411 | K41: =K31/K21 -> 9.8330556 | L41: =L31/L21 -> 9.0479705 | M41: =M31/M21 -> 8.4279799 | N41: =N31/N21 -> 7.5135943 | O41: =O31/O21 -> 6.5907033 | P41: =P31/P21 -> 5.5570571 | ... W41: =W31/W21 -> -1.4870651
G42: PF | H42: 1 | I42: =I32/I22 -> 1.9139603 | J42: =J32/J22 -> 3.4163115 | K42: =K32/K22 -> 2.5669285 | L42: =L32/L22 -> 4.5214125 | M42: =M32/M22 -> 4.4732824 | N42: =N32/N22 -> 3.6227943 | O42: =O32/O22 -> 5.2767556 | P42: =P32/P22 -> 4.2242834 | ... W42: =W32/W22 -> -1.6552598
H43: 2 | I43: =I33/I23 -> 6.3657261 | J43: =J33/J23 -> 5.0130418 | K43: =K33/K23 -> 4.6199609 | L43: =L33/L23 -> 4.2074857 | M43: =M33/M23 -> 5.082241 | N43: =N33/N23 -> 4.1528889 | O43: =O33/O23 -> 4.666608 | P43: =P33/P23 -> 4.5327585 | ... W43: =W33/W23 -> -1.4905238
H44: 3 | I44: =I34/I24 -> 3.2911278 | J44: =J34/J24 -> 4.8866138 | K44: =K34/K24 -> 3.8057883 | L44: =L34/L24 -> 3.7850491 | M44: =M34/M24 -> 5.0715377 | N44: =N34/N24 -> 5.7547504 | O44: =O34/O24 -> 6.2860798 | P44: =P34/P24 -> 5.3494443 | ... W44: =W34/W24 -> -1.706001
G45: Total | I45: =AVERAGE(I39:I44) -> 4.4788593 | J45: =AVERAGE(J39:J44) -> 6.3586644 | K45: =AVERAGE(K39:K44) -> 5.8560709 | L45: =AVERAGE(L39:L44) -> 6.097282 | M45: =AVERAGE(M39:M44) -> 6.0419883 | N45: =AVERAGE(N39:N44) -> 5.4015682 | O45: =AVERAGE(O39:O44) -> 5.3783039 | P45: =AVERAGE(P39:P44) -> 4.7459786 | ... W45: =AVERAGE(W39:W44) -> -1.4818325

Sheet Medical
A1: ※ Medical Stock Overview
A3: 1670 | I3: Suggested
A4: Supply (arrival) | D4: Dec. | E4: Jau. | F4: Feb. | G4: Mar. | H4: Apr. | I4: May. | N4: 금액
A5: Supply (arrival) | B5: =_xlfn.XLOOKUP(C5,'메디컬 SKU'!C:C,'메디컬 SKU'!A:A) -> 117547 | C5: Duocal | D5: 42.677419 | E5: 96 | F5: 324 | G5: 324 | H5: 360 | I5: 198 | K5: 12월 이전 물량 | L5: 12월 transfer | M5: 1월 결제 | N5: =D23 -> 4.7149024e+08
B6: =_xlfn.XLOOKUP(C6,'메디컬 SKU'!C:C,'메디컬 SKU'!A:A) -> 552897 | C6: Elemental Orange | D6: 6566 | E6: 0 | F6: 0 | G6: 0 | H6: 0 | I6: 0 | K6: 10월 생산 | L6: 11월 shipout | M6: 12월 결제 | N6: =E23 -> 8.288635e+08
B7: =_xlfn.XLOOKUP(C7,'메디컬 SKU'!C:C,'메디컬 SKU'!A:A) -> 117771 | C7: PK AID | D7: 220 | E7: 0 | F7: 60 | G7: 60 | H7: 120 | I7: 60 | K7: 11월 생산 | L7: 12월 shipout | M7: 1월 결제 | N7: =F23 -> 3.0087032e+08
B8: =_xlfn.XLOOKUP(C8,'메디컬 SKU'!C:C,'메디컬 SKU'!A:A) -> 646546 | C8: TYR Anamix | D8: 28.709677 | E8: 0 | F8: 68 | G8: 0 | H8: 0 | I8: 0 | K8: 12월 생산 | L8: 1월 shipout | M8: 2월 결제 | N8: =G23 -> 156893160
B9: =_xlfn.XLOOKUP(C9,'메디컬 SKU'!C:C,'메디컬 SKU'!A:A) -> 646567 | C9: NKH Anamix | D9: 61.258065 | E9: 68 | F9: 0 | G9: 0 | H9: 0 | I9: 0 | K9: 1월 생산 | L9: 2월 shipout | M9: 3월 결제 | N9: =H23 -> 63795670
B10: =_xlfn.XLOOKUP(C10,'메디컬 SKU'!C:C,'메디컬 SKU'!A:A) -> 691217 | C10: Lorenzo Oil | D10: 20 | E10: 48 | F10: 84 | G10: 0 | H10: 0 | I10: 84 | K10: 2월 생산 | L10: 3월 shipout | M10: 4월 결제 | N10: =I23 -> 619003202
B11: =_xlfn.XLOOKUP(C11,'메디컬 SKU'!C:C,'메디컬 SKU'!A:A) -> 611174 | C11: Infatrini | D11: 3472 | E11: 19008 | F11: 0 | G11: 0 | H11: 0 | I11: 12096 | N11: =SUM(N5:N10) -> 2.4409161e+09
B12: =_xlfn.XLOOKUP(C12,'메디컬 SKU'!C:C,'메디컬 SKU'!A:A) -> 701775 | C12: Neocate LCP | D12: 4116.3871 | E12: 0 | F12: 4536 | G12: 2592 | H12: 0 | I12: 1944
B13: =_xlfn.XLOOKUP(C13,'메디컬 SKU'!C:C,'메디컬 SKU'!A:A) -> 646548 | C13: GA1 Anamix Infant | D13: 38.419355 | E13: 168 | F13: 0 | G13: 0 | H13: 60 | I13: 0
B14: =_xlfn.XLOOKUP(C14,'메디컬 SKU'!C:C,'메디컬 SKU'!A:A) -> 589462 | C14: GA1 Anamix Junior | D14: 141 | E14: 96 | F14: 0 | G14: 65 | H14: 60 | I14: 0
B15: =_xlfn.XLOOKUP(C15,'메디컬 SKU'!C:C,'메디컬 SKU'!A:A) -> 589466 | C15: MSUD Anamix Junior | D15: 9.1290323 | E15: 259 | F15: 0 | G15: 0 | H15: 180 | I15: 132
B16: =_xlfn.XLOOKUP(C16,'메디컬 SKU'!C:C,'메디컬 SKU'!A:A) -> 116180 | C16: MSUD Maxamum | D16: 82 | E16: 420 | F16: 60 | G16: 60 | H16: 90 | I16: 600
B17: =_xlfn.XLOOKUP(C17,'메디컬 SKU'!C:C,'메디컬 SKU'!A:A) -> 695413 | C17: Locasol | D17: 25.516129 | E17: 238 | F17: 0 | G17: 0 | H17: 120 | I17: 0
B18: =_xlfn.XLOOKUP(C18,'메디컬 SKU'!C:C,'메디컬 SKU'!A:A) -> 699883 | C18: Basic F | D18: 72.83871 | E18: 86 | F18: 0 | G18: 0 | H18: 90 | I18: 0
B19: =_xlfn.XLOOKUP(C19,'메디컬 SKU'!C:C,'메디컬 SKU'!A:A) -> 645380 | C19: Aptamil Pepti Syneo | D19: 261.19355 | E19: 3454 | F19: 864 | G19: 0 | H19: 0 | I19: 1728
B20: =_xlfn.XLOOKUP(C20,'메디컬 SKU'!C:C,'메디컬 SKU'!A:A) -> 578785 | C20: Elemental 028 Banana | D20: 176.70968 | E20: 735 | F20: 0 | G20: 0 | H20: 0 | I20: 0
B21: Total | D21: =SUM(D5:D20) -> 15333.839 | E21: =SUM(E5:E20) -> 24676 | F21: =SUM(F5:F20) -> 5996 | G21: =SUM(G5:G20) -> 3101 | H21: =SUM(H5:H20) -> 1080 | I21: =SUM(I5:I20) -> 16842
B22: 발주 금액 | D22: =금액!H56 -> 282329.49 | E22: =금액!I56 -> 496325.45 | F22: =금액!J56 -> 180161.87 | G22: =금액!K56 -> 93948 | H22: =금액!L56 -> 38201 | I22: =금액!M56 -> 370660.6
B23: 발주 금액(KRW) | D23: =D22*$A$3 -> 4.7149024e+08 | E23: =E22*$A$3 -> 8.288635e+08 | F23: =F22*$A$3 -> 3.0087032e+08 | G23: =G22*$A$3 -> 156893160 | H23: =H22*$A$3 -> 63795670 | I23: =I22*$A$3 -> 619003202
E25: fcst | F25: fcst | G25: fcst | H25: fcst
A26: Sales | D26: Oct-Dec. | E26: Jau. | F26: Feb. | G26: Mar. | H26: Apr. | I26: May.
A27: Sales CU | B27: =_xlfn.XLOOKUP(C27,'메디컬 SKU'!C:C,'메디컬 SKU'!A:A) -> 117547 | C27: Duocal | E27: 187 | F27: 187 | G27: 187 | H27: 187 | I27: =AVERAGE(G27:H27) -> 187
B28: =_xlfn.XLOOKUP(C28,'메디컬 SKU'!C:C,'메디컬 SKU'!A:A) -> 552897 | C28: Elemental Orange | E28: 1453 | F28: 593 | G28: 593 | H28: 1453 | I28: =AVERAGE(G28:H28) -> 1023
B29: =_xlfn.XLOOKUP(C29,'메디컬 SKU'!C:C,'메디컬 SKU'!A:A) -> 117771 | C29: PK AID | E29: 121 | F29: 56 | G29: 56 | H29: 121 | I29: =AVERAGE(G29:H29) -> 88.5
B30: =_xlfn.XLOOKUP(C30,'메디컬 SKU'!C:C,'메디컬 SKU'!A:A) -> 646546 | C30: TYR Anamix | E30: 35 | F30: 35 | G30: 35 | H30: 35 | I30: =AVERAGE(G30:H30) -> 35
B31: =_xlfn.XLOOKUP(C31,'메디컬 SKU'!C:C,'메디컬 SKU'!A:A) -> 646567 | C31: NKH Anamix | E31: 55 | F31: 22 | G31: 22 | H31: 55 | I31: =AVERAGE(G31:H31) -> 38.5
B32: =_xlfn.XLOOKUP(C32,'메디컬 SKU'!C:C,'메디컬 SKU'!A:A) -> 691217 | C32: Lorenzo Oil | E32: 31 | F32: 31 | G32: 31 | H32: 31 | I32: =AVERAGE(G32:H32) -> 31
B33: =_xlfn.XLOOKUP(C33,'메디컬 SKU'!C:C,'메디컬 SKU'!A:A) -> 611174 | C33: Infatrini | E33: 2951 | F33: 3000 | G33: 3000 | H33: 2951 | I33: =AVERAGE(G33:H33) -> 2975.5
B34: =_xlfn.XLOOKUP(C34,'메디컬 SKU'!C:C,'메디컬 SKU'!A:A) -> 701775 | C34: Neocate LCP | E34: 2237 | F34: 1763 | G34: 1763 | H34: 2237 | I34: =AVERAGE(G34:H34) -> 2000
B35: =_xlfn.XLOOKUP(C35,'메디컬 SKU'!C:C,'메디컬 SKU'!A:A) -> 646548 | C35: GA1 Anamix Infant | E35: 70 | F35: 38 | G35: 38 | H35: 70 | I35: =AVERAGE(G35:H35) -> 54
B36: =_xlfn.XLOOKUP(C36,'메디컬 SKU'!C:C,'메디컬 SKU'!A:A) -> 589462 | C36: GA1 Anamix Junior | E36: 102 | F36: 30 | G36: 30 | H36: 102 | I36: =AVERAGE(G36:H36) -> 66
B37: =_xlfn.XLOOKUP(C37,'메디컬 SKU'!C:C,'메디컬 SKU'!A:A) -> 589466 | C37: MSUD Anamix Junior | E37: 136 | F37: 72 | G37: 72 | H37: 136 | I37: =AVERAGE(G37:H37) -> 104
B38: =_xlfn.XLOOKUP(C38,'메디컬 SKU'!C:C,'메디컬 SKU'!A:A) -> 116180 | C38: MSUD Maxamum | E38: 357 | F38: 30 | G38: 30 | H38: 357 | I38: =AVERAGE(G38:H38) -> 193.5
B39: =_xlfn.XLOOKUP(C39,'메디컬 SKU'!C:C,'메디컬 SKU'!A:A) -> 695413 | C39: Locasol | E39: 79 | F39: 49 | G39: 49 | H39: 79 | I39: =AVERAGE(G39:H39) -> 64
... B42: =_xlfn.XLOOKUP(C42,'메디컬 SKU'!C:C,'메디컬 SKU'!A:A) -> 578785 | C42: Elemental 028 Banana | E42: 345 | F42: 185 | G42: 185 | H42: 345 | I42: =AVERAGE(G42:H42) -> 265
B43: Total | D43: =SUM(D27:D42) -> 0 | E43: =SUM(E27:E42) -> 9154 | F43: =SUM(F27:F42) -> 7034 | G43: =SUM(G27:G42) -> 7034 | H43: =SUM(H27:H42) -> 9154 | I43: =SUM(I27:I42) -> 8094
D45: Stock Transfer
A46: Stcok(CU) | D46: Dec. | E46: Jau. | F46: Feb. | G46: Mar. | H46: Apr. | I46: May.
A47: Stock(CU) | B47: =_xlfn.XLOOKUP(C47,'메디컬 SKU'!C:C,'메디컬 SKU'!A:A) -> 117547 | C47: Duocal | D47: 43 | E47: =D47+E5-E27 -> -48 | F47: =E47+F5-F27 -> 89 | G47: =F47+G5-G27 -> 226 | H47: =G47+H5-H27 -> 399 | I47: =H47+I5-I27 -> 410
B48: =_xlfn.XLOOKUP(C48,'메디컬 SKU'!C:C,'메디컬 SKU'!A:A) -> 552897 | C48: Elemental Orange | D48: 6566 | E48: =D48+E6-E28 -> 5113 | F48: =E48+F6-F28 -> 4520 | G48: =F48+G6-G28 -> 3927 | H48: =G48+H6-H28 -> 2474 | I48: =H48+I6-I28 -> 1451
B49: =_xlfn.XLOOKUP(C49,'메디컬 SKU'!C:C,'메디컬 SKU'!A:A) -> 117771 | C49: PK AID | D49: 220 | E49: =D49+E7-E29 -> 99 | F49: =E49+F7-F29 -> 103 | G49: =F49+G7-G29 -> 107 | H49: =G49+H7-H29 -> 106 | I49: =H49+I7-I29 -> 77.5
B50: =_xlfn.XLOOKUP(C50,'메디컬 SKU'!C:C,'메디컬 SKU'!A:A) -> 646546 | C50: TYR Anamix | D50: 29 | E50: =D50+E8-E30 -> -6 | F50: =E50+F8-F30 -> 27 | G50: =F50+G8-G30 -> -8 | H50: =G50+H8-H30 -> -43 | I50: =H50+I8-I30 -> -78
B51: =_xlfn.XLOOKUP(C51,'메디컬 SKU'!C:C,'메디컬 SKU'!A:A) -> 646567 | C51: NKH Anamix | D51: 61 | E51: =D51+E9-E31 -> 74 | F51: =E51+F9-F31 -> 52 | G51: =F51+G9-G31 -> 30 | H51: =G51+H9-H31 -> -25 | I51: =H51+I9-I31 -> -63.5
B52: =_xlfn.XLOOKUP(C52,'메디컬 SKU'!C:C,'메디컬 SKU'!A:A) -> 691217 | C52: Lorenzo Oil | D52: 20 | E52: =D52+E10-E32 -> 37 | F52: =E52+F10-F32 -> 90 | G52: =F52+G10-G32 -> 59 | H52: =G52+H10-H32 -> 28 | I52: =H52+I10-I32 -> 81
B53: =_xlfn.XLOOKUP(C53,'메디컬 SKU'!C:C,'메디컬 SKU'!A:A) -> 611174 | C53: Infatrini | D53: 3472 | E53: =D53+E11-E33 -> 19529 | F53: =E53+F11-F33 -> 16529 | G53: =F53+G11-G33 -> 13529 | H53: =G53+H11-H33 -> 10578 | I53: =H53+I11-I33 -> 19698.5
B54: =_xlfn.XLOOKUP(C54,'메디컬 SKU'!C:C,'메디컬 SKU'!A:A) -> 701775 | C54: Neocate LCP | D54: 4116 | E54: =D54+E12-E34 -> 1879 | F54: =E54+F12-F34 -> 4652 | G54: =F54+G12-G34 -> 5481 | H54: =G54+H12-H34 -> 3244 | I54: =H54+I12-I34 -> 3188
B55: =_xlfn.XLOOKUP(C55,'메디컬 SKU'!C:C,'메디컬 SKU'!A:A) -> 646548 | C55: GA1 Anamix Infant | D55: 38 | E55: =D55+E13-E35 -> 136 | F55: =E55+F13-F35 -> 98 | G55: =F55+G13-G35 -> 60 | H55: =G55+H13-H35 -> 50 | I55: =H55+I13-I35 -> -4
B56: =_xlfn.XLOOKUP(C56,'메디컬 SKU'!C:C,'메디컬 SKU'!A:A) -> 589462 | C56: GA1 Anamix Junior | D56: 141 | E56: =D56+E14-E36 -> 135 | F56: =E56+F14-F36 -> 105 | G56: =F56+G14-G36 -> 140 | H56: =G56+H14-H36 -> 98 | I56: =H56+I14-I36 -> 32
B57: =_xlfn.XLOOKUP(C57,'메디컬 SKU'!C:C,'메디컬 SKU'!A:A) -> 589466 | C57: MSUD Anamix Junior | D57: 9 | E57: =D57+E15-E37 -> 132 | F57: =E57+F15-F37 -> 60 | G57: =F57+G15-G37 -> -12 | H57: =G57+H15-H37 -> 32 | I57: =H57+I15-I37 -> 60
B58: =_xlfn.XLOOKUP(C58,'메디컬 SKU'!C:C,'메디컬 SKU'!A:A) -> 116180 | C58: MSUD Maxamum | D58: 82 | E58: =D58+E16-E38 -> 145 | F58: =E58+F16-F38 -> 175 | G58: =F58+G16-G38 -> 205 | H58: =G58+H16-H38 -> -62 | I58: =H58+I16-I38 -> 344.5
B59: =_xlfn.XLOOKUP(C59,'메디컬 SKU'!C:C,'메디컬 SKU'!A:A) -> 695413 | C59: Locasol | D59: 26 | E59: =D59+E17-E39 -> 185 | F59: =E59+F17-F39 -> 136 | G59: =F59+G17-G39 -> 87 | H59: =G59+H17-H39 -> 128 | I59: =H59+I17-I39 -> 64
... B62: =_xlfn.XLOOKUP(C62,'메디컬 SKU'!C:C,'메디컬 SKU'!A:A) -> 578785 | C62: Elemental 028 Banana | D62: 177 | E62: =D62+E20-E42 -> 567 | F62: =E62+F20-F42 -> 382 | G62: =F62+G20-G42 -> 197 | H62: =G62+H20-H42 -> -148 | I62: =H62+I20-I42 -> -413
B63: Total | D63: =SUM(D47:D62) -> 15334 | E63: =SUM(E47:E62) -> 30856 | F63: =SUM(F47:F62) -> 29818 | G63: =SUM(G47:G62) -> 25885 | H63: =SUM(H47:H62) -> 17811 | I63: =SUM(I47:I62) -> 26559
A66: Stcok Level (Month) | D66: Dec. | E66: Jau. | F66: Feb. | G66: Mar. | H66: Apr. | I66: May.
A67: Stock month by SKU | B67: =_xlfn.XLOOKUP(C67,'메디컬 SKU'!C:C,'메디컬 SKU'!A:A) -> 117547 | C67: Duocal | E67: =E47/E27 -> -0.25668449 | F67: =F47/F27 -> 0.47593583 | G67: =G47/G27 -> 1.2085561 | H67: =H47/H27 -> 2.1336898 | I67: =I47/I27 -> 2.1925134
B68: =_xlfn.XLOOKUP(C68,'메디컬 SKU'!C:C,'메디컬 SKU'!A:A) -> 552897 | C68: Elemental Orange | E68: =E48/E28 -> 3.5189264 | F68: =F48/F28 -> 7.6222597 | G68: =G48/G28 -> 6.6222597 | H68: =H48/H28 -> 1.7026841 | I68: =I48/I28 -> 1.4183773
B69: =_xlfn.XLOOKUP(C69,'메디컬 SKU'!C:C,'메디컬 SKU'!A:A) -> 117771 | C69: PK AID | E69: =E49/E29 -> 0.81818182 | F69: =F49/F29 -> 1.8392857 | G69: =G49/G29 -> 1.9107143 | H69: =H49/H29 -> 0.87603306 | I69: =I49/I29 -> 0.87570621
B70: =_xlfn.XLOOKUP(C70,'메디컬 SKU'!C:C,'메디컬 SKU'!A:A) -> 646546 | C70: TYR Anamix | E70: =E50/E30 -> -0.17142857 | F70: =F50/F30 -> 0.77142857 | G70: =G50/G30 -> -0.22857143 | H70: =H50/H30 -> -1.2285714 | I70: =I50/I30 -> -2.2285714
B71: =_xlfn.XLOOKUP(C71,'메디컬 SKU'!C:C,'메디컬 SKU'!A:A) -> 646567 | C71: NKH Anamix | E71: =E51/E31 -> 1.3454545 | F71: =F51/F31 -> 2.3636364 | G71: =G51/G31 -> 1.3636364 | H71: =H51/H31 -> -0.45454545 | I71: =I51/I31 -> -1.6493506
B72: =_xlfn.XLOOKUP(C72,'메디컬 SKU'!C:C,'메디컬 SKU'!A:A) -> 691217 | C72: Lorenzo Oil | E72: =E52/E32 -> 1.1935484 | F72: =F52/F32 -> 2.9032258 | G72: =G52/G32 -> 1.9032258 | H72: =H52/H32 -> 0.90322581 | I72: =I52/I32 -> 2.6129032
B73: =_xlfn.XLOOKUP(C73,'메디컬 SKU'!C:C,'메디컬 SKU'!A:A) -> 611174 | C73: Infatrini | E73: =E53/E33 -> 6.6177567 | F73: =F53/F33 -> 5.5096667 | G73: =G53/G33 -> 4.5096667 | H73: =H53/H33 -> 3.5845476 | I73: =I53/I33 -> 6.6202319
B74: =_xlfn.XLOOKUP(C74,'메디컬 SKU'!C:C,'메디컬 SKU'!A:A) -> 701775 | C74: Neocate LCP | E74: =E54/E34 -> 0.83996424 | F74: =F54/F34 -> 2.6386841 | G74: =G54/G34 -> 3.1089053 | H74: =H54/H34 -> 1.4501565 | I74: =I54/I34 -> 1.594
B75: =_xlfn.XLOOKUP(C75,'메디컬 SKU'!C:C,'메디컬 SKU'!A:A) -> 646548 | C75: GA1 Anamix Infant | E75: =E55/E35 -> 1.9428571 | F75: =F55/F35 -> 2.5789474 | G75: =G55/G35 -> 1.5789474 | H75: =H55/H35 -> 0.71428571 | I75: =I55/I35 -> -0.074074074
B76: =_xlfn.XLOOKUP(C76,'메디컬 SKU'!C:C,'메디컬 SKU'!A:A) -> 589462 | C76: GA1 Anamix Junior | E76: =E56/E36 -> 1.3235294 | F76: =F56/F36 -> 3.5 | G76: =G56/G36 -> 4.6666667 | H76: =H56/H36 -> 0.96078431 | I76: =I56/I36 -> 0.48484848
B77: =_xlfn.XLOOKUP(C77,'메디컬 SKU'!C:C,'메디컬 SKU'!A:A) -> 589466 | C77: MSUD Anamix Junior | E77: =E57/E37 -> 0.97058824 | F77: =F57/F37 -> 0.83333333 | G77: =G57/G37 -> -0.16666667 | H77: =H57/H37 -> 0.23529412 | I77: =I57/I37 -> 0.57692308
B78: =_xlfn.XLOOKUP(C78,'메디컬 SKU'!C:C,'메디컬 SKU'!A:A) -> 116180 | C78: MSUD Maxamum | E78: =E58/E38 -> 0.40616246 | F78: =F58/F38 -> 5.8333333 | G78: =G58/G38 -> 6.8333333 | H78: =H58/H38 -> -0.17366947 | I78: =I58/I38 -> 1.7803618
B79: =_xlfn.XLOOKUP(C79,'메디컬 SKU'!C:C,'메디컬 SKU'!A:A) -> 695413 | C79: Locasol | E79: =E59/E39 -> 2.3417722 | F79: =F59/F39 -> 2.7755102 | G79: =G59/G39 -> 1.7755102 | H79: =H59/H39 -> 1.6202532 | I79: =I59/I39 -> 1
... B82: =_xlfn.XLOOKUP(C82,'메디컬 SKU'!C:C,'메디컬 SKU'!A:A) -> 578785 | C82: Elemental 028 Banana | E82: =E62/E42 -> 1.6434783 | F82: =F62/F42 -> 2.0648649 | G82: =G62/G42 -> 1.0648649 | H82: =H62/H42 -> -0.42898551 | I82: =I62/I42 -> -1.5584906
B83: Total | D83: =AVERAGE(D67:D82) -> #DIV/0! | E83: =AVERAGE(E67:E82) -> 1.6639889 | F83: =AVERAGE(F67:F82) -> 2.9261846 | G83: =AVERAGE(G67:G82) -> 2.4537431 | H83: =AVERAGE(H67:H82) -> 0.83839252 | I83: =AVERAGE(I67:I82) -> 0.95698142

Sheet Jikgu의 사본 발주 예상용
F2: ※ Aptamil D2C Jikgu Stock Overview
H4: 입고완료 | I4: 발주량
F5: Production | I5: June | J5: July | K5: Aug | L5: Sep | M5: Oct | N5: Nov | O5: Dec | P5: Jan | Q5: Feb | R5: Mar | S5: April | T5: May | U5: June | V5: July | W5: Aug | X5: Sep | Y5: Oct
A6: 인보이스+오더오버뷰(생산계획) | F6: Supply (arrival) | I6: Aug. | J6: Sep. | K6: Oct. | L6: Nov. | M6: Dec. | N6: Jan. | O6: Feb. | P6: Mar. | Q6: Apr. | R6: May. | S6: Jun. | T6: July. | U6: Aug. | V6: Sep. | W6: Oct. | X6: Nov. | Y6: Dec. | Z6: Jan. | AA6: Feb. | AB6: Mar. | AC6: Apr. | AD6: May.
F7: Supply (arrival) | G7: PN | H7: Pre | I7: 3372 | J7: 3510 | N7: 1620 | Y7: 2160
H8: 1 | I8: 2604 | J8: 2700 | N8: 1350 | R8: 5670 | S8: 5130
H9: 2 | I9: 4404 | J9: 4320 | N9: 2430 | T9: 5130 | V9: 5940 | Y9: 3780
H10: 3 | I10: 810 | J10: 810 | N10: 540 | S10: 810 | T10: 810
G11: PF | H11: Pre | I11: 2688 | J11: 7296 | L11: 14592 | M11: 9216 | O11: 19200 | S11: 4992 | T11: =5760+1920+9532 -> 17212 | U11: =7680 -> 7680 | V11: =3456+3840 -> 7296 | Y11: 2688
H12: 1 | I12: 2688 | J12: 7296 | K12: 6912 | M12: 8448 | O12: 26496 | Q12: 16128 | S12: 3456 | T12: =9600+5576 -> 15176 | U12: =8832+8832 -> 17664 | V12: =4992+9984 -> 14976 | W12: 9984 | Y12: 15360
H13: 2 | I13: 3072 | J13: 9984 | K13: 18432 | L13: 19200 | M13: 16128 | O13: 31488 | V13: 11520 | W13: 21504 | Y13: 14592
H14: Kinder | I14: 2688 | J14: 7296 | K14: 6912 | M14: 8448 | P14: =1863+1536 -> 3399 | Q14: 1920 | T14: 1196 | W14: 2304 | Y14: 1152
H15: AR | P15: 1008 | V15: 3024 | Y15: 2016
H16: Comfort | P16: 1008 | V16: 1008
G17: Total | I17: =SUM(I7:I13) -> 19638 | J17: =SUM(J7:J13) -> 35916 | K17: =SUM(K7:K13) -> 25344 | L17: =SUM(L7:L13) -> 33792 | M17: =SUM(M7:M13) -> 33792 | N17: =SUM(N7:N14) -> 5940 | O17: =SUM(O7:O14) -> 77184 | P17: =SUM(P7:P16) -> 5415 | Q17: =SUM(Q7:Q16) -> 18048 | R17: =SUM(R7:R16) -> 5670 | S17: =SUM(S7:S16) -> 14388 | T17: =SUM(T7:T16) -> 39524 | U17: =SUM(U7:U16) -> 25344 | V17: =SUM(V7:V16) -> 43764 | W17: =SUM(W7:W16) -> 33792 | ... AD17: =SUM(AD7:AD16) -> 0
G18: 발주 금액 | Q18: =#REF! -> #REF! | R18: =#REF! -> #REF! | S18: =#REF! -> #REF! | T18: =#REF! -> #REF! | U18: =#REF! -> #REF! | V18: #REF! | W18: #REF! | X18: #REF! | Y18: #REF! | Z18: #REF! | AA18: #REF! | AB18: #REF! | AC18: #REF! | AD18: #REF!
G19: 발주 금액(KRW) | Q19: =Q18*1456.78 -> #REF! | R19: =R18*1456.78 -> #REF! | S19: =S18*1456.78 -> #REF! | T19: =T18*1456.78 -> #REF! | U19: =U18*1456.78 -> #REF! | V19: =V18*1456.78 -> #VALUE! | W19: =W18*1456.78 -> #VALUE! | X19: =X18*1456.78 -> #VALUE! | ... AD19: =AD18*1456.78 -> #VALUE!
I21: actual | J21: actual | K21: actual | L21: actual | M21: actual | N21: actual | O21: actual | P21: actual | Q21: actual | R21: actual | S21: fcst | T21: fcst | U21: fcst | V21: fcst | W21: fcst | X21: fcst | Y21: fcst | Z21: fcst
F22: Sales | I22: Aug. | J22: Sep. | K22: Oct. | L22: Nov. | M22: Dec. | N22: Jan. | O22: Feb. | P22: Mar. | Q22: Apr. | R22: May. | S22: Jun. | T22: July | U22: Aug. | V22: Sep. | W22: Oct. | X22: Nov. | Y22: Dec. | Z22: Jan. | AA22: Feb. | AB22: Mar. | AC22: Apr. | AD22: May.
F23: Sales CU | G23: PN | H23: Pre | I23: 6 | J23: 88 | K23: 67 | L23: 150 | M23: 250 | N23: 377 | O23: 342 | P23: 302 | Q23: 565 | R23: 470 | S23: 711 | T23: 534 | U23: 550 | V23: 644 | W23: 663 | X23: 682 | Y23: 699 | Z23: 720 | AA23: 742 | AB23: 764 | AC23: 795 | AD23: 819
H24: 1 | I24: 22 | J24: 138 | K24: 316 | L24: 832 | M24: 1229 | N24: 1014 | O24: 933 | P24: 743 | Q24: 744 | R24: 700 | S24: 711 | T24: 587 | U24: 590 | V24: 677 | W24: 688 | X24: 701 | Y24: 721 | Z24: 743 | AA24: 765 | AB24: 788 | AC24: 820 | AD24: 844
H25: 2 | I25: 10 | J25: 68 | K25: 161 | L25: 275 | M25: 761 | N25: 743 | O25: 1467 | P25: 1179 | Q25: 1336 | R25: 1178 | S25: 1026 | T25: 1584 | U25: 1616 | V25: 1874 | W25: 1911 | X25: 1966 | Y25: 2023 | Z25: 2084 | AA25: 2146 | AB25: 2253 | AC25: 2411 | AD25: 2652
H26: 3 | I26: 0 | J26: 4 | K26: 8 | L26: 24 | M26: 232 | N26: 207 | O26: 358 | P26: 105 | Q26: 86 | R26: 94 | S26: 86 | T26: 88 | U26: 91 | V26: 107 | W26: 110 | X26: 113 | Y26: 116 | Z26: 120 | AA26: 123 | AB26: 132 | AC26: 145 | AD26: 154
G27: PF | H27: Pre | I27: 184 | J27: 1248 | K27: 1712 | L27: 2254 | M27: 3248 | N27: 4757 | O27: 3703 | P27: 5085 | Q27: 4611 | R27: 5026 | S27: 4541 | T27: 4923 | U27: 5071 | V27: 6598 | W27: 6790 | X27: 6988 | Y27: 7169 | Z27: 7384 | AA27: 7605 | AB27: 7833 | AC27: 8303 | AD27: 8718
H28: 1 | I28: 258 | J28: 1350 | K28: 1896 | L28: 4155 | M28: 5197 | N28: 6023 | O28: 5139 | P28: 7077 | Q28: 6977 | R28: 8068 | S28: 7701 | T28: 7876 | U28: 8113 | V28: 10555 | W28: 10863 | X28: 11179 | Y28: 11469 | Z28: 11813 | AA28: 12167 | AB28: 12532 | AC28: 13284 | AD28: 13948
H29: 2 | I29: 110 | J29: 460 | K29: 691 | L29: 1132 | M29: 2328 | N29: 2898 | O29: 3723 | P29: 8699 | Q29: 11723 | R29: 11363 | S29: 6506 | T29: 8354 | U29: 8605 | V29: 11196 | W29: 11522 | X29: 11857 | Y29: 12166 | Z29: 12530 | AA29: 12906 | AB29: 13294 | AC29: 13692 | AD29: 14103
H30: Kinder | P30: 27 | Q30: 400 | R30: 335 | S30: 446 | T30: 466 | U30: 513 | V30: 713 | W30: 727 | X30: 742 | Y30: 756 | Z30: 772 | AA30: 787 | AB30: 803 | AC30: 819 | AD30: 835
H31: AR | P31: 116 | Q31: 274 | R31: 260 | S31: 317 | T31: 332 | U31: 365 | V31: 506 | W31: 517 | X31: 527 | Y31: 537 | Z31: 548 | AA31: 559 | AB31: 570 | AC31: 582 | AD31: 593
H32: Comfort | P32: 26 | Q32: 106 | R32: 86 | S32: 120 | T32: 125 | U32: 138 | V32: 192 | W32: 196 | X32: 200 | Y32: 204 | Z32: 208 | AA32: 212 | AB32: 216 | AC32: 221 | AD32: 225
G33: Total | I33: =SUM(I23:I29) -> 590 | J33: =SUM(J23:J29) -> 3356 | K33: =SUM(K23:K29) -> 4851 | L33: =SUM(L23:L29) -> 8822 | M33: =SUM(M23:M29) -> 13245 | N33: =SUM(N23:N29) -> 16019 | O33: =SUM(O23:O29) -> 15665 | P33: =SUM(P23:P32) -> 23359 | Q33: =SUM(Q23:Q32) -> 26822 | R33: =SUM(R23:R32) -> 27580 | S33: =SUM(S23:S32) -> 22165 | T33: =SUM(T23:T32) -> 24869 | U33: =SUM(U23:U32) -> 25652 | V33: =SUM(V23:V32) -> 33062 | W33: =SUM(W23:W32) -> 33987 | ... AD33: =SUM(AD23:AD32) -> 42891
A56: 재고 | B56: 전일까지 판매량 | C56: 3/27 재고 | D56: 입고 | F56: Stock | I56: Aug. | J56: Sep. | K56: Oct. | L56: Nov. | M56: Dec. | N56: Jan. | O56: Feb. | P56: Mar. | Q56: Apr. | R56: May. | S56: Jun. | T56: July | U56: Aug. | V56: Sep. | W56: Oct. | X56: Nov. | Y56: Dec. | Z56: Jan. | AA56: Feb. | AB56: Mar. | AC56: Apr. | AD56: May.
A57: =B57+C57-D57 -> #VALUE! | B57: #N/A | C57: =SUMIF(직구재고!B:B,E57,직구재고!J:J) -> 5344 | E57: 4056631001202 | F57: Stock | G57: PN | H57: Pre | I57: =I7-I23 -> 3366 | J57: =I57+J7-J23 -> 6788 | K57: =J57+K7-K23 -> 6721 | L57: =K57+L7-L23 -> 6571 | M57: =L57+M7-M23 -> 6321 | N57: =M57+N7-N23 -> 7564 | O57: =N57+O7-O23 -> 7222 | P57: 6997 | Q57: =P57+Q7-Q23 -> 6432 | R57: 5958 | S57: =R57+S7-S23 -> 5247 | T57: =S57+T7-T23 -> 4713 | U57: =T57+U7-U23 -> 4163 | V57: 1600 | W57: =V57+W7-W23 -> 937 | X57: =W57+X7-X23 -> 255 | Y57: =X57+Y7-Y23 -> 1716 | Z57: =Y57+Z7-Z23 -> 996 | AA57: =Z57+AA7-AA23 -> 254 | AB57: =AA57+AB7-AB23 -> -510 | AC57: =AB57+AC7-AC23 -> -1305 | AD57: =AC57+AD7-AD23 -> -2124
A58: =B58+C58-D58 -> #VALUE! | B58: #N/A | C58: =SUMIF(직구재고!B:B,E58,직구재고!J:J) -> 10474 | E58: 4056631001226 | H58: 1 | I58: =I8-I24 -> 2582 | J58: =I58+J8-J24 -> 5144 | K58: =J58+K8-K24 -> 4828 | L58: =K58+L8-L24 -> 3996 | M58: =L58+M8-M24 -> 2767 | N58: =M58+N8-N24 -> 3103 | O58: =N58+O8-O24 -> 2170 | P58: 1763 | Q58: =P58+Q8-Q24 -> 1019 | R58: 6001 | S58: =R58+S8-S24 -> 10420 | T58: =S58+T8-T24 -> 9833 | U58: =T58+U8-U24 -> 9243 | V58: =U58+V8-V24 -> 8566 | W58: =V58+W8-W24 -> 7878 | X58: =W58+X8-X24 -> 7177 | Y58: =X58+Y8-Y24 -> 6456 | Z58: =Y58+Z8-Z24 -> 5713 | ... AD58: =AC58+AD8-AD24 -> 2496
A59: =B59+C59-D59 -> #VALUE! | B59: #N/A | C59: =SUMIF(직구재고!B:B,E59,직구재고!J:J) -> 3709 | E59: 4056631001240 | H59: 2 | I59: =I9-I25 -> 4394 | J59: =I59+J9-J25 -> 8646 | K59: =J59+K9-K25 -> 8485 | L59: =K59+L9-L25 -> 8210 | M59: =L59+M9-M25 -> 7449 | N59: =M59+N9-N25 -> 9136 | O59: =N59+O9-O25 -> 7669 | P59: 7279 | Q59: =P59+Q9-Q25 -> 5943 | R59: 4737 | S59: =R59+S9-S25 -> 3711 | T59: =S59+T9-T25 -> 7257 | U59: =T59+U9-U25 -> 5641 | V59: =U59+V9-V25 -> 9707 | W59: =V59+W9-W25 -> 7796 | X59: =W59+X9-X25 -> 5830 | Y59: =X59+Y9-Y25 -> 7587 | Z59: =Y59+Z9-Z25 -> 5503 | ... AD59: =AC59+AD9-AD25 -> -3959
A60: =B60+C60-D60 -> #VALUE! | B60: #N/A | C60: =SUMIF(직구재고!B:B,E60,직구재고!J:J) -> 2808 | E60: 4056631001264 | H60: 3 | I60: =I10-I26 -> 810 | J60: =I60+J10-J26 -> 1616 | K60: =J60+K10-K26 -> 1608 | L60: =K60+L10-L26 -> 1584 | M60: =L60+M10-M26 -> 1352 | N60: =M60+N10-N26 -> 1685 | O60: =N60+O10-O26 -> 1327 | P60: 1488 | Q60: =P60+Q9-Q26 -> 1402 | R60: 1308 | S60: =R60+S10-S26 -> 2032 | T60: =S60+T10-T26 -> 2754 | U60: =T60+U10-U26 -> 2663 | V60: =U60+V10-V26 -> 2556 | W60: =V60+W10-W26 -> 2446 | X60: =W60+X10-X26 -> 2333 | Y60: =X60+Y10-Y26 -> 2217 | Z60: =Y60+Z10-Z26 -> 2097 | ... AD60: =AC60+AD10-AD26 -> 1543
A61: =B61+C61-D61 -> #VALUE! | B61: #N/A | C61: =SUMIF(직구재고!B:B,E61,직구재고!J:J) -> 15352 | E61: 4056631003435 | G61: PF | H61: Pre | I61: =I11-I27 -> 2504 | J61: =I61+J11-J27 -> 8552 | K61: =J61+K11-K27 -> 6840 | L61: =K61+L11-L27 -> 19178 | M61: =L61+M11-M27 -> 25146 | N61: =M61+N11-N27 -> 20389 | O61: =N61+O11-O27 -> 35886 | P61: 29847 | Q61: =P61+Q11-Q27 -> 25236 | R61: 20123 | S61: =R61+S11-S27 -> 20574 | T61: =S61+T11-T27 -> 32863 | U61: =T61+U11-U27 -> 35472 | V61: =U61+V11-V27 -> 36170 | W61: =V61+W11-W27 -> 29380 | X61: =W61+X11-X27 -> 22392 | Y61: =X61+Y11-Y27 -> 17911 | Z61: =Y61+Z11-Z27 -> 10527 | ... AD61: =AC61+AD11-AD27 -> -21932
A62: =B62+C62-D62 -> #VALUE! | B62: #N/A | C62: =SUMIF(직구재고!B:B,E62,직구재고!J:J) -> 14338 | E62: 4056631003459 | H62: 1 | I62: =I12-I28 -> 2430 | J62: =I62+J12-J28 -> 8376 | K62: =J62+K12-K28 -> 13392 | L62: =K62+L12-L28 -> 9237 | M62: =L62+M12-M28 -> 12488 | N62: =M62+N12-N28 -> 6465 | O62: =N62+O12-O28 -> 27822 | P62: 20729 | Q62: =P62+Q12-Q28 -> 29880 | R62: 21804 | S62: =R62+S12-S28 -> 17559 | T62: =S62+T12-T28 -> 24859 | U62: =T62+U12-U28 -> 34410 | V62: =U62+V12-V28 -> 38831 | W62: =V62+W12-W28 -> 37952 | X62: =W62+X12-X28 -> 26773 | Y62: =X62+Y12-Y28 -> 30664 | Z62: =Y62+Z12-Z28 -> 18851 | ... AD62: =AC62+AD12-AD28 -> -33080
A63: =B63+C63-D63 -> #VALUE! | B63: #N/A | C63: =SUMIF(직구재고!B:B,E63,직구재고!J:J) -> 49701 | E63: 4056631003473 | H63: 2 | I63: =I13-I29 -> 2962 | J63: =I63+J13-J29 -> 12486 | K63: =J63+K13-K29 -> 30227 | L63: =K63+L13-L29 -> 48295 | M63: =L63+M13-M29 -> 62095 | N63: =M63+N13-N29 -> 59197 | O63: =N63+O13-O29 -> 86962 | P63: 79250 | Q63: =P63+Q13-Q29 -> 67527 | R63: 56109 | S63: =R63+S13-S29 -> 49603 | T63: =S63+T13-T29 -> 41249 | U63: =T63+U13-U29 -> 32644 | V63: =U63+V13-V29 -> 32968 | W63: =V63+W13-W29 -> 42950 | X63: =W63+X13-X29 -> 31093 | Y63: =X63+Y13-Y29 -> 33519 | Z63: =Y63+Z13-Z29 -> 20989 | ... AD63: =AC63+AD13-AD29 -> -33006
H64: Kinder | N64: =M64+N14-N30 -> 0 | O64: =N64+O14-O30 -> 0 | P64: 1532 | Q64: =P64+Q14-Q30 -> 3052 | R64: 2660 | S64: =R64+S14-S30 -> 2214 | T64: =S64+T14-T30 -> 2944 | U64: =T64+U14-U30 -> 2431 | V64: =U64+V14-V30 -> 1718 | W64: =V64+W14-W30 -> 3295 | X64: =W64+X14-X30 -> 2553 | Y64: =X64+Y14-Y30 -> 2949 | Z64: =Y64+Z14-Z30 -> 2177 | ... AD64: =AC64+AD14-AD30 -> -1067
H65: AR | O65: =N65+O15-O31 -> 0 | P65: 916 | Q65: =P65+Q15-Q31 -> 642 | R65: 382 | S65: =R65+S15-S31 -> 65 | T65: =S65+T15-T31 -> -267 | U65: =T65+U15-U31 -> -632 | V65: =U65+V15-V31 -> 1886 | W65: =V65+W15-W31 -> 1369 | X65: =W65+X15-X31 -> 842 | Y65: =X65+Y15-Y31 -> 2321 | Z65: =Y65+Z15-Z31 -> 1773 | ... AD65: =AC65+AD15-AD31 -> -531
H66: Comfort | O66: =N66+O16-O32 -> 0 | P66: 990 | Q66: =P66+Q16-Q32 -> 884 | R66: 798 | S66: =R66+S16-S32 -> 678 | T66: =S66+T16-T32 -> 553 | U66: =T66+U16-U32 -> 415 | V66: =U66+V16-V32 -> 1231 | W66: =V66+W16-W32 -> 1035 | X66: =W66+X16-X32 -> 835 | Y66: =X66+Y16-Y32 -> 631 | Z66: =Y66+Z16-Z32 -> 423 | ... AD66: =AC66+AD16-AD32 -> -451
G67: Total | I67: =SUM(I57:I63) -> 19048 | J67: =SUM(J57:J63) -> 51608 | K67: =SUM(K57:K63) -> 72101 | L67: =SUM(L57:L63) -> 97071 | M67: =SUM(M57:M63) -> 117618 | N67: =SUM(N57:N63) -> 107539 | O67: =SUM(O57:O63) -> 169058 | P67: =SUM(P57:P66) -> 150791 | Q67: =SUM(Q57:Q66) -> 142017 | R67: =SUM(R57:R66) -> 119880 | S67: =SUM(S57:S66) -> 112103 | T67: =SUM(T57:T66) -> 126758 | U67: =SUM(U57:U66) -> 126450 | V67: =SUM(V57:V66) -> 135233 | W67: =SUM(W57:W66) -> 135038 | ... AD67: =SUM(AD57:AD66) -> -92111
G68: Stock Level(M) | I68: =I67/I33 -> 32.284746 | J68: =J67/J33 -> 15.377831 | K68: =K67/K33 -> 14.863121 | L68: =L67/L33 -> 11.003287 | M68: =M67/M33 -> 8.8801812 | N68: =N67/N33 -> 6.7132156 | O68: =O67/O33 -> 10.792084 | P68: =P67/P33 -> 6.4553705 | ... Y68: =Y67/Y33 -> 2.9551311
F71: Stock | I71: Aug. | J71: Sep. | K71: Oct. | L71: Nov. | M71: Dec. | N71: Jan. | O71: Feb. | P71: Mar. | Q71: Apr. | R71: May. | S71: Jun. | T71: July. | U71: Aug. | V71: Sep. | W71: Oct. | X71: Nov. | Y71: Dec. | Z71: Jan. | AA71: Feb. | AB71: Mar. | AC71: Apr. | AD71: May.
F72: Stock month by SKU | G72: PN | H72: Pre | I72: =I57/I23 -> 561 | J72: =J57/J23 -> 77.136364 | K72: =K57/K23 -> 100.31343 | L72: =L57/L23 -> 43.806667 | M72: =M57/M23 -> 25.284 | N72: =N57/N23 -> 20.06366 | O72: =O57/O23 -> 21.116959 | P72: =P57/P23 -> 23.168874 | ... AD72: =AD57/AD23 -> -2.5934066
H73: 1 | I73: =I58/I24 -> 117.36364 | J73: =J58/J24 -> 37.275362 | K73: =K58/K24 -> 15.278481 | L73: =L58/L24 -> 4.8028846 | M73: =M58/M24 -> 2.2514239 | N73: =N58/N24 -> 3.0601578 | O73: =O58/O24 -> 2.3258307 | P73: =P58/P24 -> 2.3728129 | ... AD73: =AD58/AD24 -> 2.957346
H74: 2 | I74: =I59/I25 -> 439.4 | J74: =J59/J25 -> 127.14706 | K74: =K59/K25 -> 52.701863 | L74: =L59/L25 -> 29.854545 | M74: =M59/M25 -> 9.7884363 | N74: =N59/N25 -> 12.296097 | O74: =O59/O25 -> 5.2276755 | P74: =P59/P25 -> 6.1738762 | ... AD74: =AD59/AD25 -> -1.4928356
H75: 3 | I75: =IFERROR(I60/I26,0) -> 0 | J75: =J60/J26 -> 404 | K75: =K60/K26 -> 201 | L75: =L60/L26 -> 66 | M75: =M60/M26 -> 5.8275862 | N75: =N60/N26 -> 8.1400966 | O75: =O60/O26 -> 3.7067039 | P75: =P60/P26 -> 14.171429 | Q75: =Q60/Q26 -> 16.302326 | ... AD75: =AD60/AD26 -> 10.019481
G76: PF | H76: Pre | I76: =I61/I27 -> 13.608696 | J76: =J61/J27 -> 6.8525641 | K76: =K61/K27 -> 3.9953271 | L76: =L61/L27 -> 8.5084295 | M76: =M61/M27 -> 7.7419951 | N76: =N61/N27 -> 4.2861047 | O76: =O61/O27 -> 9.6910613 | P76: =P61/P27 -> 5.8696165 | ... AD76: =AD61/AD27 -> -2.5157146
H77: 1 | I77: =I62/I28 -> 9.4186047 | J77: =J62/J28 -> 6.2044444 | K77: =K62/K28 -> 7.0632911 | L77: =L62/L28 -> 2.2231047 | M77: =M62/M28 -> 2.4029248 | N77: =N62/N28 -> 1.0733854 | O77: =O62/O28 -> 5.4138938 | P77: =P62/P28 -> 2.929066 | ... AD77: =AD62/AD28 -> -2.3716662
H78: 2 | I78: =I63/I29 -> 26.927273 | J78: =J63/J29 -> 27.143478 | K78: =K63/K29 -> 43.743849 | L78: =L63/L29 -> 42.663428 | M78: =M63/M29 -> 26.67311 | N78: =N63/N29 -> 20.426846 | O78: =O63/O29 -> 23.358045 | P78: =P63/P29 -> 9.1102426 | ... AD78: =AD63/AD29 -> -2.3403531
H79: Kinder | N79: =IFERROR(N64/N30,0) -> 0 | O79: =IFERROR(O64/O30,0) -> 0 | P79: =P64/P30 -> 56.740741 | Q79: =Q64/Q30 -> 7.63 | R79: =R64/R30 -> 7.9402985 | S79: =S64/S30 -> 4.9641256 | T79: =T64/T30 -> 6.3175966 | U79: =U64/U30 -> 4.7387914 | V79: =V64/V30 -> 2.4095372 | W79: =W64/W30 -> 4.5323246 | ... AD79: =AD64/AD30 -> -1.2778443
H80: AR | O80: =IFERROR(O65/O31,0) -> 0 | P80: =IFERROR(P65/P31,0) -> 7.8965517 | Q80: =IFERROR(Q65/Q31,0) -> 2.3430657 | R80: =IFERROR(R65/R31,0) -> 1.4692308 | S80: =IFERROR(S65/S31,0) -> 0.20504732 | T80: =IFERROR(T65/T31,0) -> -0.80421687 | U80: =IFERROR(U65/U31,0) -> -1.7315068 | V80: =IFERROR(V65/V31,0) -> 3.7272727 | ... AD80: =IFERROR(AD65/AD31,0) -> -0.89544688
H81: Comfort | O81: =IFERROR(O66/O32,0) -> 0 | P81: =IFERROR(P66/P32,0) -> 38.076923 | Q81: =IFERROR(Q66/Q32,0) -> 8.3396226 | R81: =IFERROR(R66/R32,0) -> 9.2790698 | S81: =IFERROR(S66/S32,0) -> 5.65 | T81: =IFERROR(T66/T32,0) -> 4.424 | U81: =IFERROR(U66/U32,0) -> 3.0072464 | V81: =IFERROR(V66/V32,0) -> 6.4114583 | ... AD81: =IFERROR(AD66/AD32,0) -> -2.0044444
G82: Total | I82: =SUM(I72:I78) -> 1167.7182 | J82: =SUM(J72:J78) -> 685.75927 | K82: =SUM(K72:K78) -> 424.09624 | L82: =SUM(L72:L78) -> 197.85906 | M82: =SUM(M72:M78) -> 79.969476 | N82: =SUM(N72:N78) -> 69.346348 | O82: =AVERAGE(O72:O78) -> 10.120024 | P82: =AVERAGE(P72:P81) -> 16.651013 | Q82: =AVERAGE(Q72:Q81) -> 6.7332919 | R82: =AVERAGE(R72:R81) -> 6.9518345 | S82: =AVERAGE(S72:S81) -> 7.4534207 | T82: =AVERAGE(T72:T81) -> 8.6160727 | U82: =AVERAGE(U72:U81) -> 7.7034197 | V82: =AVERAGE(V72:V81) -> 6.8858808 | W82: =AVERAGE(W72:W81) -> 6.318896 | ... AD82: =AVERAGE(AD72:AD81) -> -0.25148853

Sheet 직구재고
B1: Product SKU | C1: Channel SKU | D1: Other SKU | E1: Lot 1 | F1: Expiration Date | G1: Stock-In Date | H1: Item Description | I1: Inventory Type | J1: Qty | K1: Location | L1: Picking Location | M1: Action | N1: Action | P1: 45474 | Q1: 45504 | R1: 45537
B2: 8718117107834 | C2: Aptamil AR | D2: Aptamil AR | E2: 20250721 | F2: 45859 | G2: 45357 | H2: Aptamil AR 1 ENG | I2: Active | J2: 70 | K2: TM9F | L2: TM9F | O2: Aptamil AR | P2: =SUMIF(D:D,O2,J:J) -> 70 | Q2: 1972 | R2: 1616
B3: 8718117607846 | C3: Aptamil COMF | D3: Aptamil COMF | E3: 20250706 | F3: 45844 | G3: 45357 | H3: Aptamil COMF 1 ESC | I3: Active | J3: 698 | K3: TM9F | L3: TM9F | O3: Aptamil COMF | P3: =SUMIF(D:D,O3,J:J) -> 698 | Q3: 562 | R3: 432
B4: 9001375010237 | C4: Aptamil PF DUO YCF1+ | D4: Aptamil PF DUO YCF1+ | E4: 260130 | F4: 46052 | G4: 45407 | H4: Aptamil PF DUO YCF1+ | I4: Active | J4: 829 | K4: TM12F | L4: TM9F | O4: Aptamil PF DUO YCF1+ | P4: =SUMIF(D:D,O4,J:J) -> 2043 | Q4: 905 | R4: 782
B5: 9001375010237 | C5: Aptamil PF DUO YCF1+ | D5: Aptamil PF DUO YCF1+ | E5: 260219 | F5: 46072 | G5: 45376 | H5: Aptamil PF DUO YCF1+ | I5: Active | J5: 1214 | K5: TM9F | L5: TM9F | O5: Aptamil Pronutra Pre | P5: =SUMIF(D:D,O5,J:J) -> 5344 | Q5: 4387 | R5: 3450
B6: 4056631003435 | C6: Aptamil Profutura Pre | D6: Aptamil Profutura Pre | E6: 251016 | F6: 45946 | G6: 45344 | H6: Aptamil Profutura Pre | I6: Active | J6: 5760 | K6: TM12F-E | O6: Aptamil Pronutra Stage1 | P6: =SUMIF(D:D,O6,J:J) -> 10474 | Q6: 9546 | R6: 8634
B7: 4056631003435 | C7: Aptamil Profutura Pre | D7: Aptamil Profutura Pre | E7: 251016 | F7: 45946 | G7: 45344 | H7: Aptamil Profutura Pre | I7: Active | J7: 6520 | K7: TM12F | O7: Aptamil Pronutra Stage2 | P7: =SUMIF(D:D,O7,J:J) -> 3709 | Q7: 7428 | R7: 6103
B8: 4056631003435 | C8: Aptamil Profutura Pre | D8: Aptamil Profutura Pre | E8: 251016 | F8: 45946 | G8: 45345 | H8: Aptamil Profutura Pre | I8: Active | J8: 384 | K8: TM12F | O8: Aptamil Pronutra Stage3 | P8: =SUMIF(D:D,O8,J:J) -> 2808 | Q8: 2633 | R8: 2476
B9: 4056631003435 | C9: Aptamil Profutura Pre | D9: Aptamil Profutura Pre | E9: 251202 | F9: 45993 | G9: 45344 | H9: Aptamil Profutura Pre | I9: Active | J9: 2688 | K9: TM12F-E | O9: Aptamil Profutura Pre | P9: =SUMIF(D:D,O9,J:J) -> 15352 | Q9: 13626 | R9: 23312
B10: 4056631003459 | C10: Aptamil Profutura Stage 1 | D10: Aptamil Profutura Stage1 | E10: 250603 | F10: 45811 | G10: 45176 | H10: Aptamil Profutura Stage1 | I10: Hold | J10: 1 | K10: KR | O10: Aptamil Profutura Stage1 | P10: =SUMIF(D:D,O10,J:J) -> 14338 | Q10: 7078 | R10: 11527
B11: 4056631003459 | C11: Aptamil Profutura Stage 1 | D11: Aptamil Profutura Stage1 | E11: 250901 | F11: 45901 | G11: 45288 | H11: Aptamil Profutura Stage1 | I11: Damaged | J11: 4 | K11: LFS | O11: Aptamil Profutura Stage2 | P11: =SUMIF(D:D,O11,J:J) -> 49701 | Q11: 38336 | R11: 25448
B12: 4056631003459 | C12: Aptamil Profutura Stage 1 | D12: Aptamil Profutura Stage1 | E12: 260111 | F12: 46033 | G12: 45407 | H12: Aptamil Profutura Stage1 | I12: Active | J12: 1277 | K12: TM12F
B13: 4056631003459 | C13: Aptamil Profutura Stage 1 | D13: Aptamil Profutura Stage1 | E13: 260130 | F13: 46052 | G13: 45407 | H13: Aptamil Profutura Stage1 | I13: Active | J13: 11904 | K13: TM12F
B14: 4056631003459 | C14: Aptamil Profutura Stage 1 | D14: Aptamil Profutura Stage1 | E14: 260130 | F14: 46052 | G14: 45407 | H14: Aptamil Profutura Stage1 | I14: Active | J14: 1152 | K14: TM12F-E
B15: 4056631003473 | C15: Aptamil Profutura Stage 2 | D15: Aptamil Profutura Stage2 | E15: 250605 | F15: 45813 | G15: 45176 | H15: Aptamil Profutura Stage2 | I15: Hold | J15: 2 | K15: KR
B16: 4056631003473 | C16: Aptamil Profutura Stage 2 | D16: Aptamil Profutura Stage2 | E16: 250626 | F16: 45834 | G16: 45188 | H16: Aptamil Profutura Stage2 | I16: Hold | J16: 49 | K16: KR
B17: 4056631003473 | C17: Aptamil Profutura Stage 2 | D17: Aptamil Profutura Stage2 | E17: 250712 | F17: 45850 | G17: 45247 | H17: Aptamil Profutura Stage2 | I17: Active | J17: 2034 | K17: TM9F
B18: 4056631003473 | C18: Aptamil Profutura Stage 2 | D18: Aptamil Profutura Stage2 | E18: 250824 | F18: 45893 | G18: 45288 | H18: Aptamil Profutura Stage2 | I18: Active | J18: 10368 | K18: TM9F
B19: 4056631003473 | C19: Aptamil Profutura Stage 2 | D19: Aptamil Profutura Stage2 | E19: 251014 | F19: 45944 | G19: 45288 | H19: Aptamil Profutura Stage2 | I19: Active | J19: 5760 | K19: TM9F
B20: 4056631003473 | C20: Aptamil Profutura Stage 2 | D20: Aptamil Profutura Stage2 | E20: 251120 | F20: 45981 | G20: 45343 | H20: Aptamil Profutura Stage2 | I20: Active | J20: 240 | K20: TM9F
B21: 4056631003473 | C21: Aptamil Profutura Stage 2 | D21: Aptamil Profutura Stage2 | E21: 251120 | F21: 45981 | G21: 45343 | H21: Aptamil Profutura Stage2 | I21: Active | J21: 21648 | K21: TM12F-F
B22: 4056631003473 | C22: Aptamil Profutura Stage 2 | D22: Aptamil Profutura Stage2 | E22: 251120 | F22: 45981 | G22: 45344 | H22: Aptamil Profutura Stage2 | I22: Active | J22: 9600 | K22: TM12F-E
B23: 4056631001202 | C23: Aptamil Pronutra Pre | D23: Aptamil Pronutra Pre | E23: 241211 | F23: 45637 | G23: 45163 | H23: Aptamil Pronutra Pre | I23: Hold | J23: 10 | K23: KR
... B37: 4056631001264 | C37: Aptamil Pronutra Stage 3 | D37: Aptamil Pronutra Stage3 | E37: 250820 | F37: 45889 | G37: 45450 | H37: Aptamil Pronutra Stage3 | I37: Active | J37: 810 | K37: TM12F-F

Sheet Medical(2)
A1: ※ Medical Stock Overview
A2: 1670
A3: Supply (arrival) | D3: Dec. | E3: Jau. | F3: Feb. | G3: Mar. | H3: Apr. | I3: May. | J3: TU | K3: CU | L3: 1PT | M3: 1TU | N3: CU | R3: 금액
A4: Supply (arrival) | B4: =_xlfn.XLOOKUP(C4,'메디컬 SKU'!C:C,'메디컬 SKU'!A:A) -> 117547 | C4: Duocal | D4: 42.677419 | E4: 96 | F4: 324 | G4: 324 | H4: 360 | I4: =K4 -> 240 | J4: 40 | K4: =J4*M4 -> 240 | L4: 108 | M4: 6 | N4: =L4*M4 -> 648 | O4: 12월 이전 물량 | P4: 12월 transfer | Q4: 1월 결제 | R4: =D22 -> 4.7149024e+08
B5: =_xlfn.XLOOKUP(C5,'메디컬 SKU'!C:C,'메디컬 SKU'!A:A) -> 552897 | C5: Elemental Orange | D5: 6566 | E5: 0 | F5: 0 | G5: 0 | H5: 0 | I5: =K5 -> 0 | J5: 0 | K5: =J5*M5 -> 0 | L5: 245 | M5: 10 | N5: =L5*M5 -> 2450 | O5: 10월 생산 | P5: 11월 shipout | Q5: 12월 결제 | R5: =E22 -> 8.288635e+08
B6: =_xlfn.XLOOKUP(C6,'메디컬 SKU'!C:C,'메디컬 SKU'!A:A) -> 117771 | C6: PK AID | D6: 220 | E6: 0 | F6: 60 | G6: 60 | H6: 120 | I6: =K6 -> 204 | J6: 68 | K6: =J6*M6 -> 204 | L6: 200 | M6: 3 | N6: =L6*M6 -> 600 | O6: 11월 생산 | P6: 12월 shipout | Q6: 1월 결제 | R6: =F22 -> 3.0087032e+08
B7: =_xlfn.XLOOKUP(C7,'메디컬 SKU'!C:C,'메디컬 SKU'!A:A) -> 646546 | C7: TYR Anamix | D7: 28.709677 | E7: 0 | F7: 68 | G7: 0 | H7: 0 | I7: =K7 -> 165 | J7: 55 | K7: =J7*M7 -> 165 | L7: 225 | M7: 3 | N7: =L7*M7 -> 675 | O7: 12월 생산 | P7: 1월 shipout | Q7: 2월 결제 | R7: =G22 -> 156893160
B8: =_xlfn.XLOOKUP(C8,'메디컬 SKU'!C:C,'메디컬 SKU'!A:A) -> 646567 | C8: NKH Anamix | D8: 61.258065 | E8: 68 | F8: 0 | G8: 0 | H8: 0 | I8: =K8 -> 159 | J8: 53 | K8: =J8*M8 -> 159 | L8: 225 | M8: 3 | N8: =L8*M8 -> 675 | O8: 1월 생산 | P8: 2월 shipout | Q8: 3월 결제 | R8: =H22 -> 63795670
B9: =_xlfn.XLOOKUP(C9,'메디컬 SKU'!C:C,'메디컬 SKU'!A:A) -> 691217 | C9: Lorenzo Oil | D9: 20 | E9: 48 | F9: 84 | G9: 0 | H9: 0 | I9: =K9 -> 84 | J9: 7 | K9: =J9*M9 -> 84 | L9: 70 | M9: 12 | N9: =L9*M9 -> 840 | O9: 2월 생산 | P9: 3월 shipout | Q9: 4월 결제 | R9: =I22 -> 409132131
B10: =_xlfn.XLOOKUP(C10,'메디컬 SKU'!C:C,'메디컬 SKU'!A:A) -> 611174 | C10: Infatrini | D10: 3472 | E10: 19008 | F10: 0 | G10: 0 | H10: 0 | I10: =K10 -> 0 | J10: 0 | K10: =J10*M10 -> 0 | L10: 72 | M10: 12 | N10: =L10*M10 -> 864 | R10: =SUM(R4:R9) -> 2.231045e+09
B11: =_xlfn.XLOOKUP(C11,'메디컬 SKU'!C:C,'메디컬 SKU'!A:A) -> 701775 | C11: Neocate LCP | D11: 4116.3871 | E11: 0 | F11: 4536 | G11: 2592 | H11: 0 | I11: =K11 -> 1944 | J11: 324 | K11: =J11*M11 -> 1944 | L11: 108 | M11: 6 | N11: =L11*M11 -> 648
B12: =_xlfn.XLOOKUP(C12,'메디컬 SKU'!C:C,'메디컬 SKU'!A:A) -> 646548 | C12: GA1 Anamix Infant | D12: 38.419355 | E12: 168 | F12: 0 | G12: 0 | H12: 60 | I12: =K12 -> 138 | J12: 46 | K12: =J12*M12 -> 138 | L12: 225 | M12: 3 | N12: =L12*M12 -> 675
B13: =_xlfn.XLOOKUP(C13,'메디컬 SKU'!C:C,'메디컬 SKU'!A:A) -> 589462 | C13: GA1 Anamix Junior | D13: 141 | E13: 96 | F13: 0 | G13: 65 | H13: 60 | I13: =K13 -> 132 | J13: 22 | K13: =J13*M13 -> 132 | L13: 108 | M13: 6 | N13: =L13*M13 -> 648
B14: =_xlfn.XLOOKUP(C14,'메디컬 SKU'!C:C,'메디컬 SKU'!A:A) -> 589466 | C14: MSUD Anamix Junior | D14: 9.1290323 | E14: 259 | F14: 0 | G14: 0 | H14: 180 | I14: =K14 -> 330 | J14: 55 | K14: =J14*M14 -> 330 | L14: 108 | M14: 6 | N14: =L14*M14 -> 648
B15: =_xlfn.XLOOKUP(C15,'메디컬 SKU'!C:C,'메디컬 SKU'!A:A) -> 116180 | C15: MSUD Maxamum | D15: 82 | E15: 420 | F15: 60 | G15: 60 | H15: 90 | I15: =K15 -> 735 | J15: 245 | K15: =J15*M15 -> 735 | L15: 200 | M15: 3 | N15: =L15*M15 -> 600
B16: =_xlfn.XLOOKUP(C16,'메디컬 SKU'!C:C,'메디컬 SKU'!A:A) -> 695413 | C16: Locasol | D16: 25.516129 | E16: 238 | F16: 0 | G16: 0 | H16: 120 | I16: =K16 -> 96 | J16: 16 | K16: =J16*M16 -> 96 | L16: 132 | M16: 6 | N16: =L16*M16 -> 792
B17: =_xlfn.XLOOKUP(C17,'메디컬 SKU'!C:C,'메디컬 SKU'!A:A) -> 699883 | C17: Basic F | D17: 72.83871 | E17: 86 | F17: 0 | G17: 0 | H17: 90 | I17: =K17 -> 144 | J17: 24 | K17: =J17*M17 -> 144 | L17: 144 | M17: 6 | N17: =L17*M17 -> 864
B18: =_xlfn.XLOOKUP(C18,'메디컬 SKU'!C:C,'메디컬 SKU'!A:A) -> 645380 | C18: Aptamil Pepti Syneo | D18: 261.19355 | E18: 3454 | F18: 864 | G18: 0 | H18: 0 | I18: =K18 -> 2400 | J18: 200 | K18: =J18*M18 -> 2400 | L18: 72 | M18: 12 | N18: =L18*M18 -> 864
B19: =_xlfn.XLOOKUP(C19,'메디컬 SKU'!C:C,'메디컬 SKU'!A:A) -> 578785 | C19: Elemental 028 Banana | D19: 176.70968 | E19: 735 | F19: 0 | G19: 0 | H19: 0 | I19: =K19 -> 3310 | J19: 331 | K19: =J19*M19 -> 3310 | L19: 245 | M19: 10 | N19: =L19*M19 -> 2450
B20: Total | D20: =SUM(D4:D19) -> 15333.839 | E20: =SUM(E4:E19) -> 24676 | F20: =SUM(F4:F19) -> 5996 | G20: =SUM(G4:G19) -> 3101 | H20: =SUM(H4:H19) -> 1080 | I20: =SUM(I4:I19) -> 10081
B21: 발주 금액 | D21: =금액!H56 -> 282329.49 | E21: =금액!I56 -> 496325.45 | F21: =금액!J56 -> 180161.87 | G21: =금액!K56 -> 93948 | H21: =금액!L56 -> 38201 | I21: ='금액(2)'!M56 -> 244989.3
B22: 발주 금액(KRW) | D22: =D21*$A$2 -> 4.7149024e+08 | E22: =E21*$A$2 -> 8.288635e+08 | F22: =F21*$A$2 -> 3.0087032e+08 | G22: =G21*$A$2 -> 156893160 | H22: =H21*$A$2 -> 63795670 | I22: =I21*$A$2 -> 409132131 | L22: TU
K23: 엘리멘탈 | L23: 1500 | M23: =L23*M5 -> 15000
E24: fcst | F24: fcst | G24: fcst | H24: fcst
A25: Sales | D25: Oct-Dec. | E25: Jau. | F25: Feb. | G25: Mar. | H25: Apr. | I25: May.
A26: Sales CU | B26: =_xlfn.XLOOKUP(C26,'메디컬 SKU'!C:C,'메디컬 SKU'!A:A) -> 117547 | C26: Duocal | E26: 187 | F26: 187 | G26: 187 | H26: 187 | I26: =AVERAGE(G26:H26) -> 187
B27: =_xlfn.XLOOKUP(C27,'메디컬 SKU'!C:C,'메디컬 SKU'!A:A) -> 552897 | C27: Elemental Orange | E27: 1453 | F27: 593 | G27: 593 | H27: 1453 | I27: =AVERAGE(G27:H27) -> 1023
B28: =_xlfn.XLOOKUP(C28,'메디컬 SKU'!C:C,'메디컬 SKU'!A:A) -> 117771 | C28: PK AID | E28: 121 | F28: 56 | G28: 56 | H28: 121 | I28: =AVERAGE(G28:H28) -> 88.5
B29: =_xlfn.XLOOKUP(C29,'메디컬 SKU'!C:C,'메디컬 SKU'!A:A) -> 646546 | C29: TYR Anamix | E29: 35 | F29: 35 | G29: 35 | H29: 35 | I29: =AVERAGE(G29:H29) -> 35
B30: =_xlfn.XLOOKUP(C30,'메디컬 SKU'!C:C,'메디컬 SKU'!A:A) -> 646567 | C30: NKH Anamix | E30: 55 | F30: 22 | G30: 22 | H30: 55 | I30: =AVERAGE(G30:H30) -> 38.5
B31: =_xlfn.XLOOKUP(C31,'메디컬 SKU'!C:C,'메디컬 SKU'!A:A) -> 691217 | C31: Lorenzo Oil | E31: 31 | F31: 31 | G31: 31 | H31: 31 | I31: =AVERAGE(G31:H31) -> 31
B32: =_xlfn.XLOOKUP(C32,'메디컬 SKU'!C:C,'메디컬 SKU'!A:A) -> 611174 | C32: Infatrini | E32: 2951 | F32: 3000 | G32: 3000 | H32: 2951 | I32: =AVERAGE(G32:H32) -> 2975.5
B33: =_xlfn.XLOOKUP(C33,'메디컬 SKU'!C:C,'메디컬 SKU'!A:A) -> 701775 | C33: Neocate LCP | E33: 2237 | F33: 1763 | G33: 1763 | H33: 2237 | I33: =AVERAGE(G33:H33) -> 2000
B34: =_xlfn.XLOOKUP(C34,'메디컬 SKU'!C:C,'메디컬 SKU'!A:A) -> 646548 | C34: GA1 Anamix Infant | E34: 70 | F34: 38 | G34: 38 | H34: 70 | I34: =AVERAGE(G34:H34) -> 54
B35: =_xlfn.XLOOKUP(C35,'메디컬 SKU'!C:C,'메디컬 SKU'!A:A) -> 589462 | C35: GA1 Anamix Junior | E35: 102 | F35: 30 | G35: 30 | H35: 102 | I35: =AVERAGE(G35:H35) -> 66
B36: =_xlfn.XLOOKUP(C36,'메디컬 SKU'!C:C,'메디컬 SKU'!A:A) -> 589466 | C36: MSUD Anamix Junior | E36: 136 | F36: 72 | G36: 72 | H36: 136 | I36: =AVERAGE(G36:H36) -> 104
B37: =_xlfn.XLOOKUP(C37,'메디컬 SKU'!C:C,'메디컬 SKU'!A:A) -> 116180 | C37: MSUD Maxamum | E37: 357 | F37: 30 | G37: 30 | H37: 357 | I37: =AVERAGE(G37:H37) -> 193.5
B38: =_xlfn.XLOOKUP(C38,'메디컬 SKU'!C:C,'메디컬 SKU'!A:A) -> 695413 | C38: Locasol | E38: 79 | F38: 49 | G38: 49 | H38: 79 | I38: =AVERAGE(G38:H38) -> 64
... B41: =_xlfn.XLOOKUP(C41,'메디컬 SKU'!C:C,'메디컬 SKU'!A:A) -> 578785 | C41: Elemental 028 Banana | E41: 345 | F41: 185 | G41: 185 | H41: 345 | I41: =AVERAGE(G41:H41) -> 265
B42: Total | D42: =SUM(D26:D41) -> 0 | E42: =SUM(E26:E41) -> 9154 | F42: =SUM(F26:F41) -> 7034 | G42: =SUM(G26:G41) -> 7034 | H42: =SUM(H26:H41) -> 9154 | I42: =SUM(I26:I41) -> 8094
K43: 인파트리니 | L43: 1008 | M43: =L43*M10 -> 12096
D44: Stock Transfer
A45: Stcok(CU) | D45: Dec. | E45: Jau. | F45: Feb. | G45: Mar. | H45: Apr. | I45: May.
A46: Stock(CU) | B46: =_xlfn.XLOOKUP(C46,'메디컬 SKU'!C:C,'메디컬 SKU'!A:A) -> 117547 | C46: Duocal | D46: 43 | E46: =D46+E4-E26 -> -48 | F46: =E46+F4-F26 -> 89 | G46: =F46+G4-G26 -> 226 | H46: =G46+H4-H26 -> 399 | I46: =H46+I4-I26 -> 452
B47: =_xlfn.XLOOKUP(C47,'메디컬 SKU'!C:C,'메디컬 SKU'!A:A) -> 552897 | C47: Elemental Orange | D47: 6566 | E47: =D47+E5-E27 -> 5113 | F47: =E47+F5-F27 -> 4520 | G47: =F47+G5-G27 -> 3927 | H47: =G47+H5-H27 -> 2474 | I47: =H47+I5-I27 -> 1451
B48: =_xlfn.XLOOKUP(C48,'메디컬 SKU'!C:C,'메디컬 SKU'!A:A) -> 117771 | C48: PK AID | D48: 220 | E48: =D48+E6-E28 -> 99 | F48: =E48+F6-F28 -> 103 | G48: =F48+G6-G28 -> 107 | H48: =G48+H6-H28 -> 106 | I48: =H48+I6-I28 -> 221.5
B49: =_xlfn.XLOOKUP(C49,'메디컬 SKU'!C:C,'메디컬 SKU'!A:A) -> 646546 | C49: TYR Anamix | D49: 29 | E49: =D49+E7-E29 -> -6 | F49: =E49+F7-F29 -> 27 | G49: =F49+G7-G29 -> -8 | H49: =G49+H7-H29 -> -43 | I49: =H49+I7-I29 -> 87
B50: =_xlfn.XLOOKUP(C50,'메디컬 SKU'!C:C,'메디컬 SKU'!A:A) -> 646567 | C50: NKH Anamix | D50: 61 | E50: =D50+E8-E30 -> 74 | F50: =E50+F8-F30 -> 52 | G50: =F50+G8-G30 -> 30 | H50: =G50+H8-H30 -> -25 | I50: =H50+I8-I30 -> 95.5
B51: =_xlfn.XLOOKUP(C51,'메디컬 SKU'!C:C,'메디컬 SKU'!A:A) -> 691217 | C51: Lorenzo Oil | D51: 20 | E51: =D51+E9-E31 -> 37 | F51: =E51+F9-F31 -> 90 | G51: =F51+G9-G31 -> 59 | H51: =G51+H9-H31 -> 28 | I51: =H51+I9-I31 -> 81
B52: =_xlfn.XLOOKUP(C52,'메디컬 SKU'!C:C,'메디컬 SKU'!A:A) -> 611174 | C52: Infatrini | D52: 3472 | E52: =D52+E10-E32 -> 19529 | F52: =E52+F10-F32 -> 16529 | G52: =F52+G10-G32 -> 13529 | H52: =G52+H10-H32 -> 10578 | I52: =H52+I10-I32 -> 7602.5
B53: =_xlfn.XLOOKUP(C53,'메디컬 SKU'!C:C,'메디컬 SKU'!A:A) -> 701775 | C53: Neocate LCP | D53: 4116 | E53: =D53+E11-E33 -> 1879 | F53: =E53+F11-F33 -> 4652 | G53: =F53+G11-G33 -> 5481 | H53: =G53+H11-H33 -> 3244 | I53: =H53+I11-I33 -> 3188
B54: =_xlfn.XLOOKUP(C54,'메디컬 SKU'!C:C,'메디컬 SKU'!A:A) -> 646548 | C54: GA1 Anamix Infant | D54: 38 | E54: =D54+E12-E34 -> 136 | F54: =E54+F12-F34 -> 98 | G54: =F54+G12-G34 -> 60 | H54: =G54+H12-H34 -> 50 | I54: =H54+I12-I34 -> 134
B55: =_xlfn.XLOOKUP(C55,'메디컬 SKU'!C:C,'메디컬 SKU'!A:A) -> 589462 | C55: GA1 Anamix Junior | D55: 141 | E55: =D55+E13-E35 -> 135 | F55: =E55+F13-F35 -> 105 | G55: =F55+G13-G35 -> 140 | H55: =G55+H13-H35 -> 98 | I55: =H55+I13-I35 -> 164
B56: =_xlfn.XLOOKUP(C56,'메디컬 SKU'!C:C,'메디컬 SKU'!A:A) -> 589466 | C56: MSUD Anamix Junior | D56: 9 | E56: =D56+E14-E36 -> 132 | F56: =E56+F14-F36 -> 60 | G56: =F56+G14-G36 -> -12 | H56: =G56+H14-H36 -> 32 | I56: =H56+I14-I36 -> 258
B57: =_xlfn.XLOOKUP(C57,'메디컬 SKU'!C:C,'메디컬 SKU'!A:A) -> 116180 | C57: MSUD Maxamum | D57: 82 | E57: =D57+E15-E37 -> 145 | F57: =E57+F15-F37 -> 175 | G57: =F57+G15-G37 -> 205 | H57: =G57+H15-H37 -> -62 | I57: =H57+I15-I37 -> 479.5
B58: =_xlfn.XLOOKUP(C58,'메디컬 SKU'!C:C,'메디컬 SKU'!A:A) -> 695413 | C58: Locasol | D58: 26 | E58: =D58+E16-E38 -> 185 | F58: =E58+F16-F38 -> 136 | G58: =F58+G16-G38 -> 87 | H58: =G58+H16-H38 -> 128 | I58: =H58+I16-I38 -> 160
... B61: =_xlfn.XLOOKUP(C61,'메디컬 SKU'!C:C,'메디컬 SKU'!A:A) -> 578785 | C61: Elemental 028 Banana | D61: 177 | E61: =D61+E19-E41 -> 567 | F61: =E61+F19-F41 -> 382 | G61: =F61+G19-G41 -> 197 | H61: =G61+H19-H41 -> -148 | I61: =H61+I19-I41 -> 2897
B62: Total | D62: =SUM(D46:D61) -> 15334 | E62: =SUM(E46:E61) -> 30856 | F62: =SUM(F46:F61) -> 29818 | G62: =SUM(G46:G61) -> 25885 | H62: =SUM(H46:H61) -> 17811 | I62: =SUM(I46:I61) -> 19798
K63: 엘리멘탈 바나나 | L63: 331 | M63: =L63*M19 -> 3310
A65: Stcok Level (Month) | D65: Dec. | E65: Jau. | F65: Feb. | G65: Mar. | H65: Apr. | I65: May.
A66: Stock month by SKU | B66: =_xlfn.XLOOKUP(C66,'메디컬 SKU'!C:C,'메디컬 SKU'!A:A) -> 117547 | C66: Duocal | E66: =E46/E26 -> -0.25668449 | F66: =F46/F26 -> 0.47593583 | G66: =G46/G26 -> 1.2085561 | H66: =H46/H26 -> 2.1336898 | I66: =I46/I26 -> 2.4171123
B67: =_xlfn.XLOOKUP(C67,'메디컬 SKU'!C:C,'메디컬 SKU'!A:A) -> 552897 | C67: Elemental Orange | E67: =E47/E27 -> 3.5189264 | F67: =F47/F27 -> 7.6222597 | G67: =G47/G27 -> 6.6222597 | H67: =H47/H27 -> 1.7026841 | I67: =I47/I27 -> 1.4183773
B68: =_xlfn.XLOOKUP(C68,'메디컬 SKU'!C:C,'메디컬 SKU'!A:A) -> 117771 | C68: PK AID | E68: =E48/E28 -> 0.81818182 | F68: =F48/F28 -> 1.8392857 | G68: =G48/G28 -> 1.9107143 | H68: =H48/H28 -> 0.87603306 | I68: =I48/I28 -> 2.5028249
B69: =_xlfn.XLOOKUP(C69,'메디컬 SKU'!C:C,'메디컬 SKU'!A:A) -> 646546 | C69: TYR Anamix | E69: =E49/E29 -> -0.17142857 | F69: =F49/F29 -> 0.77142857 | G69: =G49/G29 -> -0.22857143 | H69: =H49/H29 -> -1.2285714 | I69: =I49/I29 -> 2.4857143
B70: =_xlfn.XLOOKUP(C70,'메디컬 SKU'!C:C,'메디컬 SKU'!A:A) -> 646567 | C70: NKH Anamix | E70: =E50/E30 -> 1.3454545 | F70: =F50/F30 -> 2.3636364 | G70: =G50/G30 -> 1.3636364 | H70: =H50/H30 -> -0.45454545 | I70: =I50/I30 -> 2.4805195
B71: =_xlfn.XLOOKUP(C71,'메디컬 SKU'!C:C,'메디컬 SKU'!A:A) -> 691217 | C71: Lorenzo Oil | E71: =E51/E31 -> 1.1935484 | F71: =F51/F31 -> 2.9032258 | G71: =G51/G31 -> 1.9032258 | H71: =H51/H31 -> 0.90322581 | I71: =I51/I31 -> 2.6129032
B72: =_xlfn.XLOOKUP(C72,'메디컬 SKU'!C:C,'메디컬 SKU'!A:A) -> 611174 | C72: Infatrini | E72: =E52/E32 -> 6.6177567 | F72: =F52/F32 -> 5.5096667 | G72: =G52/G32 -> 4.5096667 | H72: =H52/H32 -> 3.5845476 | I72: =I52/I32 -> 2.5550328
B73: =_xlfn.XLOOKUP(C73,'메디컬 SKU'!C:C,'메디컬 SKU'!A:A) -> 701775 | C73: Neocate LCP | E73: =E53/E33 -> 0.83996424 | F73: =F53/F33 -> 2.6386841 | G73: =G53/G33 -> 3.1089053 | H73: =H53/H33 -> 1.4501565 | I73: =I53/I33 -> 1.594
B74: =_xlfn.XLOOKUP(C74,'메디컬 SKU'!C:C,'메디컬 SKU'!A:A) -> 646548 | C74: GA1 Anamix Infant | E74: =E54/E34 -> 1.9428571 | F74: =F54/F34 -> 2.5789474 | G74: =G54/G34 -> 1.5789474 | H74: =H54/H34 -> 0.71428571 | I74: =I54/I34 -> 2.4814815
B75: =_xlfn.XLOOKUP(C75,'메디컬 SKU'!C:C,'메디컬 SKU'!A:A) -> 589462 | C75: GA1 Anamix Junior | E75: =E55/E35 -> 1.3235294 | F75: =F55/F35 -> 3.5 | G75: =G55/G35 -> 4.6666667 | H75: =H55/H35 -> 0.96078431 | I75: =I55/I35 -> 2.4848485
B76: =_xlfn.XLOOKUP(C76,'메디컬 SKU'!C:C,'메디컬 SKU'!A:A) -> 589466 | C76: MSUD Anamix Junior | E76: =E56/E36 -> 0.97058824 | F76: =F56/F36 -> 0.83333333 | G76: =G56/G36 -> -0.16666667 | H76: =H56/H36 -> 0.23529412 | I76: =I56/I36 -> 2.4807692
B77: =_xlfn.XLOOKUP(C77,'메디컬 SKU'!C:C,'메디컬 SKU'!A:A) -> 116180 | C77: MSUD Maxamum | E77: =E57/E37 -> 0.40616246 | F77: =F57/F37 -> 5.8333333 | G77: =G57/G37 -> 6.8333333 | H77: =H57/H37 -> -0.17366947 | I77: =I57/I37 -> 2.4780362
B78: =_xlfn.XLOOKUP(C78,'메디컬 SKU'!C:C,'메디컬 SKU'!A:A) -> 695413 | C78: Locasol | E78: =E58/E38 -> 2.3417722 | F78: =F58/F38 -> 2.7755102 | G78: =G58/G38 -> 1.7755102 | H78: =H58/H38 -> 1.6202532 | I78: =I58/I38 -> 2.5
... B81: =_xlfn.XLOOKUP(C81,'메디컬 SKU'!C:C,'메디컬 SKU'!A:A) -> 578785 | C81: Elemental 028 Banana | E81: =E61/E41 -> 1.6434783 | F81: =F61/F41 -> 2.0648649 | G81: =G61/G41 -> 1.0648649 | H81: =H61/H41 -> -0.42898551 | I81: =I61/I41 -> 10.932075
B82: Total | D82: =AVERAGE(D66:D81) -> #DIV/0! | E82: =AVERAGE(E66:E81) -> 1.6639889 | F82: =AVERAGE(F66:F81) -> 2.9261846 | G82: =AVERAGE(G66:G81) -> 2.4537431 | H82: =AVERAGE(H66:H81) -> 0.83839252 | I82: =AVERAGE(I66:I81) -> 2.9120047

Sheet Medical_rev
A1: ※ Medical Stock Overview
A2: 1670
A3: Supply (arrival) | D3: Dec. | E3: Jau. | F3: Feb. | G3: Mar. | H3: Apr. | I3: May. | J3: June. | K3: TU | L3: CU | M3: 1PT | N3: 1TU | O3: CU | S3: 금액
A4: Supply (arrival) | B4: =_xlfn.XLOOKUP(C4,'메디컬 SKU'!C:C,'메디컬 SKU'!A:A) -> 117547 | C4: Duocal | E4: 96 | F4: 648 | G4: 0 | H4: 360 | I4: 240 | J4: =L4 -> 0 | L4: =K4*N4 -> 0 | M4: 108 | N4: 6 | O4: =M4*N4 -> 648 | P4: 12월 이전 물량 | Q4: 12월 transfer | R4: 1월 결제 | S4: =D22 -> 4.7149024e+08
B5: =_xlfn.XLOOKUP(C5,'메디컬 SKU'!C:C,'메디컬 SKU'!A:A) -> 552897 | C5: Elemental Orange | E5: 0 | F5: 0 | G5: 0 | H5: 0 | I5: 0 | J5: =L5 -> 0 | L5: =K5*N5 -> 0 | M5: 245 | N5: 10 | O5: =M5*N5 -> 2450 | P5: 10월 생산 | Q5: 11월 shipout | R5: 12월 결제 | S5: =E22 -> 8.288635e+08
B6: =_xlfn.XLOOKUP(C6,'메디컬 SKU'!C:C,'메디컬 SKU'!A:A) -> 117771 | C6: PK AID | E6: 0 | F6: 120 | G6: 0 | H6: 120 | I6: 204 | J6: =L6 -> 0 | L6: =K6*N6 -> 0 | M6: 200 | N6: 3 | O6: =M6*N6 -> 600 | P6: 11월 생산 | Q6: 12월 shipout | R6: 1월 결제 | S6: =F22 -> 3.0087032e+08
B7: =_xlfn.XLOOKUP(C7,'메디컬 SKU'!C:C,'메디컬 SKU'!A:A) -> 646546 | C7: TYR Anamix | E7: 0 | F7: 69 | G7: 0 | H7: 135 | I7: 165 | J7: =L7 -> 0 | L7: =K7*N7 -> 0 | M7: 225 | N7: 3 | O7: =M7*N7 -> 675 | P7: 12월 생산 | Q7: 1월 shipout | R7: 2월 결제 | S7: =G22 -> 156893160
B8: =_xlfn.XLOOKUP(C8,'메디컬 SKU'!C:C,'메디컬 SKU'!A:A) -> 646567 | C8: NKH Anamix | E8: 69 | F8: 0 | G8: 0 | H8: 69 | I8: 159 | J8: =L8 -> 0 | L8: =K8*N8 -> 0 | M8: 225 | N8: 3 | O8: =M8*N8 -> 675 | P8: 1월 생산 | Q8: 2월 shipout | R8: 3월 결제 | S8: =H22 -> 63795670
B9: =_xlfn.XLOOKUP(C9,'메디컬 SKU'!C:C,'메디컬 SKU'!A:A) -> 691217 | C9: Lorenzo Oil | E9: 0 | F9: 0 | G9: 48 | H9: 132 | I9: 84 | J9: =L9 -> 0 | L9: =K9*N9 -> 0 | M9: 70 | N9: 12 | O9: =M9*N9 -> 840 | P9: 2월 생산 | Q9: 3월 shipout | R9: 4월 결제 | S9: =J22 -> 409132131
B10: =_xlfn.XLOOKUP(C10,'메디컬 SKU'!C:C,'메디컬 SKU'!A:A) -> 611174 | C10: Infatrini | E10: 0 | F10: 0 | G10: 0 | H10: 0 | I10: 0 | J10: =L10 -> 0 | L10: =K10*N10 -> 0 | M10: 72 | N10: 12 | O10: =M10*N10 -> 864 | S10: =SUM(S4:S9) -> 2.231045e+09
B11: =_xlfn.XLOOKUP(C11,'메디컬 SKU'!C:C,'메디컬 SKU'!A:A) -> 701775 | C11: Neocate LCP | E11: 0 | F11: 4536 | G11: 2592 | H11: 2592 | I11: 1944 | J11: =L11 -> 0 | L11: =K11*N11 -> 0 | M11: 108 | N11: 6 | O11: =M11*N11 -> 648
B12: =_xlfn.XLOOKUP(C12,'메디컬 SKU'!C:C,'메디컬 SKU'!A:A) -> 646548 | C12: GA1 Anamix Infant | E12: 168 | F12: 0 | G12: 0 | H12: 60 | I12: 138 | J12: =L12 -> 0 | L12: =K12*N12 -> 0 | M12: 225 | N12: 3 | O12: =M12*N12 -> 675
B13: =_xlfn.XLOOKUP(C13,'메디컬 SKU'!C:C,'메디컬 SKU'!A:A) -> 589462 | C13: GA1 Anamix Junior | E13: 96 | F13: 66 | G13: 0 | H13: 60 | I13: 132 | J13: =L13 -> 0 | L13: =K13*N13 -> 0 | M13: 108 | N13: 6 | O13: =M13*N13 -> 648
B14: =_xlfn.XLOOKUP(C14,'메디컬 SKU'!C:C,'메디컬 SKU'!A:A) -> 589466 | C14: MSUD Anamix Junior | E14: 258 | F14: 0 | G14: 0 | H14: 180 | I14: 330 | J14: =L14 -> 0 | L14: =K14*N14 -> 0 | M14: 108 | N14: 6 | O14: =M14*N14 -> 648
B15: =_xlfn.XLOOKUP(C15,'메디컬 SKU'!C:C,'메디컬 SKU'!A:A) -> 116180 | C15: MSUD Maxamum | E15: 132 | F15: 408 | G15: 0 | H15: 90 | I15: 735 | J15: =L15 -> 0 | L15: =K15*N15 -> 0 | M15: 200 | N15: 3 | O15: =M15*N15 -> 600
B16: =_xlfn.XLOOKUP(C16,'메디컬 SKU'!C:C,'메디컬 SKU'!A:A) -> 695413 | C16: Locasol | E16: 240 | F16: 0 | G16: 0 | H16: 120 | I16: 96 | J16: =L16 -> 0 | L16: =K16*N16 -> 0 | M16: 132 | N16: 6 | O16: =M16*N16 -> 792
B17: =_xlfn.XLOOKUP(C17,'메디컬 SKU'!C:C,'메디컬 SKU'!A:A) -> 699883 | C17: Basic F | E17: =42+90 -> 132 | F17: 0 | G17: 0 | H17: 90 | I17: 144 | J17: =L17 -> 0 | L17: =K17*N17 -> 0 | M17: 144 | N17: 6 | O17: =M17*N17 -> 864
B18: =_xlfn.XLOOKUP(C18,'메디컬 SKU'!C:C,'메디컬 SKU'!A:A) -> 645380 | C18: Aptamil Pepti Syneo | E18: 3456 | F18: 864 | G18: 0 | H18: 1728 | I18: 2400 | J18: =L18 -> 0 | L18: =K18*N18 -> 0 | M18: 72 | N18: 12 | O18: =M18*N18 -> 864
B19: =_xlfn.XLOOKUP(C19,'메디컬 SKU'!C:C,'메디컬 SKU'!A:A) -> 578785 | C19: Elemental 028 Banana | E19: 661 | F19: 74 | G19: 0 | H19: 0 | I19: 331 | J19: =L19 -> 0 | L19: =K19*N19 -> 0 | M19: 245 | N19: 10 | O19: =M19*N19 -> 2450
B20: Total | D20: =SUM(D4:D19) -> 0 | E20: =SUM(E4:E19) -> 5308 | F20: =SUM(F4:F19) -> 6785 | G20: =SUM(G4:G19) -> 2640 | H20: =SUM(H4:H19) -> 5736 | I20: 10081 | J20: =SUM(J4:J19) -> 0
B21: 발주 금액 | D21: =금액!H56 -> 282329.49 | E21: =금액!I56 -> 496325.45 | F21: =금액!J56 -> 180161.87 | G21: =금액!K56 -> 93948 | H21: =금액!L56 -> 38201 | I21: 244989.3 | J21: ='금액(2)'!M56 -> 244989.3
B22: 발주 금액(KRW) | D22: =D21*$A$2 -> 4.7149024e+08 | E22: =E21*$A$2 -> 8.288635e+08 | F22: =F21*$A$2 -> 3.0087032e+08 | G22: =G21*$A$2 -> 156893160 | H22: =H21*$A$2 -> 63795670 | I22: 409132131 | J22: =J21*$A$2 -> 409132131 | M22: TU
L23: 엘리멘탈 | M23: 1500 | N23: =M23*N5 -> 15000
E24: fcst | F24: fcst | G24: fcst | H24: fcst | I24: fcst | J24: fcst
A25: Sales | D25: Oct-Dec. | E25: Jau. | F25: Feb. | G25: Mar. | H25: Apr. | I25: May. | J25: June.
A26: Sales CU | B26: =_xlfn.XLOOKUP(C26,'메디컬 SKU'!C:C,'메디컬 SKU'!A:A) -> 117547 | C26: Duocal | E26: 187 | F26: 187 | G26: 187 | H26: 187 | I26: 187 | J26: 187
B27: =_xlfn.XLOOKUP(C27,'메디컬 SKU'!C:C,'메디컬 SKU'!A:A) -> 552897 | C27: Elemental Orange | E27: 1453 | F27: 593 | G27: 593 | H27: 1453 | I27: 593 | J27: 593
B28: =_xlfn.XLOOKUP(C28,'메디컬 SKU'!C:C,'메디컬 SKU'!A:A) -> 117771 | C28: PK AID | E28: 121 | F28: 56 | G28: 56 | H28: 121 | I28: 56 | J28: 56
B29: =_xlfn.XLOOKUP(C29,'메디컬 SKU'!C:C,'메디컬 SKU'!A:A) -> 646546 | C29: TYR Anamix | E29: 35 | F29: 35 | G29: 35 | H29: 35 | I29: 35 | J29: 35
B30: =_xlfn.XLOOKUP(C30,'메디컬 SKU'!C:C,'메디컬 SKU'!A:A) -> 646567 | C30: NKH Anamix | E30: 55 | F30: 22 | G30: 22 | H30: 55 | I30: 22 | J30: 22
B31: =_xlfn.XLOOKUP(C31,'메디컬 SKU'!C:C,'메디컬 SKU'!A:A) -> 691217 | C31: Lorenzo Oil | E31: 31 | F31: 31 | G31: 31 | H31: 31 | I31: 31 | J31: 31
B32: =_xlfn.XLOOKUP(C32,'메디컬 SKU'!C:C,'메디컬 SKU'!A:A) -> 611174 | C32: Infatrini | E32: 2951 | F32: 3000 | G32: 3000 | H32: 2951 | I32: 3000 | J32: 3000
B33: =_xlfn.XLOOKUP(C33,'메디컬 SKU'!C:C,'메디컬 SKU'!A:A) -> 701775 | C33: Neocate LCP | E33: 2237 | F33: 1763 | G33: 1763 | H33: 2237 | I33: 1763 | J33: 1763
B34: =_xlfn.XLOOKUP(C34,'메디컬 SKU'!C:C,'메디컬 SKU'!A:A) -> 646548 | C34: GA1 Anamix Infant | E34: 70 | F34: 38 | G34: 38 | H34: 70 | I34: 38 | J34: 38
B35: =_xlfn.XLOOKUP(C35,'메디컬 SKU'!C:C,'메디컬 SKU'!A:A) -> 589462 | C35: GA1 Anamix Junior | E35: 102 | F35: 30 | G35: 30 | H35: 102 | I35: 30 | J35: 30
B36: =_xlfn.XLOOKUP(C36,'메디컬 SKU'!C:C,'메디컬 SKU'!A:A) -> 589466 | C36: MSUD Anamix Junior | E36: 136 | F36: 72 | G36: 72 | H36: 136 | I36: 72 | J36: 72
B37: =_xlfn.XLOOKUP(C37,'메디컬 SKU'!C:C,'메디컬 SKU'!A:A) -> 116180 | C37: MSUD Maxamum | E37: 357 | F37: 30 | G37: 30 | H37: 357 | I37: 30 | J37: 30
B38: =_xlfn.XLOOKUP(C38,'메디컬 SKU'!C:C,'메디컬 SKU'!A:A) -> 695413 | C38: Locasol | E38: 79 | F38: 49 | G38: 49 | H38: 79 | I38: 49 | J38: 49
... B41: =_xlfn.XLOOKUP(C41,'메디컬 SKU'!C:C,'메디컬 SKU'!A:A) -> 578785 | C41: Elemental 028 Banana | E41: 345 | F41: 185 | G41: 185 | H41: 345 | I41: 185 | J41: 185
B42: Total | D42: =SUM(D26:D41) -> 0 | E42: =SUM(E26:E41) -> 9154 | F42: =SUM(F26:F41) -> 7034 | G42: =SUM(G26:G41) -> 7034 | H42: =SUM(H26:H41) -> 9154 | I42: =SUM(I26:I41) -> 7034 | J42: =SUM(J26:J41) -> 7034
L43: 인파트리니 | M43: 1008 | N43: =M43*N10 -> 12096
D44: Stock Transfer
A45: Stcok(CU) | D45: Dec. | E45: Jau. | F45: Feb. | G45: Mar. | H45: Apr. | I45: May. | J45: June.
A46: Stock(CU) | B46: =_xlfn.XLOOKUP(C46,'메디컬 SKU'!C:C,'메디컬 SKU'!A:A) -> 117547 | C46: Duocal | D46: =D4 -> 0 | E46: =D46+E4-E26 -> -91 | F46: =E46+F4-F26 -> 370 | G46: =F46+G4-G26 -> 183 | H46: =G46+H4-H26 -> 356 | I46: =H46+I4-I26 -> 409 | J46: =I46+J4-J26 -> 222
B47: =_xlfn.XLOOKUP(C47,'메디컬 SKU'!C:C,'메디컬 SKU'!A:A) -> 552897 | C47: Elemental Orange | D47: =D5 -> 0 | E47: =D47+E5-E27 -> -1453 | F47: =E47+F5-F27 -> -2046 | G47: =F47+G5-G27 -> -2639 | H47: =G47+H5-H27 -> -4092 | I47: =H47+I5-I27 -> -4685 | J47: =I47+J5-J27 -> -5278
B48: =_xlfn.XLOOKUP(C48,'메디컬 SKU'!C:C,'메디컬 SKU'!A:A) -> 117771 | C48: PK AID | D48: =D6 -> 0 | E48: =D48+E6-E28 -> -121 | F48: =E48+F6-F28 -> -57 | G48: =F48+G6-G28 -> -113 | H48: =G48+H6-H28 -> -114 | I48: =H48+I6-I28 -> 34 | J48: =I48+J6-J28 -> -22
B49: =_xlfn.XLOOKUP(C49,'메디컬 SKU'!C:C,'메디컬 SKU'!A:A) -> 646546 | C49: TYR Anamix | D49: =D7 -> 0 | E49: =D49+E7-E29 -> -35 | F49: =E49+F7-F29 -> -1 | G49: =F49+G7-G29 -> -36 | H49: =G49+H7-H29 -> 64 | I49: =H49+I7-I29 -> 194 | J49: =I49+J7-J29 -> 159
B50: =_xlfn.XLOOKUP(C50,'메디컬 SKU'!C:C,'메디컬 SKU'!A:A) -> 646567 | C50: NKH Anamix | D50: =D8 -> 0 | E50: =D50+E8-E30 -> 14 | F50: =E50+F8-F30 -> -8 | G50: =F50+G8-G30 -> -30 | H50: =G50+H8-H30 -> -16 | I50: =H50+I8-I30 -> 121 | J50: =I50+J8-J30 -> 99
B51: =_xlfn.XLOOKUP(C51,'메디컬 SKU'!C:C,'메디컬 SKU'!A:A) -> 691217 | C51: Lorenzo Oil | D51: =D9 -> 0 | E51: =D51+E9-E31 -> -31 | F51: =E51+F9-F31 -> -62 | G51: =F51+G9-G31 -> -45 | H51: =G51+H9-H31 -> 56 | I51: =H51+I9-I31 -> 109 | J51: =I51+J9-J31 -> 78
B52: =_xlfn.XLOOKUP(C52,'메디컬 SKU'!C:C,'메디컬 SKU'!A:A) -> 611174 | C52: Infatrini | D52: =D10 -> 0 | E52: =D52+E10-E32 -> -2951 | F52: =E52+F10-F32 -> -5951 | G52: =F52+G10-G32 -> -8951 | H52: =G52+H10-H32 -> -11902 | I52: =H52+I10-I32 -> -14902 | J52: =I52+J10-J32 -> -17902
B53: =_xlfn.XLOOKUP(C53,'메디컬 SKU'!C:C,'메디컬 SKU'!A:A) -> 701775 | C53: Neocate LCP | D53: =D11 -> 0 | E53: =D53+E11-E33 -> -2237 | F53: =E53+F11-F33 -> 536 | G53: =F53+G11-G33 -> 1365 | H53: =G53+H11-H33 -> 1720 | I53: =H53+I11-I33 -> 1901 | J53: =I53+J11-J33 -> 138
B54: =_xlfn.XLOOKUP(C54,'메디컬 SKU'!C:C,'메디컬 SKU'!A:A) -> 646548 | C54: GA1 Anamix Infant | D54: =D12 -> 0 | E54: =D54+E12-E34 -> 98 | F54: =E54+F12-F34 -> 60 | G54: =F54+G12-G34 -> 22 | H54: =G54+H12-H34 -> 12 | I54: =H54+I12-I34 -> 112 | J54: =I54+J12-J34 -> 74
B55: =_xlfn.XLOOKUP(C55,'메디컬 SKU'!C:C,'메디컬 SKU'!A:A) -> 589462 | C55: GA1 Anamix Junior | D55: =D13 -> 0 | E55: =D55+E13-E35 -> -6 | F55: =E55+F13-F35 -> 30 | G55: =F55+G13-G35 -> 0 | H55: =G55+H13-H35 -> -42 | I55: =H55+I13-I35 -> 60 | J55: =I55+J13-J35 -> 30
B56: =_xlfn.XLOOKUP(C56,'메디컬 SKU'!C:C,'메디컬 SKU'!A:A) -> 589466 | C56: MSUD Anamix Junior | D56: =D14 -> 0 | E56: =D56+E14-E36 -> 122 | F56: =E56+F14-F36 -> 50 | G56: =F56+G14-G36 -> -22 | H56: =G56+H14-H36 -> 22 | I56: =H56+I14-I36 -> 280 | J56: =I56+J14-J36 -> 208
B57: =_xlfn.XLOOKUP(C57,'메디컬 SKU'!C:C,'메디컬 SKU'!A:A) -> 116180 | C57: MSUD Maxamum | D57: =D15 -> 0 | E57: =D57+E15-E37 -> -225 | F57: =E57+F15-F37 -> 153 | G57: =F57+G15-G37 -> 123 | H57: =G57+H15-H37 -> -144 | I57: =H57+I15-I37 -> 561 | J57: =I57+J15-J37 -> 531
B58: =_xlfn.XLOOKUP(C58,'메디컬 SKU'!C:C,'메디컬 SKU'!A:A) -> 695413 | C58: Locasol | D58: =D16 -> 0 | E58: =D58+E16-E38 -> 161 | F58: =E58+F16-F38 -> 112 | G58: =F58+G16-G38 -> 63 | H58: =G58+H16-H38 -> 104 | I58: =H58+I16-I38 -> 151 | J58: =I58+J16-J38 -> 102
... B61: =_xlfn.XLOOKUP(C61,'메디컬 SKU'!C:C,'메디컬 SKU'!A:A) -> 578785 | C61: Elemental 028 Banana | D61: =D19 -> 0 | E61: =D61+E19-E41 -> 316 | F61: =E61+F19-F41 -> 205 | G61: =F61+G19-G41 -> 20 | H61: =G61+H19-H41 -> -325 | I61: =H61+I19-I41 -> -179 | J61: =I61+J19-J41 -> -364
B62: Total | D62: =SUM(D46:D61) -> 0 | E62: =SUM(E46:E61) -> -3846 | F62: =SUM(F46:F61) -> -4095 | G62: =SUM(G46:G61) -> -8489 | H62: =SUM(H46:H61) -> -11907 | I62: 19798 | J62: =SUM(J46:J61) -> -18873
L63: 엘리멘탈 바나나 | M63: 331 | N63: =M63*N19 -> 3310
A65: Stcok Level (Month) | D65: Dec. | E65: Jau. | F65: Feb. | G65: Mar. | H65: Apr. | I65: May. | J65: June.
A66: Stock month by SKU | B66: =_xlfn.XLOOKUP(C66,'메디컬 SKU'!C:C,'메디컬 SKU'!A:A) -> 117547 | C66: Duocal | E66: =E46/E26 -> -0.48663102 | F66: =F46/F26 -> 1.9786096 | G66: =G46/G26 -> 0.97860963 | H66: =H46/H26 -> 1.9037433 | I66: =I46/I26 -> 2.1871658 | J66: =J46/J26 -> 1.1871658
B67: =_xlfn.XLOOKUP(C67,'메디컬 SKU'!C:C,'메디컬 SKU'!A:A) -> 552897 | C67: Elemental Orange | E67: =E47/E27 -> -1 | F67: =F47/F27 -> -3.450253 | G67: =G47/G27 -> -4.450253 | H67: =H47/H27 -> -2.8162423 | I67: =I47/I27 -> -7.9005059 | J67: =J47/J27 -> -8.9005059
B68: =_xlfn.XLOOKUP(C68,'메디컬 SKU'!C:C,'메디컬 SKU'!A:A) -> 117771 | C68: PK AID | E68: =E48/E28 -> -1 | F68: =F48/F28 -> -1.0178571 | G68: =G48/G28 -> -2.0178571 | H68: =H48/H28 -> -0.94214876 | I68: =I48/I28 -> 0.60714286 | J68: =J48/J28 -> -0.39285714
B69: =_xlfn.XLOOKUP(C69,'메디컬 SKU'!C:C,'메디컬 SKU'!A:A) -> 646546 | C69: TYR Anamix | E69: =E49/E29 -> -1 | F69: =F49/F29 -> -0.028571429 | G69: =G49/G29 -> -1.0285714 | H69: =H49/H29 -> 1.8285714 | I69: =I49/I29 -> 5.5428571 | J69: =J49/J29 -> 4.5428571
B70: =_xlfn.XLOOKUP(C70,'메디컬 SKU'!C:C,'메디컬 SKU'!A:A) -> 646567 | C70: NKH Anamix | E70: =E50/E30 -> 0.25454545 | F70: =F50/F30 -> -0.36363636 | G70: =G50/G30 -> -1.3636364 | H70: =H50/H30 -> -0.29090909 | I70: =I50/I30 -> 5.5 | J70: =J50/J30 -> 4.5
B71: =_xlfn.XLOOKUP(C71,'메디컬 SKU'!C:C,'메디컬 SKU'!A:A) -> 691217 | C71: Lorenzo Oil | E71: =E51/E31 -> -1 | F71: =F51/F31 -> -2 | G71: =G51/G31 -> -1.4516129 | H71: =H51/H31 -> 1.8064516 | I71: =I51/I31 -> 3.516129 | J71: =J51/J31 -> 2.516129
B72: =_xlfn.XLOOKUP(C72,'메디컬 SKU'!C:C,'메디컬 SKU'!A:A) -> 611174 | C72: Infatrini | E72: =E52/E32 -> -1 | F72: =F52/F32 -> -1.9836667 | G72: =G52/G32 -> -2.9836667 | H72: =H52/H32 -> -4.0332091 | I72: =I52/I32 -> -4.9673333 | J72: =J52/J32 -> -5.9673333
B73: =_xlfn.XLOOKUP(C73,'메디컬 SKU'!C:C,'메디컬 SKU'!A:A) -> 701775 | C73: Neocate LCP | E73: =E53/E33 -> -1 | F73: =F53/F33 -> 0.30402723 | G73: =G53/G33 -> 0.77424844 | H73: =H53/H33 -> 0.7688869 | I73: =I53/I33 -> 1.0782757 | J73: =J53/J33 -> 0.078275666
B74: =_xlfn.XLOOKUP(C74,'메디컬 SKU'!C:C,'메디컬 SKU'!A:A) -> 646548 | C74: GA1 Anamix Infant | E74: =E54/E34 -> 1.4 | F74: =F54/F34 -> 1.5789474 | G74: =G54/G34 -> 0.57894737 | H74: =H54/H34 -> 0.17142857 | I74: =I54/I34 -> 2.9473684 | J74: =J54/J34 -> 1.9473684
B75: =_xlfn.XLOOKUP(C75,'메디컬 SKU'!C:C,'메디컬 SKU'!A:A) -> 589462 | C75: GA1 Anamix Junior | E75: =E55/E35 -> -0.058823529 | F75: =F55/F35 -> 1 | G75: =G55/G35 -> 0 | H75: =H55/H35 -> -0.41176471 | I75: =I55/I35 -> 2 | J75: =J55/J35 -> 1
B76: =_xlfn.XLOOKUP(C76,'메디컬 SKU'!C:C,'메디컬 SKU'!A:A) -> 589466 | C76: MSUD Anamix Junior | E76: =E56/E36 -> 0.89705882 | F76: =F56/F36 -> 0.69444444 | G76: =G56/G36 -> -0.30555556 | H76: =H56/H36 -> 0.16176471 | I76: =I56/I36 -> 3.8888889 | J76: =J56/J36 -> 2.8888889
B77: =_xlfn.XLOOKUP(C77,'메디컬 SKU'!C:C,'메디컬 SKU'!A:A) -> 116180 | C77: MSUD Maxamum | E77: =E57/E37 -> -0.6302521 | F77: =F57/F37 -> 5.1 | G77: =G57/G37 -> 4.1 | H77: =H57/H37 -> -0.40336134 | I77: =I57/I37 -> 18.7 | J77: =J57/J37 -> 17.7
B78: =_xlfn.XLOOKUP(C78,'메디컬 SKU'!C:C,'메디컬 SKU'!A:A) -> 695413 | C78: Locasol | E78: =E58/E38 -> 2.0379747 | F78: =F58/F38 -> 2.2857143 | G78: =G58/G38 -> 1.2857143 | H78: =H58/H38 -> 1.3164557 | I78: =I58/I38 -> 3.0816327 | J78: =J58/J38 -> 2.0816327
... B81: =_xlfn.XLOOKUP(C81,'메디컬 SKU'!C:C,'메디컬 SKU'!A:A) -> 578785 | C81: Elemental 028 Banana | E81: =E61/E41 -> 0.91594203 | F81: =F61/F41 -> 1.1081081 | G81: =G61/G41 -> 0.10810811 | H81: =H61/H41 -> -0.94202899 | I81: =I61/I41 -> -0.96756757 | J81: =J61/J41 -> -1.9675676
B82: Total | D82: =AVERAGE(D66:D81) -> #DIV/0! | E82: =AVERAGE(E66:E81) -> 0.11193334 | F82: =AVERAGE(F66:F81) -> 0.56211273 | G82: =AVERAGE(G66:G81) -> -0.24922425 | H82: =AVERAGE(H66:H81) -> 0.055784065 | I82: 2.9120047 | J82: =AVERAGE(J66:J81) -> 1.7814767

Sheet 메디컬 입고
A1: 인보이스 발행 날짜 | B1: 인보이스 넘버 | C1: 품목코드 | D1: 품목 | E1: 수량 | F1: 박스 수량 | G1: 입고 상세 | H1: 입고예정일 | M1: 품목코드 | N1: 품목명 | O1: 박스 당 입수
C2: 330851 | D2: 뉴트리시아 듀오칼/400G | E2: 630 | F2: =E2/VLOOKUP(C2, M:O, 3, FALSE) -> 105 | G2: 한독 입고완료 | H2: 45901 | K2: 리드타임 | L2: 3 month | M2: 343070 | N2: 뉴트리시아 인파트리니/400G | O2: 12
C3: 330854 | D3: 뉴트리시아 피케이 에이드4/500G | E3: 240 | F3: =E3/VLOOKUP(C3, M:O, 3, FALSE) -> 80 | G3: 한독 입고완료 | H3: 45901 | M3: 351434 | N3: 뉴트리시아 압타밀 펩티 시네오/400g | O3: 12
C4: 350473 | D4: 뉴트리시아 네오케이트 LCP/400G | E4: 3600 | F4: =E4/VLOOKUP(C4, M:O, 3, FALSE) -> 600 | G4: 한독 입고완료 | H4: 45931 | M4: 330851 | N4: 뉴트리시아 듀오칼/400G | O4: 6
C5: 351460 | D5: 뉴트리시아 엘리멘탈 Banana | E5: 662 | F5: =E5/VLOOKUP(C5, M:O, 3, FALSE) -> 66.2 | G5: 한독 입고완료 | H5: 45931 | M5: 330854 | N5: 뉴트리시아 피케이 에이드4/500G | O5: 3
C6: 351434 | D6: 뉴트리시아 압타밀 펩티 시네오/400g | E6: 1260 | F6: =E6/VLOOKUP(C6, M:O, 3, FALSE) -> 105 | G6: 한독 입고완료 | H6: 45931 | M6: 330853 | N6: 뉴트리시아 엘리멘탈 028 엑스트라/100GX10 | O6: 10
C7: 330856 | D7: 뉴트리시아 엔케이에이치 아나믹스/400G | E7: 72 | F7: =E7/VLOOKUP(C7, M:O, 3, FALSE) -> 24 | H7: 45992 | M7: 351460 | N7: 뉴트리시아 엘리멘탈 028 엑스트라 바나나향 | O7: 10
C8: 351364 | D8: 뉴트리시아 지에이1 아나믹스 주니어/400g | E8: 120 | F8: =E8/VLOOKUP(C8, M:O, 3, FALSE) -> 20 | H8: 45992 | M8: 350473 | N8: 뉴트리시아 네오케이트 LCP/400G | O8: 6
C9: 351366 | D9: 뉴트리시아 엠에스유디 맥사멈/500g | E9: 240 | F9: =E9/VLOOKUP(C9, M:O, 3, FALSE) -> 80 | H9: 45992 | M9: 330857 | N9: 뉴트리시아 로렌조 오일/500ML | O9: 12
C10: 351368 | D10: 뉴트리시아 베이직 에프/300g | E10: 42 | F10: =E10/VLOOKUP(C10, M:O, 3, FALSE) -> 7 | H10: 45992 | M10: 330855 | N10: 뉴트리시아 티와이알 아나믹스/400G | O10: 3
C11: 351434 | D11: 뉴트리시아 압타밀 펩티 시네오/400g | E11: 1500 | F11: =E11/VLOOKUP(C11, M:O, 3, FALSE) -> 125 | H11: 45992 | M11: 330856 | N11: 뉴트리시아 엔케이에이치 아나믹스/400G | O11: 3
C12: 350473 | D12: 뉴트리시아 네오케이트 LCP/400G | E12: 3600 | F12: =E12/VLOOKUP(C12, M:O, 3, FALSE) -> 600 | H12: 46023 | M12: 351368 | N12: 뉴트리시아 베이직 에프/300g | O12: 6
C13: 330857 | D13: 뉴트리시아 로렌조 오일/500ML | E13: 60 | F13: =E13/VLOOKUP(C13, M:O, 3, FALSE) -> 5 | H13: 46023 | M13: 351367 | N13: 뉴트리시아 로카솔/400g | O13: 6
M14: 351366 | N14: 뉴트리시아 엠에스유디 맥사멈/500g | O14: 3
M15: 351365 | N15: 뉴트리시아 엠에스유디 아나믹스 주니어 | O15: 6
M16: 351364 | N16: 뉴트리시아 지에이1 아나믹스 주니어 | O16: 6
M17: 351363 | N17: 뉴트리시아 지에이1 아나믹스 인펀트 | O17: 3

Sheet 메디컬 재고
C1: 45950
A2: SKU Code | B2: 제품명 | C2: 가용재고
A3: 330851 | B3: 뉴트리시아 듀오칼/400G | C3: 477
A4: 330853 | B4: 뉴트리시아 엘리멘탈 028 엑스트라/100GX10 | C4: 12868
A5: 330854 | B5: 뉴트리시아 피케이 에이드4/500G | C5: 332
A6: 330855 | B6: 뉴트리시아 티와이알 아나믹스/400G | C6: 110
A7: 330856 | B7: 뉴트리시아 엔케이에이치 아나믹스/400G | C7: 51
A8: 330857 | B8: 뉴트리시아 로렌조 오일/500ML | C8: 32
A9: 343070 | B9: 뉴트리시아 인파트리니/400G | C9: 10472
A10: 350473 | B10: 뉴트리시아 네오케이트 LCP/400G | C10: 4764
A11: 351363 | B11: 뉴트리시아 지에이1 아나믹스 인펀트/400g | C11: 137
A12: 351364 | B12: 뉴트리시아 지에이1 아나믹스 주니어/400g | C12: 42
A13: 351365 | B13: 뉴트리시아 엠에스유디 아나믹스 주니어/400g | C13: 197
A14: 351366 | B14: 뉴트리시아 엠에스유디 맥사멈/500g | C14: 2
... A18: 351460 | B18: 뉴트리시아 엘리멘탈 028 엑스트라 바나나/100GX10 | C18: 658

Sheet 메디컬 SKU
A2: 구매 코드 | B2: 상품 코드 | C2: 제품명(영문명) | D2: 제품명 | E2: 입수량 (CU/TU) | F2: 원산지 | G2: 캔당 유로가 | H2: 박스당 유로가
A3: 117547 | B3: 330851 | C3: Duocal | D3: 뉴트리시아 듀오칼/400G | E3: 6 | F3: UK | G3: 17.5 | H3: =G3*E3 -> 105
A4: 552897 | B4: 330853 | C4: Elemental Orange | D4: 뉴트리시아 엘리멘탈 028 엑스트라/100GX10 | E4: 10 | F4: UK | G4: 7.65 | H4: =G4*E4 -> 76.5
A5: 117771 | B5: 330854 | C5: PK AID | D5: 뉴트리시아 피케이 에이드4/500G | E5: 3 | F5: UK | G5: 57 | H5: =G5*E5 -> 171
A6: 646546 | B6: 330855 | C6: TYR Anamix | D6: 뉴트리시아 티와이알 아나믹스/400G | E6: 3 | F6: UK | G6: 47.833333 | H6: =G6*E6 -> 143.5
A7: 646567 | B7: 330856 | C7: NKH Anamix | D7: 뉴트리시아 엔케이에이치 아나믹스/400G | E7: 3 | F7: UK | G7: 52 | H7: =G7*E7 -> 156
A8: 691217 | B8: 330857 | C8: Lorenzo Oil | D8: 뉴트리시아 로렌조 오일/500ML | E8: 12 | F8: UK | G8: 102.5 | H8: =G8*E8 -> 1230
A9: 611174 | B9: 343070 | C9: Infatrini | D9: 뉴트리시아 인파트리니/400G | E9: 12 | F9: Germany | G9: 18.6 | H9: =G9*E9 -> 223.2
A10: 701775 | B10: 350473 | C10: Neocate LCP | D10: 뉴트리시아 네오케이트 LCP/400G | E10: 6 | F10: UK | G10: 30.5 | H10: =G10*E10 -> 183
A11: 646548 | B11: 351363 | C11: GA1 Anamix Infant | D11: 뉴트리시아 지에이1 아나믹스 인펀트/400g | E11: 3 | F11: UK | G11: 39.733333 | H11: =G11*E11 -> 119.2
A12: 589462 | B12: 351364 | C12: GA1 Anamix Junior | D12: 뉴트리시아 지에이1 아나믹스 주니어/400g | E12: 6 | F12: UK | G12: 44.8 | H12: =G12*E12 -> 268.8
A13: 589466 | B13: 351365 | C13: MSUD Anamix Junior | D13: 뉴트리시아 엠에스유디 아나믹스 주니어/400g | E13: 6 | F13: UK | G13: 45.8 | H13: =G13*E13 -> 274.8
A14: 116180 | B14: 351366 | C14: MSUD Maxamum | D14: 뉴트리시아 엠에스유디 맥사멈/500g | E14: 3 | F14: UK | G14: 48.166667 | H14: =G14*E14 -> 144.5
... A18: 578785 | B18: 351460 | C18: Elemental 028 Banana | D18: 뉴트리시아 엘리멘탈 028 엑스트라 바나나/100GX10 | E18: 10 | F18: UK | G18: 7.65 | H18: =G18*E18 -> 76.5

Sheet 금액
B2: ※ Aptamil Domestic Stock Overview
D3: CORPORATE CODE | E3: Sep. | F3: Oct. | G3: Nov. | H3: Dec. | I3: Jan. | J3: Feb. | K3: Mar. | L3: Apr. | M3: May. | N3: Jun. | O3: July. | P3: Aug. | Q3: Sept. | R3: Oct. | S3: Nov. | T3: Dec. | U3: Jan. | V3: Feb. | W3: Mar.
B4: PN | C4: 1 | D4: 676366 | E4: =#REF!*VLOOKUP($D4,단가!$B:$E,4,0) -> #REF! | F4: =#REF!*VLOOKUP($D4,단가!$B:$E,4,0) -> #REF! | G4: =#REF!*VLOOKUP($D4,단가!$B:$E,4,0) -> #REF! | H4: =#REF!*VLOOKUP($D4,단가!$B:$E,4,0) -> #REF! | I4: =#REF!*VLOOKUP($D4,단가!$B:$E,4,0) -> #REF! | J4: =#REF!*VLOOKUP($D4,단가!$B:$E,4,0) -> #REF! | K4: =#REF!*VLOOKUP($D4,단가!$B:$E,4,0) -> #REF! | L4: =#REF!*VLOOKUP($D4,단가!$B:$E,4,0) -> #REF! | ... W4: =#REF!*VLOOKUP($D4,단가!$B:$E,4,0) -> #REF!
C5: 2 | D5: 676367 | E5: =#REF!*VLOOKUP($D5,단가!$B:$E,4,0) -> #REF! | F5: =#REF!*VLOOKUP($D5,단가!$B:$E,4,0) -> #REF! | G5: =#REF!*VLOOKUP($D5,단가!$B:$E,4,0) -> #REF! | H5: =#REF!*VLOOKUP($D5,단가!$B:$E,4,0) -> #REF! | I5: =#REF!*VLOOKUP($D5,단가!$B:$E,4,0) -> #REF! | J5: =#REF!*VLOOKUP($D5,단가!$B:$E,4,0) -> #REF! | K5: =#REF!*VLOOKUP($D5,단가!$B:$E,4,0) -> #REF! | L5: =#REF!*VLOOKUP($D5,단가!$B:$E,4,0) -> #REF! | ... W5: =#REF!*VLOOKUP($D5,단가!$B:$E,4,0) -> #REF!
C6: 3 | D6: 676369 | E6: =#REF!*VLOOKUP($D6,단가!$B:$E,4,0) -> #REF! | F6: =#REF!*VLOOKUP($D6,단가!$B:$E,4,0) -> #REF! | G6: =#REF!*VLOOKUP($D6,단가!$B:$E,4,0) -> #REF! | H6: =#REF!*VLOOKUP($D6,단가!$B:$E,4,0) -> #REF! | I6: =#REF!*VLOOKUP($D6,단가!$B:$E,4,0) -> #REF! | J6: =#REF!*VLOOKUP($D6,단가!$B:$E,4,0) -> #REF! | K6: =#REF!*VLOOKUP($D6,단가!$B:$E,4,0) -> #REF! | L6: =#REF!*VLOOKUP($D6,단가!$B:$E,4,0) -> #REF! | ... W6: =#REF!*VLOOKUP($D6,단가!$B:$E,4,0) -> #REF!
B7: PF | C7: 1 | D7: 677211 | E7: =#REF!*VLOOKUP($D7,단가!$B:$E,4,0) -> #REF! | F7: =#REF!*VLOOKUP($D7,단가!$B:$E,4,0) -> #REF! | G7: =#REF!*VLOOKUP($D7,단가!$B:$E,4,0) -> #REF! | H7: =#REF!*VLOOKUP($D7,단가!$B:$E,4,0) -> #REF! | I7: =#REF!*VLOOKUP($D7,단가!$B:$E,4,0) -> #REF! | J7: =#REF!*VLOOKUP($D7,단가!$B:$E,4,0) -> #REF! | K7: =#REF!*VLOOKUP($D7,단가!$B:$E,4,0) -> #REF! | L7: =#REF!*VLOOKUP($D7,단가!$B:$E,4,0) -> #REF! | ... W7: =#REF!*VLOOKUP($D7,단가!$B:$E,4,0) -> #REF!
C8: 2 | D8: 677200 | E8: =#REF!*VLOOKUP($D8,단가!$B:$E,4,0) -> #REF! | F8: =#REF!*VLOOKUP($D8,단가!$B:$E,4,0) -> #REF! | G8: =#REF!*VLOOKUP($D8,단가!$B:$E,4,0) -> #REF! | H8: =#REF!*VLOOKUP($D8,단가!$B:$E,4,0) -> #REF! | I8: =#REF!*VLOOKUP($D8,단가!$B:$E,4,0) -> #REF! | J8: =#REF!*VLOOKUP($D8,단가!$B:$E,4,0) -> #REF! | K8: =#REF!*VLOOKUP($D8,단가!$B:$E,4,0) -> #REF! | L8: =#REF!*VLOOKUP($D8,단가!$B:$E,4,0) -> #REF! | ... W8: =#REF!*VLOOKUP($D8,단가!$B:$E,4,0) -> #REF!
C9: 3 | D9: 677281 | E9: =#REF!*VLOOKUP($D9,단가!$B:$E,4,0) -> #REF! | F9: =#REF!*VLOOKUP($D9,단가!$B:$E,4,0) -> #REF! | G9: =#REF!*VLOOKUP($D9,단가!$B:$E,4,0) -> #REF! | H9: =#REF!*VLOOKUP($D9,단가!$B:$E,4,0) -> #REF! | I9: =#REF!*VLOOKUP($D9,단가!$B:$E,4,0) -> #REF! | J9: =#REF!*VLOOKUP($D9,단가!$B:$E,4,0) -> #REF! | K9: =#REF!*VLOOKUP($D9,단가!$B:$E,4,0) -> #REF! | L9: =#REF!*VLOOKUP($D9,단가!$B:$E,4,0) -> #REF! | ... W9: =#REF!*VLOOKUP($D9,단가!$B:$E,4,0) -> #REF!
B10: Fortimel | C10: VANILLA | D10: 560277
B11: Total | E11: =SUM(E4:E10) -> #REF! | F11: =SUM(F4:F10) -> #REF! | G11: =SUM(G4:G10) -> #REF! | H11: =SUM(H4:H10) -> #REF! | I11: =SUM(I4:I10) -> #REF! | J11: =SUM(J4:J10) -> #REF! | K11: =SUM(K4:K10) -> #REF! | L11: =SUM(L4:L10) -> #REF! | ... W11: =SUM(W4:W10) -> #REF!
B13: ※ Aptamil D2C Jikgu Stock Overview
D14: CORPORATE CODE | E14: Sep. | F14: Oct. | G14: Nov. | H14: Dec. | I14: Dec. | J14: Jan. | K14: Feb. | L14: Mar. | M14: Apr. | N14: May. | O14: July. | P14: Aug. | Q14: Sep. | R14: Oct. | S14: Nov. | T14: Dec. | U14: Jan. | V14: Feb. | W14: Mar.
B15: PN | C15: Pre | D15: 673676 | E15: =#REF!*VLOOKUP($D15,단가!$B:$E,4,0) -> #REF! | F15: =#REF!*VLOOKUP($D15,단가!$B:$E,4,0) -> #REF! | G15: =#REF!*VLOOKUP($D15,단가!$B:$E,4,0) -> #REF! | H15: =#REF!*VLOOKUP($D15,단가!$B:$E,4,0) -> #REF! | I15: =#REF!*VLOOKUP($D15,단가!$B:$E,4,0) -> #REF! | J15: =#REF!*VLOOKUP($D15,단가!$B:$E,4,0) -> #REF! | K15: =#REF!*VLOOKUP($D15,단가!$B:$E,4,0) -> #REF! | L15: =#REF!*VLOOKUP($D15,단가!$B:$E,4,0) -> #REF! | ... W15: =#REF!*VLOOKUP($D15,단가!$B:$E,4,0) -> #REF!
C16: 1 | D16: 673674 | E16: =#REF!*VLOOKUP($D16,단가!$B:$E,4,0) -> #REF! | F16: =#REF!*VLOOKUP($D16,단가!$B:$E,4,0) -> #REF! | G16: =#REF!*VLOOKUP($D16,단가!$B:$E,4,0) -> #REF! | H16: =#REF!*VLOOKUP($D16,단가!$B:$E,4,0) -> #REF! | I16: =#REF!*VLOOKUP($D16,단가!$B:$E,4,0) -> #REF! | J16: =#REF!*VLOOKUP($D16,단가!$B:$E,4,0) -> #REF! | K16: =#REF!*VLOOKUP($D16,단가!$B:$E,4,0) -> #REF! | L16: =#REF!*VLOOKUP($D16,단가!$B:$E,4,0) -> #REF! | ... W16: =#REF!*VLOOKUP($D16,단가!$B:$E,4,0) -> #REF!
C17: 1X1200G | D17: 703819 | E17: =#REF!*VLOOKUP($D17,단가!$B:$E,4,0) -> #REF! | F17: =#REF!*VLOOKUP($D17,단가!$B:$E,4,0) -> #REF! | G17: =#REF!*VLOOKUP($D17,단가!$B:$E,4,0) -> #REF! | H17: =#REF!*VLOOKUP($D17,단가!$B:$E,4,0) -> #REF! | I17: =#REF!*VLOOKUP($D17,단가!$B:$E,4,0) -> #REF! | J17: =#REF!*VLOOKUP($D17,단가!$B:$E,4,0) -> #REF! | K17: =#REF!*VLOOKUP($D17,단가!$B:$E,4,0) -> #REF! | L17: =#REF!*VLOOKUP($D17,단가!$B:$E,4,0) -> #REF! | ... W17: =#REF!*VLOOKUP($D17,단가!$B:$E,4,0) -> #REF!
C18: TAB IF | D18: 704052 | E18: =#REF!*VLOOKUP($D18,단가!$B:$E,4,0) -> #REF! | F18: =#REF!*VLOOKUP($D18,단가!$B:$E,4,0) -> #REF! | G18: =#REF!*VLOOKUP($D18,단가!$B:$E,4,0) -> #REF! | H18: =#REF!*VLOOKUP($D18,단가!$B:$E,4,0) -> #REF! | I18: =#REF!*VLOOKUP($D18,단가!$B:$E,4,0) -> #REF! | J18: =#REF!*VLOOKUP($D18,단가!$B:$E,4,0) -> #REF! | K18: =#REF!*VLOOKUP($D18,단가!$B:$E,4,0) -> #REF! | L18: =#REF!*VLOOKUP($D18,단가!$B:$E,4,0) -> #REF! | ... W18: =#REF!*VLOOKUP($D18,단가!$B:$E,4,0) -> #REF!
C19: 2 | D19: 673672 | E19: =#REF!*VLOOKUP($D19,단가!$B:$E,4,0) -> #REF! | F19: =#REF!*VLOOKUP($D19,단가!$B:$E,4,0) -> #REF! | G19: =#REF!*VLOOKUP($D19,단가!$B:$E,4,0) -> #REF! | H19: =#REF!*VLOOKUP($D19,단가!$B:$E,4,0) -> #REF! | I19: =#REF!*VLOOKUP($D19,단가!$B:$E,4,0) -> #REF! | J19: =#REF!*VLOOKUP($D19,단가!$B:$E,4,0) -> #REF! | K19: =#REF!*VLOOKUP($D19,단가!$B:$E,4,0) -> #REF! | L19: =#REF!*VLOOKUP($D19,단가!$B:$E,4,0) -> #REF! | ... W19: =#REF!*VLOOKUP($D19,단가!$B:$E,4,0) -> #REF!
C20: 2X1200G | D20: 703818 | E20: =#REF!*VLOOKUP($D20,단가!$B:$E,4,0) -> #REF! | F20: =#REF!*VLOOKUP($D20,단가!$B:$E,4,0) -> #REF! | G20: =#REF!*VLOOKUP($D20,단가!$B:$E,4,0) -> #REF! | H20: =#REF!*VLOOKUP($D20,단가!$B:$E,4,0) -> #REF! | I20: =#REF!*VLOOKUP($D20,단가!$B:$E,4,0) -> #REF! | J20: =#REF!*VLOOKUP($D20,단가!$B:$E,4,0) -> #REF! | K20: =#REF!*VLOOKUP($D20,단가!$B:$E,4,0) -> #REF! | L20: =#REF!*VLOOKUP($D20,단가!$B:$E,4,0) -> #REF! | ... W20: =#REF!*VLOOKUP($D20,단가!$B:$E,4,0) -> #REF!
C21: TAB FO | D21: 704054 | E21: =#REF!*VLOOKUP($D21,단가!$B:$E,4,0) -> #REF! | F21: =#REF!*VLOOKUP($D21,단가!$B:$E,4,0) -> #REF! | G21: =#REF!*VLOOKUP($D21,단가!$B:$E,4,0) -> #REF! | H21: =#REF!*VLOOKUP($D21,단가!$B:$E,4,0) -> #REF! | I21: =#REF!*VLOOKUP($D21,단가!$B:$E,4,0) -> #REF! | J21: =#REF!*VLOOKUP($D21,단가!$B:$E,4,0) -> #REF! | K21: =#REF!*VLOOKUP($D21,단가!$B:$E,4,0) -> #REF! | L21: =#REF!*VLOOKUP($D21,단가!$B:$E,4,0) -> #REF! | ... W21: =#REF!*VLOOKUP($D21,단가!$B:$E,4,0) -> #REF!
C22: 3 | D22: 673641 | E22: =#REF!*VLOOKUP($D22,단가!$B:$E,4,0) -> #REF! | F22: =#REF!*VLOOKUP($D22,단가!$B:$E,4,0) -> #REF! | G22: =#REF!*VLOOKUP($D22,단가!$B:$E,4,0) -> #REF! | H22: =#REF!*VLOOKUP($D22,단가!$B:$E,4,0) -> #REF! | I22: =#REF!*VLOOKUP($D22,단가!$B:$E,4,0) -> #REF! | J22: =#REF!*VLOOKUP($D22,단가!$B:$E,4,0) -> #REF! | K22: =#REF!*VLOOKUP($D22,단가!$B:$E,4,0) -> #REF! | L22: =#REF!*VLOOKUP($D22,단가!$B:$E,4,0) -> #REF! | ... W22: =#REF!*VLOOKUP($D22,단가!$B:$E,4,0) -> #REF!
B23: PF | C23: Pre | D23: 677044 | E23: =#REF!*VLOOKUP($D23,단가!$B:$E,4,0) -> #REF! | F23: =#REF!*VLOOKUP($D23,단가!$B:$E,4,0) -> #REF! | G23: =#REF!*VLOOKUP($D23,단가!$B:$E,4,0) -> #REF! | H23: =#REF!*VLOOKUP($D23,단가!$B:$E,4,0) -> #REF! | I23: =#REF!*VLOOKUP($D23,단가!$B:$E,4,0) -> #REF! | J23: =#REF!*VLOOKUP($D23,단가!$B:$E,4,0) -> #REF! | K23: =#REF!*VLOOKUP($D23,단가!$B:$E,4,0) -> #REF! | L23: =#REF!*VLOOKUP($D23,단가!$B:$E,4,0) -> #REF! | ... W23: =#REF!*VLOOKUP($D23,단가!$B:$E,4,0) -> #REF!
C24: 1 | D24: 677045 | E24: =#REF!*VLOOKUP($D24,단가!$B:$E,4,0) -> #REF! | F24: =#REF!*VLOOKUP($D24,단가!$B:$E,4,0) -> #REF! | G24: =#REF!*VLOOKUP($D24,단가!$B:$E,4,0) -> #REF! | H24: =#REF!*VLOOKUP($D24,단가!$B:$E,4,0) -> #REF! | I24: =#REF!*VLOOKUP($D24,단가!$B:$E,4,0) -> #REF! | J24: =#REF!*VLOOKUP($D24,단가!$B:$E,4,0) -> #REF! | K24: =#REF!*VLOOKUP($D24,단가!$B:$E,4,0) -> #REF! | L24: =#REF!*VLOOKUP($D24,단가!$B:$E,4,0) -> #REF! | ... W24: =#REF!*VLOOKUP($D24,단가!$B:$E,4,0) -> #REF!
C25: 2 | D25: 677047 | E25: =#REF!*VLOOKUP($D25,단가!$B:$E,4,0) -> #REF! | F25: =#REF!*VLOOKUP($D25,단가!$B:$E,4,0) -> #REF! | G25: =#REF!*VLOOKUP($D25,단가!$B:$E,4,0) -> #REF! | H25: =#REF!*VLOOKUP($D25,단가!$B:$E,4,0) -> #REF! | I25: =#REF!*VLOOKUP($D25,단가!$B:$E,4,0) -> #REF! | J25: =#REF!*VLOOKUP($D25,단가!$B:$E,4,0) -> #REF! | K25: =#REF!*VLOOKUP($D25,단가!$B:$E,4,0) -> #REF! | L25: =#REF!*VLOOKUP($D25,단가!$B:$E,4,0) -> #REF! | ... W25: =#REF!*VLOOKUP($D25,단가!$B:$E,4,0) -> #REF!
C26: Kinder 1+ | D26: 698408 | E26: =#REF!*VLOOKUP($D26,단가!$B:$E,4,0) -> #REF! | F26: =#REF!*VLOOKUP($D26,단가!$B:$E,4,0) -> #REF! | G26: =#REF!*VLOOKUP($D26,단가!$B:$E,4,0) -> #REF! | H26: =#REF!*VLOOKUP($D26,단가!$B:$E,4,0) -> #REF! | I26: =#REF!*VLOOKUP($D26,단가!$B:$E,4,0) -> #REF! | J26: =#REF!*VLOOKUP($D26,단가!$B:$E,4,0) -> #REF! | K26: =#REF!*VLOOKUP($D26,단가!$B:$E,4,0) -> #REF! | L26: =#REF!*VLOOKUP($D26,단가!$B:$E,4,0) -> #REF! | ... W26: =#REF!*VLOOKUP($D26,단가!$B:$E,4,0) -> #REF!
C27: Kinder 2+ | D27: 698409 | E27: =#REF!*VLOOKUP($D27,단가!$B:$E,4,0) -> #REF! | F27: =#REF!*VLOOKUP($D27,단가!$B:$E,4,0) -> #REF! | G27: =#REF!*VLOOKUP($D27,단가!$B:$E,4,0) -> #REF! | H27: =#REF!*VLOOKUP($D27,단가!$B:$E,4,0) -> #REF! | I27: =#REF!*VLOOKUP($D27,단가!$B:$E,4,0) -> #REF! | J27: =#REF!*VLOOKUP($D27,단가!$B:$E,4,0) -> #REF! | K27: =#REF!*VLOOKUP($D27,단가!$B:$E,4,0) -> #REF! | L27: =#REF!*VLOOKUP($D27,단가!$B:$E,4,0) -> #REF! | ... W27: =#REF!*VLOOKUP($D27,단가!$B:$E,4,0) -> #REF!
B28: SF | C28: AR | D28: 653156 | E28: =#REF!*VLOOKUP($D28,단가!$B:$E,4,0) -> #REF! | F28: =#REF!*VLOOKUP($D28,단가!$B:$E,4,0) -> #REF! | G28: =#REF!*VLOOKUP($D28,단가!$B:$E,4,0) -> #REF! | H28: =#REF!*VLOOKUP($D28,단가!$B:$E,4,0) -> #REF! | I28: =#REF!*VLOOKUP($D28,단가!$B:$E,4,0) -> #REF! | J28: =#REF!*VLOOKUP($D28,단가!$B:$E,4,0) -> #REF! | K28: =#REF!*VLOOKUP($D28,단가!$B:$E,4,0) -> #REF! | L28: =#REF!*VLOOKUP($D28,단가!$B:$E,4,0) -> #REF! | ... W28: =#REF!*VLOOKUP($D28,단가!$B:$E,4,0) -> #REF!
C29: Comfort | D29: 653299 | E29: =#REF!*VLOOKUP($D29,단가!$B:$E,4,0) -> #REF! | F29: =#REF!*VLOOKUP($D29,단가!$B:$E,4,0) -> #REF! | G29: =#REF!*VLOOKUP($D29,단가!$B:$E,4,0) -> #REF! | H29: =#REF!*VLOOKUP($D29,단가!$B:$E,4,0) -> #REF! | I29: =#REF!*VLOOKUP($D29,단가!$B:$E,4,0) -> #REF! | J29: =#REF!*VLOOKUP($D29,단가!$B:$E,4,0) -> #REF! | K29: =#REF!*VLOOKUP($D29,단가!$B:$E,4,0) -> #REF! | L29: =#REF!*VLOOKUP($D29,단가!$B:$E,4,0) -> #REF! | ... W29: =#REF!*VLOOKUP($D29,단가!$B:$E,4,0) -> #REF!
B30: Fortimel | C30: Protein Mocha | D30: 663243 | E30: =#REF!*VLOOKUP($D30,단가!$B:$E,4,0) -> #REF! | F30: =#REF!*VLOOKUP($D30,단가!$B:$E,4,0) -> #REF! | G30: =#REF!*VLOOKUP($D30,단가!$B:$E,4,0) -> #REF! | H30: =#REF!*VLOOKUP($D30,단가!$B:$E,4,0) -> #REF! | I30: =#REF!*VLOOKUP($D30,단가!$B:$E,4,0) -> #REF! | J30: =#REF!*VLOOKUP($D30,단가!$B:$E,4,0) -> #REF! | K30: =#REF!*VLOOKUP($D30,단가!$B:$E,4,0) -> #REF! | L30: =#REF!*VLOOKUP($D30,단가!$B:$E,4,0) -> #REF! | ... W30: =#REF!*VLOOKUP($D30,단가!$B:$E,4,0) -> #REF!
C31: Protein Neu | D31: 672129 | E31: =#REF!*VLOOKUP($D31,단가!$B:$E,4,0) -> #REF! | F31: =#REF!*VLOOKUP($D31,단가!$B:$E,4,0) -> #REF! | G31: =#REF!*VLOOKUP($D31,단가!$B:$E,4,0) -> #REF! | H31: =#REF!*VLOOKUP($D31,단가!$B:$E,4,0) -> #REF! | I31: =#REF!*VLOOKUP($D31,단가!$B:$E,4,0) -> #REF! | J31: =#REF!*VLOOKUP($D31,단가!$B:$E,4,0) -> #REF! | K31: =#REF!*VLOOKUP($D31,단가!$B:$E,4,0) -> #REF! | L31: =#REF!*VLOOKUP($D31,단가!$B:$E,4,0) -> #REF! | ... W31: =#REF!*VLOOKUP($D31,단가!$B:$E,4,0) -> #REF!
C32: REDFRUITS | D32: 672127 | E32: =#REF!*VLOOKUP($D32,단가!$B:$E,4,0) -> #REF! | F32: =#REF!*VLOOKUP($D32,단가!$B:$E,4,0) -> #REF! | G32: =#REF!*VLOOKUP($D32,단가!$B:$E,4,0) -> #REF! | H32: =#REF!*VLOOKUP($D32,단가!$B:$E,4,0) -> #REF! | I32: =#REF!*VLOOKUP($D32,단가!$B:$E,4,0) -> #REF! | J32: =#REF!*VLOOKUP($D32,단가!$B:$E,4,0) -> #REF! | K32: =#REF!*VLOOKUP($D32,단가!$B:$E,4,0) -> #REF! | L32: =#REF!*VLOOKUP($D32,단가!$B:$E,4,0) -> #REF! | ... W32: =#REF!*VLOOKUP($D32,단가!$B:$E,4,0) -> #REF!
C33: GINGER | D33: 671574 | E33: =#REF!*VLOOKUP($D33,단가!$B:$E,4,0) -> #REF! | F33: =#REF!*VLOOKUP($D33,단가!$B:$E,4,0) -> #REF! | G33: =#REF!*VLOOKUP($D33,단가!$B:$E,4,0) -> #REF! | H33: =#REF!*VLOOKUP($D33,단가!$B:$E,4,0) -> #REF! | I33: =#REF!*VLOOKUP($D33,단가!$B:$E,4,0) -> #REF! | J33: =#REF!*VLOOKUP($D33,단가!$B:$E,4,0) -> #REF! | K33: =#REF!*VLOOKUP($D33,단가!$B:$E,4,0) -> #REF! | L33: =#REF!*VLOOKUP($D33,단가!$B:$E,4,0) -> #REF! | ... W33: =#REF!*VLOOKUP($D33,단가!$B:$E,4,0) -> #REF!
B34: Total | E34: =SUM(E15:E33) -> #REF! | F34: =SUM(F15:F33) -> #REF! | G34: =SUM(G15:G33) -> #REF! | H34: =SUM(H15:H33) -> #REF! | I34: =SUM(I15:I33) -> #REF! | J34: =SUM(J15:J33) -> #REF! | K34: =SUM(K15:K33) -> #REF! | L34: =SUM(L15:L33) -> #REF! | ... W34: =SUM(W15:W33) -> #REF!
B38: ※ Medical Stock Overview | H38: ~ 2025 | I38: 2026 ~
D39: CORPORATE CODE | E39: Sep. | F39: Oct. | G39: Nov. | H39: Dec. | I39: Jan. | J39: Feb. | K39: Mar. | L39: Apr. | M39: May. | N39: Jun. | O39: July. | P39: Aug. | Q39: Sept. | R39: Oct. | S39: Nov. | T39: Dec. | U39: Jan. | V39: Feb. | W39: Mar.
B40: Duocal | D40: 117547 | H40: =Medical!D5*VLOOKUP($D40,단가!$B:$E,4,0) -> 746.85484 | I40: =Medical!E5*VLOOKUP($D40,단가!$B:$E,4,0) -> 1680 | J40: =Medical!F5*VLOOKUP($D40,단가!$B:$E,4,0) -> 5670 | K40: =Medical!G5*VLOOKUP($D40,단가!$B:$E,4,0) -> 5670 | L40: =Medical!H5*VLOOKUP($D40,단가!$B:$E,4,0) -> 6300 | M40: =Medical!I5*VLOOKUP($D40,단가!$B:$E,4,0) -> 3465 | N40: =Medical!J5*VLOOKUP($D40,단가!$B:$E,4,0) -> 0
B41: Elemental Orange | D41: 552897 | H41: =Medical!D6*VLOOKUP(D41,단가!$B:$E,4,0) -> 50229.9 | I41: =Medical!E6*VLOOKUP($D41,단가!$B:$E,4,0) -> 0 | J41: =Medical!F6*VLOOKUP($D41,단가!$B:$E,4,0) -> 0 | K41: =Medical!G6*VLOOKUP($D41,단가!$B:$E,4,0) -> 0 | L41: =Medical!H6*VLOOKUP($D41,단가!$B:$E,4,0) -> 0 | M41: =Medical!I6*VLOOKUP($D41,단가!$B:$E,4,0) -> 0 | N41: =Medical!J6*VLOOKUP($D41,단가!$B:$E,4,0) -> 0
B42: PK AID | D42: 117771 | H42: =Medical!D7*VLOOKUP(D42,단가!$B:$E,4,0) -> 12540 | I42: =Medical!E7*VLOOKUP($D42,단가!$B:$E,4,0) -> 0 | J42: =Medical!F7*VLOOKUP($D42,단가!$B:$E,4,0) -> 3420 | K42: =Medical!G7*VLOOKUP($D42,단가!$B:$E,4,0) -> 3420 | L42: =Medical!H7*VLOOKUP($D42,단가!$B:$E,4,0) -> 6840 | M42: =Medical!I7*VLOOKUP($D42,단가!$B:$E,4,0) -> 3420 | N42: =Medical!J7*VLOOKUP($D42,단가!$B:$E,4,0) -> 0
B43: TYR Anamix | D43: 646546 | H43: =Medical!D8*VLOOKUP(D43,단가!$B:$E,4,0) -> 1373.2796 | I43: =Medical!E8*VLOOKUP($D43,단가!$B:$E,4,0) -> 0 | J43: =Medical!F8*VLOOKUP($D43,단가!$B:$E,4,0) -> 3252.6667 | K43: =Medical!G8*VLOOKUP($D43,단가!$B:$E,4,0) -> 0 | L43: =Medical!H8*VLOOKUP($D43,단가!$B:$E,4,0) -> 0 | M43: =Medical!I8*VLOOKUP($D43,단가!$B:$E,4,0) -> 0 | N43: =Medical!J8*VLOOKUP($D43,단가!$B:$E,4,0) -> 0
B44: NKH Anamix | D44: 646567 | H44: =Medical!D9*VLOOKUP(D44,단가!$B:$E,4,0) -> 3185.4194 | I44: =Medical!E9*VLOOKUP($D44,단가!$B:$E,4,0) -> 3536 | J44: =Medical!F9*VLOOKUP($D44,단가!$B:$E,4,0) -> 0 | K44: =Medical!G9*VLOOKUP($D44,단가!$B:$E,4,0) -> 0 | L44: =Medical!H9*VLOOKUP($D44,단가!$B:$E,4,0) -> 0 | M44: =Medical!I9*VLOOKUP($D44,단가!$B:$E,4,0) -> 0 | N44: =Medical!J9*VLOOKUP($D44,단가!$B:$E,4,0) -> 0
B45: Lorenzo Oil | D45: 691217 | H45: =Medical!D10*VLOOKUP(D45,단가!$B:$E,4,0) -> 2050 | I45: =Medical!E10*VLOOKUP($D45,단가!$B:$E,4,0) -> 4920 | J45: =Medical!F10*VLOOKUP($D45,단가!$B:$E,4,0) -> 8610 | K45: =Medical!G10*VLOOKUP($D45,단가!$B:$E,4,0) -> 0 | L45: =Medical!H10*VLOOKUP($D45,단가!$B:$E,4,0) -> 0 | M45: =Medical!I10*VLOOKUP($D45,단가!$B:$E,4,0) -> 8610 | N45: =Medical!J10*VLOOKUP($D45,단가!$B:$E,4,0) -> 0
B46: Infatrini | D46: 611174 | H46: =Medical!D11*VLOOKUP(D46,단가!$B:$E,4,0) -> 64579.2 | I46: =Medical!E11*VLOOKUP($D46,단가!$B:$E,4,0) -> 353548.8 | J46: =Medical!F11*VLOOKUP($D46,단가!$B:$E,4,0) -> 0 | K46: =Medical!G11*VLOOKUP($D46,단가!$B:$E,4,0) -> 0 | L46: =Medical!H11*VLOOKUP($D46,단가!$B:$E,4,0) -> 0 | M46: =Medical!I11*VLOOKUP($D46,단가!$B:$E,4,0) -> 224985.6 | N46: =Medical!J11*VLOOKUP($D46,단가!$B:$E,4,0) -> 0
B47: Neocate LCP | D47: 701775 | H47: =Medical!D12*VLOOKUP(D47,단가!$B:$E,4,0) -> 125549.81 | I47: =Medical!E12*VLOOKUP($D47,단가!$B:$E,4,0) -> 0 | J47: =Medical!F12*VLOOKUP($D47,단가!$B:$E,4,0) -> 138348 | K47: =Medical!G12*VLOOKUP($D47,단가!$B:$E,4,0) -> 79056 | L47: =Medical!H12*VLOOKUP($D47,단가!$B:$E,4,0) -> 0 | M47: =Medical!I12*VLOOKUP($D47,단가!$B:$E,4,0) -> 59292 | N47: =Medical!J12*VLOOKUP($D47,단가!$B:$E,4,0) -> 0
B48: GA1 Anamix Infant | D48: 646548 | H48: =Medical!D13*VLOOKUP(D48,단가!$B:$E,4,0) -> 1526.529 | I48: =Medical!E13*VLOOKUP($D48,단가!$B:$E,4,0) -> 6675.2 | J48: =Medical!F13*VLOOKUP($D48,단가!$B:$E,4,0) -> 0 | K48: =Medical!G13*VLOOKUP($D48,단가!$B:$E,4,0) -> 0 | L48: =Medical!H13*VLOOKUP($D48,단가!$B:$E,4,0) -> 2384 | M48: =Medical!I13*VLOOKUP($D48,단가!$B:$E,4,0) -> 0 | N48: =Medical!J13*VLOOKUP($D48,단가!$B:$E,4,0) -> 0
B49: GA1 Anamix Junior | D49: 589462 | H49: =Medical!D14*VLOOKUP(D49,단가!$B:$E,4,0) -> 6316.8 | I49: =Medical!E14*VLOOKUP($D49,단가!$B:$E,4,0) -> 4300.8 | J49: =Medical!F14*VLOOKUP($D49,단가!$B:$E,4,0) -> 0 | K49: =Medical!G14*VLOOKUP($D49,단가!$B:$E,4,0) -> 2912 | L49: =Medical!H14*VLOOKUP($D49,단가!$B:$E,4,0) -> 2688 | M49: =Medical!I14*VLOOKUP($D49,단가!$B:$E,4,0) -> 0 | N49: =Medical!J14*VLOOKUP($D49,단가!$B:$E,4,0) -> 0
B50: MSUD Anamix Junior | D50: 589466 | H50: =Medical!D15*VLOOKUP(D50,단가!$B:$E,4,0) -> 418.10968 | I50: =Medical!E15*VLOOKUP($D50,단가!$B:$E,4,0) -> 11862.2 | J50: =Medical!F15*VLOOKUP($D50,단가!$B:$E,4,0) -> 0 | K50: =Medical!G15*VLOOKUP($D50,단가!$B:$E,4,0) -> 0 | L50: =Medical!H15*VLOOKUP($D50,단가!$B:$E,4,0) -> 8244 | M50: =Medical!I15*VLOOKUP($D50,단가!$B:$E,4,0) -> 6045.6 | N50: =Medical!J15*VLOOKUP($D50,단가!$B:$E,4,0) -> 0
B51: MSUD Maxamum | D51: 116180 | H51: =Medical!D16*VLOOKUP(D51,단가!$B:$E,4,0) -> 3949.6667 | I51: =Medical!E16*VLOOKUP($D51,단가!$B:$E,4,0) -> 20230 | J51: =Medical!F16*VLOOKUP($D51,단가!$B:$E,4,0) -> 2890 | K51: =Medical!G16*VLOOKUP($D51,단가!$B:$E,4,0) -> 2890 | L51: =Medical!H16*VLOOKUP($D51,단가!$B:$E,4,0) -> 4335 | M51: =Medical!I16*VLOOKUP($D51,단가!$B:$E,4,0) -> 28900 | N51: =Medical!J16*VLOOKUP($D51,단가!$B:$E,4,0) -> 0
B52: Locasol | D52: 695413 | H52: =Medical!D17*VLOOKUP(D52,단가!$B:$E,4,0) -> 1039.7823 | I52: =Medical!E17*VLOOKUP($D52,단가!$B:$E,4,0) -> 9698.5 | J52: =Medical!F17*VLOOKUP($D52,단가!$B:$E,4,0) -> 0 | K52: =Medical!G17*VLOOKUP($D52,단가!$B:$E,4,0) -> 0 | L52: =Medical!H17*VLOOKUP($D52,단가!$B:$E,4,0) -> 4890 | M52: =Medical!I17*VLOOKUP($D52,단가!$B:$E,4,0) -> 0 | N52: =Medical!J17*VLOOKUP($D52,단가!$B:$E,4,0) -> 0
... B55: Elemental 028 Banana | D55: 578785 | H55: =Medical!D20*VLOOKUP(D55,단가!$B:$E,4,0) -> 1351.829 | I55: =Medical!E20*VLOOKUP($D55,단가!$B:$E,4,0) -> 5622.75 | J55: =Medical!F20*VLOOKUP($D55,단가!$B:$E,4,0) -> 0 | K55: =Medical!G20*VLOOKUP($D55,단가!$B:$E,4,0) -> 0 | L55: =Medical!H20*VLOOKUP($D55,단가!$B:$E,4,0) -> 0 | M55: =Medical!I20*VLOOKUP($D55,단가!$B:$E,4,0) -> 0 | N55: =Medical!J20*VLOOKUP($D55,단가!$B:$E,4,0) -> 0
B56: Total | H56: =SUM(H40:H55) -> 282329.49 | I56: =SUM(I40:I55) -> 496325.45 | J56: =SUM(J40:J55) -> 180161.87 | K56: =SUM(K40:K55) -> 93948 | L56: =SUM(L40:L55) -> 38201 | M56: =SUM(M40:M55) -> 370660.6

Sheet 금액(2)
B2: ※ Aptamil Domestic Stock Overview
D3: CORPORATE CODE | E3: Sep. | F3: Oct. | G3: Nov. | H3: Dec. | I3: Jan. | J3: Feb. | K3: Mar. | L3: Apr. | M3: May. | N3: Jun. | O3: July. | P3: Aug. | Q3: Sept. | R3: Oct. | S3: Nov. | T3: Dec. | U3: Jan. | V3: Feb. | W3: Mar.
B4: PN | C4: 1 | D4: 676366 | E4: =#REF!*VLOOKUP($D4,단가!$B:$E,4,0) -> #REF! | F4: =#REF!*VLOOKUP($D4,단가!$B:$E,4,0) -> #REF! | G4: =#REF!*VLOOKUP($D4,단가!$B:$E,4,0) -> #REF! | H4: =#REF!*VLOOKUP($D4,단가!$B:$E,4,0) -> #REF! | I4: =#REF!*VLOOKUP($D4,단가!$B:$E,4,0) -> #REF! | J4: =#REF!*VLOOKUP($D4,단가!$B:$E,4,0) -> #REF! | K4: =#REF!*VLOOKUP($D4,단가!$B:$E,4,0) -> #REF! | L4: =#REF!*VLOOKUP($D4,단가!$B:$E,4,0) -> #REF! | ... W4: =#REF!*VLOOKUP($D4,단가!$B:$E,4,0) -> #REF!
C5: 2 | D5: 676367 | E5: =#REF!*VLOOKUP($D5,단가!$B:$E,4,0) -> #REF! | F5: =#REF!*VLOOKUP($D5,단가!$B:$E,4,0) -> #REF! | G5: =#REF!*VLOOKUP($D5,단가!$B:$E,4,0) -> #REF! | H5: =#REF!*VLOOKUP($D5,단가!$B:$E,4,0) -> #REF! | I5: =#REF!*VLOOKUP($D5,단가!$B:$E,4,0) -> #REF! | J5: =#REF!*VLOOKUP($D5,단가!$B:$E,4,0) -> #REF! | K5: =#REF!*VLOOKUP($D5,단가!$B:$E,4,0) -> #REF! | L5: =#REF!*VLOOKUP($D5,단가!$B:$E,4,0) -> #REF! | ... W5: =#REF!*VLOOKUP($D5,단가!$B:$E,4,0) -> #REF!
C6: 3 | D6: 676369 | E6: =#REF!*VLOOKUP($D6,단가!$B:$E,4,0) -> #REF! | F6: =#REF!*VLOOKUP($D6,단가!$B:$E,4,0) -> #REF! | G6: =#REF!*VLOOKUP($D6,단가!$B:$E,4,0) -> #REF! | H6: =#REF!*VLOOKUP($D6,단가!$B:$E,4,0) -> #REF! | I6: =#REF!*VLOOKUP($D6,단가!$B:$E,4,0) -> #REF! | J6: =#REF!*VLOOKUP($D6,단가!$B:$E,4,0) -> #REF! | K6: =#REF!*VLOOKUP($D6,단가!$B:$E,4,0) -> #REF! | L6: =#REF!*VLOOKUP($D6,단가!$B:$E,4,0) -> #REF! | ... W6: =#REF!*VLOOKUP($D6,단가!$B:$E,4,0) -> #REF!
B7: PF | C7: 1 | D7: 677211 | E7: =#REF!*VLOOKUP($D7,단가!$B:$E,4,0) -> #REF! | F7: =#REF!*VLOOKUP($D7,단가!$B:$E,4,0) -> #REF! | G7: =#REF!*VLOOKUP($D7,단가!$B:$E,4,0) -> #REF! | H7: =#REF!*VLOOKUP($D7,단가!$B:$E,4,0) -> #REF! | I7: =#REF!*VLOOKUP($D7,단가!$B:$E,4,0) -> #REF! | J7: =#REF!*VLOOKUP($D7,단가!$B:$E,4,0) -> #REF! | K7: =#REF!*VLOOKUP($D7,단가!$B:$E,4,0) -> #REF! | L7: =#REF!*VLOOKUP($D7,단가!$B:$E,4,0) -> #REF! | ... W7: =#REF!*VLOOKUP($D7,단가!$B:$E,4,0) -> #REF!
C8: 2 | D8: 677200 | E8: =#REF!*VLOOKUP($D8,단가!$B:$E,4,0) -> #REF! | F8: =#REF!*VLOOKUP($D8,단가!$B:$E,4,0) -> #REF! | G8: =#REF!*VLOOKUP($D8,단가!$B:$E,4,0) -> #REF! | H8: =#REF!*VLOOKUP($D8,단가!$B:$E,4,0) -> #REF! | I8: =#REF!*VLOOKUP($D8,단가!$B:$E,4,0) -> #REF! | J8: =#REF!*VLOOKUP($D8,단가!$B:$E,4,0) -> #REF! | K8: =#REF!*VLOOKUP($D8,단가!$B:$E,4,0) -> #REF! | L8: =#REF!*VLOOKUP($D8,단가!$B:$E,4,0) -> #REF! | ... W8: =#REF!*VLOOKUP($D8,단가!$B:$E,4,0) -> #REF!
C9: 3 | D9: 677281 | E9: =#REF!*VLOOKUP($D9,단가!$B:$E,4,0) -> #REF! | F9: =#REF!*VLOOKUP($D9,단가!$B:$E,4,0) -> #REF! | G9: =#REF!*VLOOKUP($D9,단가!$B:$E,4,0) -> #REF! | H9: =#REF!*VLOOKUP($D9,단가!$B:$E,4,0) -> #REF! | I9: =#REF!*VLOOKUP($D9,단가!$B:$E,4,0) -> #REF! | J9: =#REF!*VLOOKUP($D9,단가!$B:$E,4,0) -> #REF! | K9: =#REF!*VLOOKUP($D9,단가!$B:$E,4,0) -> #REF! | L9: =#REF!*VLOOKUP($D9,단가!$B:$E,4,0) -> #REF! | ... W9: =#REF!*VLOOKUP($D9,단가!$B:$E,4,0) -> #REF!
B10: Fortimel | C10: VANILLA | D10: 560277
B11: Total | E11: =SUM(E4:E10) -> #REF! | F11: =SUM(F4:F10) -> #REF! | G11: =SUM(G4:G10) -> #REF! | H11: =SUM(H4:H10) -> #REF! | I11: =SUM(I4:I10) -> #REF! | J11: =SUM(J4:J10) -> #REF! | K11: =SUM(K4:K10) -> #REF! | L11: =SUM(L4:L10) -> #REF! | ... W11: =SUM(W4:W10) -> #REF!
B13: ※ Aptamil D2C Jikgu Stock Overview
D14: CORPORATE CODE | E14: Sep. | F14: Oct. | G14: Nov. | H14: Dec. | I14: Dec. | J14: Jan. | K14: Feb. | L14: Mar. | M14: Apr. | N14: May. | O14: July. | P14: Aug. | Q14: Sep. | R14: Oct. | S14: Nov. | T14: Dec. | U14: Jan. | V14: Feb. | W14: Mar.
B15: PN | C15: Pre | D15: 673676 | E15: =#REF!*VLOOKUP($D15,단가!$B:$E,4,0) -> #REF! | F15: =#REF!*VLOOKUP($D15,단가!$B:$E,4,0) -> #REF! | G15: =#REF!*VLOOKUP($D15,단가!$B:$E,4,0) -> #REF! | H15: =#REF!*VLOOKUP($D15,단가!$B:$E,4,0) -> #REF! | I15: =#REF!*VLOOKUP($D15,단가!$B:$E,4,0) -> #REF! | J15: =#REF!*VLOOKUP($D15,단가!$B:$E,4,0) -> #REF! | K15: =#REF!*VLOOKUP($D15,단가!$B:$E,4,0) -> #REF! | L15: =#REF!*VLOOKUP($D15,단가!$B:$E,4,0) -> #REF! | ... W15: =#REF!*VLOOKUP($D15,단가!$B:$E,4,0) -> #REF!
C16: 1 | D16: 673674 | E16: =#REF!*VLOOKUP($D16,단가!$B:$E,4,0) -> #REF! | F16: =#REF!*VLOOKUP($D16,단가!$B:$E,4,0) -> #REF! | G16: =#REF!*VLOOKUP($D16,단가!$B:$E,4,0) -> #REF! | H16: =#REF!*VLOOKUP($D16,단가!$B:$E,4,0) -> #REF! | I16: =#REF!*VLOOKUP($D16,단가!$B:$E,4,0) -> #REF! | J16: =#REF!*VLOOKUP($D16,단가!$B:$E,4,0) -> #REF! | K16: =#REF!*VLOOKUP($D16,단가!$B:$E,4,0) -> #REF! | L16: =#REF!*VLOOKUP($D16,단가!$B:$E,4,0) -> #REF! | ... W16: =#REF!*VLOOKUP($D16,단가!$B:$E,4,0) -> #REF!
C17: 1X1200G | D17: 703819 | E17: =#REF!*VLOOKUP($D17,단가!$B:$E,4,0) -> #REF! | F17: =#REF!*VLOOKUP($D17,단가!$B:$E,4,0) -> #REF! | G17: =#REF!*VLOOKUP($D17,단가!$B:$E,4,0) -> #REF! | H17: =#REF!*VLOOKUP($D17,단가!$B:$E,4,0) -> #REF! | I17: =#REF!*VLOOKUP($D17,단가!$B:$E,4,0) -> #REF! | J17: =#REF!*VLOOKUP($D17,단가!$B:$E,4,0) -> #REF! | K17: =#REF!*VLOOKUP($D17,단가!$B:$E,4,0) -> #REF! | L17: =#REF!*VLOOKUP($D17,단가!$B:$E,4,0) -> #REF! | ... W17: =#REF!*VLOOKUP($D17,단가!$B:$E,4,0) -> #REF!
C18: TAB IF | D18: 704052 | E18: =#REF!*VLOOKUP($D18,단가!$B:$E,4,0) -> #REF! | F18: =#REF!*VLOOKUP($D18,단가!$B:$E,4,0) -> #REF! | G18: =#REF!*VLOOKUP($D18,단가!$B:$E,4,0) -> #REF! | H18: =#REF!*VLOOKUP($D18,단가!$B:$E,4,0) -> #REF! | I18: =#REF!*VLOOKUP($D18,단가!$B:$E,4,0) -> #REF! | J18: =#REF!*VLOOKUP($D18,단가!$B:$E,4,0) -> #REF! | K18: =#REF!*VLOOKUP($D18,단가!$B:$E,4,0) -> #REF! | L18: =#REF!*VLOOKUP($D18,단가!$B:$E,4,0) -> #REF! | ... W18: =#REF!*VLOOKUP($D18,단가!$B:$E,4,0) -> #REF!
C19: 2 | D19: 673672 | E19: =#REF!*VLOOKUP($D19,단가!$B:$E,4,0) -> #REF! | F19: =#REF!*VLOOKUP($D19,단가!$B:$E,4,0) -> #REF! | G19: =#REF!*VLOOKUP($D19,단가!$B:$E,4,0) -> #REF! | H19: =#REF!*VLOOKUP($D19,단가!$B:$E,4,0) -> #REF! | I19: =#REF!*VLOOKUP($D19,단가!$B:$E,4,0) -> #REF! | J19: =#REF!*VLOOKUP($D19,단가!$B:$E,4,0) -> #REF! | K19: =#REF!*VLOOKUP($D19,단가!$B:$E,4,0) -> #REF! | L19: =#REF!*VLOOKUP($D19,단가!$B:$E,4,0) -> #REF! | ... W19: =#REF!*VLOOKUP($D19,단가!$B:$E,4,0) -> #REF!
C20: 2X1200G | D20: 703818 | E20: =#REF!*VLOOKUP($D20,단가!$B:$E,4,0) -> #REF! | F20: =#REF!*VLOOKUP($D20,단가!$B:$E,4,0) -> #REF! | G20: =#REF!*VLOOKUP($D20,단가!$B:$E,4,0) -> #REF! | H20: =#REF!*VLOOKUP($D20,단가!$B:$E,4,0) -> #REF! | I20: =#REF!*VLOOKUP($D20,단가!$B:$E,4,0) -> #REF! | J20: =#REF!*VLOOKUP($D20,단가!$B:$E,4,0) -> #REF! | K20: =#REF!*VLOOKUP($D20,단가!$B:$E,4,0) -> #REF! | L20: =#REF!*VLOOKUP($D20,단가!$B:$E,4,0) -> #REF! | ... W20: =#REF!*VLOOKUP($D20,단가!$B:$E,4,0) -> #REF!
C21: TAB FO | D21: 704054 | E21: =#REF!*VLOOKUP($D21,단가!$B:$E,4,0) -> #REF! | F21: =#REF!*VLOOKUP($D21,단가!$B:$E,4,0) -> #REF! | G21: =#REF!*VLOOKUP($D21,단가!$B:$E,4,0) -> #REF! | H21: =#REF!*VLOOKUP($D21,단가!$B:$E,4,0) -> #REF! | I21: =#REF!*VLOOKUP($D21,단가!$B:$E,4,0) -> #REF! | J21: =#REF!*VLOOKUP($D21,단가!$B:$E,4,0) -> #REF! | K21: =#REF!*VLOOKUP($D21,단가!$B:$E,4,0) -> #REF! | L21: =#REF!*VLOOKUP($D21,단가!$B:$E,4,0) -> #REF! | ... W21: =#REF!*VLOOKUP($D21,단가!$B:$E,4,0) -> #REF!
C22: 3 | D22: 673641 | E22: =#REF!*VLOOKUP($D22,단가!$B:$E,4,0) -> #REF! | F22: =#REF!*VLOOKUP($D22,단가!$B:$E,4,0) -> #REF! | G22: =#REF!*VLOOKUP($D22,단가!$B:$E,4,0) -> #REF! | H22: =#REF!*VLOOKUP($D22,단가!$B:$E,4,0) -> #REF! | I22: =#REF!*VLOOKUP($D22,단가!$B:$E,4,0) -> #REF! | J22: =#REF!*VLOOKUP($D22,단가!$B:$E,4,0) -> #REF! | K22: =#REF!*VLOOKUP($D22,단가!$B:$E,4,0) -> #REF! | L22: =#REF!*VLOOKUP($D22,단가!$B:$E,4,0) -> #REF! | ... W22: =#REF!*VLOOKUP($D22,단가!$B:$E,4,0) -> #REF!
B23: PF | C23: Pre | D23: 677044 | E23: =#REF!*VLOOKUP($D23,단가!$B:$E,4,0) -> #REF! | F23: =#REF!*VLOOKUP($D23,단가!$B:$E,4,0) -> #REF! | G23: =#REF!*VLOOKUP($D23,단가!$B:$E,4,0) -> #REF! | H23: =#REF!*VLOOKUP($D23,단가!$B:$E,4,0) -> #REF! | I23: =#REF!*VLOOKUP($D23,단가!$B:$E,4,0) -> #REF! | J23: =#REF!*VLOOKUP($D23,단가!$B:$E,4,0) -> #REF! | K23: =#REF!*VLOOKUP($D23,단가!$B:$E,4,0) -> #REF! | L23: =#REF!*VLOOKUP($D23,단가!$B:$E,4,0) -> #REF! | ... W23: =#REF!*VLOOKUP($D23,단가!$B:$E,4,0) -> #REF!
C24: 1 | D24: 677045 | E24: =#REF!*VLOOKUP($D24,단가!$B:$E,4,0) -> #REF! | F24: =#REF!*VLOOKUP($D24,단가!$B:$E,4,0) -> #REF! | G24: =#REF!*VLOOKUP($D24,단가!$B:$E,4,0) -> #REF! | H24: =#REF!*VLOOKUP($D24,단가!$B:$E,4,0) -> #REF! | I24: =#REF!*VLOOKUP($D24,단가!$B:$E,4,0) -> #REF! | J24: =#REF!*VLOOKUP($D24,단가!$B:$E,4,0) -> #REF! | K24: =#REF!*VLOOKUP($D24,단가!$B:$E,4,0) -> #REF! | L24: =#REF!*VLOOKUP($D24,단가!$B:$E,4,0) -> #REF! | ... W24: =#REF!*VLOOKUP($D24,단가!$B:$E,4,0) -> #REF!
C25: 2 | D25: 677047 | E25: =#REF!*VLOOKUP($D25,단가!$B:$E,4,0) -> #REF! | F25: =#REF!*VLOOKUP($D25,단가!$B:$E,4,0) -> #REF! | G25: =#REF!*VLOOKUP($D25,단가!$B:$E,4,0) -> #REF! | H25: =#REF!*VLOOKUP($D25,단가!$B:$E,4,0) -> #REF! | I25: =#REF!*VLOOKUP($D25,단가!$B:$E,4,0) -> #REF! | J25: =#REF!*VLOOKUP($D25,단가!$B:$E,4,0) -> #REF! | K25: =#REF!*VLOOKUP($D25,단가!$B:$E,4,0) -> #REF! | L25: =#REF!*VLOOKUP($D25,단가!$B:$E,4,0) -> #REF! | ... W25: =#REF!*VLOOKUP($D25,단가!$B:$E,4,0) -> #REF!
C26: Kinder 1+ | D26: 698408 | E26: =#REF!*VLOOKUP($D26,단가!$B:$E,4,0) -> #REF! | F26: =#REF!*VLOOKUP($D26,단가!$B:$E,4,0) -> #REF! | G26: =#REF!*VLOOKUP($D26,단가!$B:$E,4,0) -> #REF! | H26: =#REF!*VLOOKUP($D26,단가!$B:$E,4,0) -> #REF! | I26: =#REF!*VLOOKUP($D26,단가!$B:$E,4,0) -> #REF! | J26: =#REF!*VLOOKUP($D26,단가!$B:$E,4,0) -> #REF! | K26: =#REF!*VLOOKUP($D26,단가!$B:$E,4,0) -> #REF! | L26: =#REF!*VLOOKUP($D26,단가!$B:$E,4,0) -> #REF! | ... W26: =#REF!*VLOOKUP($D26,단가!$B:$E,4,0) -> #REF!
C27: Kinder 2+ | D27: 698409 | E27: =#REF!*VLOOKUP($D27,단가!$B:$E,4,0) -> #REF! | F27: =#REF!*VLOOKUP($D27,단가!$B:$E,4,0) -> #REF! | G27: =#REF!*VLOOKUP($D27,단가!$B:$E,4,0) -> #REF! | H27: =#REF!*VLOOKUP($D27,단가!$B:$E,4,0) -> #REF! | I27: =#REF!*VLOOKUP($D27,단가!$B:$E,4,0) -> #REF! | J27: =#REF!*VLOOKUP($D27,단가!$B:$E,4,0) -> #REF! | K27: =#REF!*VLOOKUP($D27,단가!$B:$E,4,0) -> #REF! | L27: =#REF!*VLOOKUP($D27,단가!$B:$E,4,0) -> #REF! | ... W27: =#REF!*VLOOKUP($D27,단가!$B:$E,4,0) -> #REF!
B28: SF | C28: AR | D28: 653156 | E28: =#REF!*VLOOKUP($D28,단가!$B:$E,4,0) -> #REF! | F28: =#REF!*VLOOKUP($D28,단가!$B:$E,4,0) -> #REF! | G28: =#REF!*VLOOKUP($D28,단가!$B:$E,4,0) -> #REF! | H28: =#REF!*VLOOKUP($D28,단가!$B:$E,4,0) -> #REF! | I28: =#REF!*VLOOKUP($D28,단가!$B:$E,4,0) -> #REF! | J28: =#REF!*VLOOKUP($D28,단가!$B:$E,4,0) -> #REF! | K28: =#REF!*VLOOKUP($D28,단가!$B:$E,4,0) -> #REF! | L28: =#REF!*VLOOKUP($D28,단가!$B:$E,4,0) -> #REF! | ... W28: =#REF!*VLOOKUP($D28,단가!$B:$E,4,0) -> #REF!
C29: Comfort | D29: 653299 | E29: =#REF!*VLOOKUP($D29,단가!$B:$E,4,0) -> #REF! | F29: =#REF!*VLOOKUP($D29,단가!$B:$E,4,0) -> #REF! | G29: =#REF!*VLOOKUP($D29,단가!$B:$E,4,0) -> #REF! | H29: =#REF!*VLOOKUP($D29,단가!$B:$E,4,0) -> #REF! | I29: =#REF!*VLOOKUP($D29,단가!$B:$E,4,0) -> #REF! | J29: =#REF!*VLOOKUP($D29,단가!$B:$E,4,0) -> #REF! | K29: =#REF!*VLOOKUP($D29,단가!$B:$E,4,0) -> #REF! | L29: =#REF!*VLOOKUP($D29,단가!$B:$E,4,0) -> #REF! | ... W29: =#REF!*VLOOKUP($D29,단가!$B:$E,4,0) -> #REF!
B30: Fortimel | C30: Protein Mocha | D30: 663243 | E30: =#REF!*VLOOKUP($D30,단가!$B:$E,4,0) -> #REF! | F30: =#REF!*VLOOKUP($D30,단가!$B:$E,4,0) -> #REF! | G30: =#REF!*VLOOKUP($D30,단가!$B:$E,4,0) -> #REF! | H30: =#REF!*VLOOKUP($D30,단가!$B:$E,4,0) -> #REF! | I30: =#REF!*VLOOKUP($D30,단가!$B:$E,4,0) -> #REF! | J30: =#REF!*VLOOKUP($D30,단가!$B:$E,4,0) -> #REF! | K30: =#REF!*VLOOKUP($D30,단가!$B:$E,4,0) -> #REF! | L30: =#REF!*VLOOKUP($D30,단가!$B:$E,4,0) -> #REF! | ... W30: =#REF!*VLOOKUP($D30,단가!$B:$E,4,0) -> #REF!
C31: Protein Neu | D31: 672129 | E31: =#REF!*VLOOKUP($D31,단가!$B:$E,4,0) -> #REF! | F31: =#REF!*VLOOKUP($D31,단가!$B:$E,4,0) -> #REF! | G31: =#REF!*VLOOKUP($D31,단가!$B:$E,4,0) -> #REF! | H31: =#REF!*VLOOKUP($D31,단가!$B:$E,4,0) -> #REF! | I31: =#REF!*VLOOKUP($D31,단가!$B:$E,4,0) -> #REF! | J31: =#REF!*VLOOKUP($D31,단가!$B:$E,4,0) -> #REF! | K31: =#REF!*VLOOKUP($D31,단가!$B:$E,4,0) -> #REF! | L31: =#REF!*VLOOKUP($D31,단가!$B:$E,4,0) -> #REF! | ... W31: =#REF!*VLOOKUP($D31,단가!$B:$E,4,0) -> #REF!
C32: REDFRUITS | D32: 672127 | E32: =#REF!*VLOOKUP($D32,단가!$B:$E,4,0) -> #REF! | F32: =#REF!*VLOOKUP($D32,단가!$B:$E,4,0) -> #REF! | G32: =#REF!*VLOOKUP($D32,단가!$B:$E,4,0) -> #REF! | H32: =#REF!*VLOOKUP($D32,단가!$B:$E,4,0) -> #REF! | I32: =#REF!*VLOOKUP($D32,단가!$B:$E,4,0) -> #REF! | J32: =#REF!*VLOOKUP($D32,단가!$B:$E,4,0) -> #REF! | K32: =#REF!*VLOOKUP($D32,단가!$B:$E,4,0) -> #REF! | L32: =#REF!*VLOOKUP($D32,단가!$B:$E,4,0) -> #REF! | ... W32: =#REF!*VLOOKUP($D32,단가!$B:$E,4,0) -> #REF!
C33: GINGER | D33: 671574 | E33: =#REF!*VLOOKUP($D33,단가!$B:$E,4,0) -> #REF! | F33: =#REF!*VLOOKUP($D33,단가!$B:$E,4,0) -> #REF! | G33: =#REF!*VLOOKUP($D33,단가!$B:$E,4,0) -> #REF! | H33: =#REF!*VLOOKUP($D33,단가!$B:$E,4,0) -> #REF! | I33: =#REF!*VLOOKUP($D33,단가!$B:$E,4,0) -> #REF! | J33: =#REF!*VLOOKUP($D33,단가!$B:$E,4,0) -> #REF! | K33: =#REF!*VLOOKUP($D33,단가!$B:$E,4,0) -> #REF! | L33: =#REF!*VLOOKUP($D33,단가!$B:$E,4,0) -> #REF! | ... W33: =#REF!*VLOOKUP($D33,단가!$B:$E,4,0) -> #REF!
B34: Total | E34: =SUM(E15:E33) -> #REF! | F34: =SUM(F15:F33) -> #REF! | G34: =SUM(G15:G33) -> #REF! | H34: =SUM(H15:H33) -> #REF! | I34: =SUM(I15:I33) -> #REF! | J34: =SUM(J15:J33) -> #REF! | K34: =SUM(K15:K33) -> #REF! | L34: =SUM(L15:L33) -> #REF! | ... W34: =SUM(W15:W33) -> #REF!
B38: ※ Medical Stock Overview | H38: ~ 2025 | I38: 2026 ~
D39: CORPORATE CODE | E39: Sep. | F39: Oct. | G39: Nov. | H39: Dec. | I39: Jan. | J39: Feb. | K39: Mar. | L39: Apr. | M39: May. | N39: Jun. | O39: July. | P39: Aug. | Q39: Sept. | R39: Oct. | S39: Nov. | T39: Dec. | U39: Jan. | V39: Feb. | W39: Mar.
B40: Duocal | D40: 117547 | H40: =Medical!D5*VLOOKUP($D40,단가!$B:$E,4,0) -> 746.85484 | I40: =Medical!E5*VLOOKUP($D40,단가!$B:$E,4,0) -> 1680 | J40: =Medical!F5*VLOOKUP($D40,단가!$B:$E,4,0) -> 5670 | K40: =Medical!G5*VLOOKUP($D40,단가!$B:$E,4,0) -> 5670 | L40: =Medical!H5*VLOOKUP($D40,단가!$B:$E,4,0) -> 6300 | M40: ='Medical(2)'!I4*VLOOKUP($D40,단가!$B:$E,4,0) -> 4200
B41: Elemental Orange | D41: 552897 | H41: =Medical!D6*VLOOKUP(D41,단가!$B:$E,4,0) -> 50229.9 | I41: =Medical!E6*VLOOKUP($D41,단가!$B:$E,4,0) -> 0 | J41: =Medical!F6*VLOOKUP($D41,단가!$B:$E,4,0) -> 0 | K41: =Medical!G6*VLOOKUP($D41,단가!$B:$E,4,0) -> 0 | L41: =Medical!H6*VLOOKUP($D41,단가!$B:$E,4,0) -> 0 | M41: ='Medical(2)'!I5*VLOOKUP($D41,단가!$B:$E,4,0) -> 0
B42: PK AID | D42: 117771 | H42: =Medical!D7*VLOOKUP(D42,단가!$B:$E,4,0) -> 12540 | I42: =Medical!E7*VLOOKUP($D42,단가!$B:$E,4,0) -> 0 | J42: =Medical!F7*VLOOKUP($D42,단가!$B:$E,4,0) -> 3420 | K42: =Medical!G7*VLOOKUP($D42,단가!$B:$E,4,0) -> 3420 | L42: =Medical!H7*VLOOKUP($D42,단가!$B:$E,4,0) -> 6840 | M42: ='Medical(2)'!I6*VLOOKUP($D42,단가!$B:$E,4,0) -> 11628
B43: TYR Anamix | D43: 646546 | H43: =Medical!D8*VLOOKUP(D43,단가!$B:$E,4,0) -> 1373.2796 | I43: =Medical!E8*VLOOKUP($D43,단가!$B:$E,4,0) -> 0 | J43: =Medical!F8*VLOOKUP($D43,단가!$B:$E,4,0) -> 3252.6667 | K43: =Medical!G8*VLOOKUP($D43,단가!$B:$E,4,0) -> 0 | L43: =Medical!H8*VLOOKUP($D43,단가!$B:$E,4,0) -> 0 | M43: ='Medical(2)'!I7*VLOOKUP($D43,단가!$B:$E,4,0) -> 7892.5
B44: NKH Anamix | D44: 646567 | H44: =Medical!D9*VLOOKUP(D44,단가!$B:$E,4,0) -> 3185.4194 | I44: =Medical!E9*VLOOKUP($D44,단가!$B:$E,4,0) -> 3536 | J44: =Medical!F9*VLOOKUP($D44,단가!$B:$E,4,0) -> 0 | K44: =Medical!G9*VLOOKUP($D44,단가!$B:$E,4,0) -> 0 | L44: =Medical!H9*VLOOKUP($D44,단가!$B:$E,4,0) -> 0 | M44: ='Medical(2)'!I8*VLOOKUP($D44,단가!$B:$E,4,0) -> 8268
B45: Lorenzo Oil | D45: 691217 | H45: =Medical!D10*VLOOKUP(D45,단가!$B:$E,4,0) -> 2050 | I45: =Medical!E10*VLOOKUP($D45,단가!$B:$E,4,0) -> 4920 | J45: =Medical!F10*VLOOKUP($D45,단가!$B:$E,4,0) -> 8610 | K45: =Medical!G10*VLOOKUP($D45,단가!$B:$E,4,0) -> 0 | L45: =Medical!H10*VLOOKUP($D45,단가!$B:$E,4,0) -> 0 | M45: ='Medical(2)'!I9*VLOOKUP($D45,단가!$B:$E,4,0) -> 8610
B46: Infatrini | D46: 611174 | H46: =Medical!D11*VLOOKUP(D46,단가!$B:$E,4,0) -> 64579.2 | I46: =Medical!E11*VLOOKUP($D46,단가!$B:$E,4,0) -> 353548.8 | J46: =Medical!F11*VLOOKUP($D46,단가!$B:$E,4,0) -> 0 | K46: =Medical!G11*VLOOKUP($D46,단가!$B:$E,4,0) -> 0 | L46: =Medical!H11*VLOOKUP($D46,단가!$B:$E,4,0) -> 0 | M46: ='Medical(2)'!I10*VLOOKUP($D46,단가!$B:$E,4,0) -> 0
B47: Neocate LCP | D47: 701775 | H47: =Medical!D12*VLOOKUP(D47,단가!$B:$E,4,0) -> 125549.81 | I47: =Medical!E12*VLOOKUP($D47,단가!$B:$E,4,0) -> 0 | J47: =Medical!F12*VLOOKUP($D47,단가!$B:$E,4,0) -> 138348 | K47: =Medical!G12*VLOOKUP($D47,단가!$B:$E,4,0) -> 79056 | L47: =Medical!H12*VLOOKUP($D47,단가!$B:$E,4,0) -> 0 | M47: ='Medical(2)'!I11*VLOOKUP($D47,단가!$B:$E,4,0) -> 59292
B48: GA1 Anamix Infant | D48: 646548 | H48: =Medical!D13*VLOOKUP(D48,단가!$B:$E,4,0) -> 1526.529 | I48: =Medical!E13*VLOOKUP($D48,단가!$B:$E,4,0) -> 6675.2 | J48: =Medical!F13*VLOOKUP($D48,단가!$B:$E,4,0) -> 0 | K48: =Medical!G13*VLOOKUP($D48,단가!$B:$E,4,0) -> 0 | L48: =Medical!H13*VLOOKUP($D48,단가!$B:$E,4,0) -> 2384 | M48: ='Medical(2)'!I12*VLOOKUP($D48,단가!$B:$E,4,0) -> 5483.2
B49: GA1 Anamix Junior | D49: 589462 | H49: =Medical!D14*VLOOKUP(D49,단가!$B:$E,4,0) -> 6316.8 | I49: =Medical!E14*VLOOKUP($D49,단가!$B:$E,4,0) -> 4300.8 | J49: =Medical!F14*VLOOKUP($D49,단가!$B:$E,4,0) -> 0 | K49: =Medical!G14*VLOOKUP($D49,단가!$B:$E,4,0) -> 2912 | L49: =Medical!H14*VLOOKUP($D49,단가!$B:$E,4,0) -> 2688 | M49: ='Medical(2)'!I13*VLOOKUP($D49,단가!$B:$E,4,0) -> 5913.6
B50: MSUD Anamix Junior | D50: 589466 | H50: =Medical!D15*VLOOKUP(D50,단가!$B:$E,4,0) -> 418.10968 | I50: =Medical!E15*VLOOKUP($D50,단가!$B:$E,4,0) -> 11862.2 | J50: =Medical!F15*VLOOKUP($D50,단가!$B:$E,4,0) -> 0 | K50: =Medical!G15*VLOOKUP($D50,단가!$B:$E,4,0) -> 0 | L50: =Medical!H15*VLOOKUP($D50,단가!$B:$E,4,0) -> 8244 | M50: ='Medical(2)'!I14*VLOOKUP($D50,단가!$B:$E,4,0) -> 15114
B51: MSUD Maxamum | D51: 116180 | H51: =Medical!D16*VLOOKUP(D51,단가!$B:$E,4,0) -> 3949.6667 | I51: =Medical!E16*VLOOKUP($D51,단가!$B:$E,4,0) -> 20230 | J51: =Medical!F16*VLOOKUP($D51,단가!$B:$E,4,0) -> 2890 | K51: =Medical!G16*VLOOKUP($D51,단가!$B:$E,4,0) -> 2890 | L51: =Medical!H16*VLOOKUP($D51,단가!$B:$E,4,0) -> 4335 | M51: ='Medical(2)'!I15*VLOOKUP($D51,단가!$B:$E,4,0) -> 35402.5
B52: Locasol | D52: 695413 | H52: =Medical!D17*VLOOKUP(D52,단가!$B:$E,4,0) -> 1039.7823 | I52: =Medical!E17*VLOOKUP($D52,단가!$B:$E,4,0) -> 9698.5 | J52: =Medical!F17*VLOOKUP($D52,단가!$B:$E,4,0) -> 0 | K52: =Medical!G17*VLOOKUP($D52,단가!$B:$E,4,0) -> 0 | L52: =Medical!H17*VLOOKUP($D52,단가!$B:$E,4,0) -> 4890 | M52: ='Medical(2)'!I16*VLOOKUP($D52,단가!$B:$E,4,0) -> 3912
... B55: Elemental 028 Banana | D55: 578785 | H55: =Medical!D20*VLOOKUP(D55,단가!$B:$E,4,0) -> 1351.829 | I55: =Medical!E20*VLOOKUP($D55,단가!$B:$E,4,0) -> 5622.75 | J55: =Medical!F20*VLOOKUP($D55,단가!$B:$E,4,0) -> 0 | K55: =Medical!G20*VLOOKUP($D55,단가!$B:$E,4,0) -> 0 | L55: =Medical!H20*VLOOKUP($D55,단가!$B:$E,4,0) -> 0 | M55: ='Medical(2)'!I19*VLOOKUP($D55,단가!$B:$E,4,0) -> 25321.5
B56: Total | H56: =SUM(H40:H55) -> 282329.49 | I56: =SUM(I40:I55) -> 496325.45 | J56: =SUM(J40:J55) -> 180161.87 | K56: =SUM(K40:K55) -> 93948 | L56: =SUM(L40:L55) -> 38201 | M56: =SUM(M40:M55) -> 244989.3

Sheet 단가
A1: 구분 | B1: 코드 | C1: 품목명 | D1: 박스 금액 | E1: 캔당금액 | F1: 환율 | G1: 박스 금액 | H1: 캔당금액
A2: 내수 | B2: 676366 | C2: APTAMIL 1 KOR 4X800G | D2: 63.18 | E2: =D2/4 -> 15.795 | F2: 1456.78 | G2: =D2*F2 -> 92039.36 | H2: =G2/4 -> 23009.84
A3: 내수 | B3: 676367 | C3: APTAMIL 2 KOR 4X800G | D3: 63.18 | E3: =D3/4 -> 15.795 | F3: 1456.78 | G3: =D3*F3 -> 92039.36 | H3: =G3/4 -> 23009.84
A4: 내수 | B4: 676369 | C4: APTAMIL 3 KOR 4X800G | D4: 63.18 | E4: =D4/4 -> 15.795 | F4: 1456.78 | G4: =D4*F4 -> 92039.36 | H4: =G4/4 -> 23009.84
A5: 내수 | B5: 677211 | C5: APTAMIL PROFUTURA 1 4X800G KOR | D5: 85.32 | E5: =D5/4 -> 21.33 | F5: 1456.78 | G5: =D5*F5 -> 124292.47 | H5: =G5/4 -> 31073.117
A6: 내수 | B6: 677200 | C6: APTAMIL PROFUTURA 2 4X800G KOR | D6: 85.32 | E6: =D6/4 -> 21.33 | F6: 1456.78 | G6: =D6*F6 -> 124292.47 | H6: =G6/4 -> 31073.117
A7: 내수 | B7: 677281 | C7: APTAMIL PROFUTURA 3 4X800G KOR | D7: 85.32 | E7: =D7/4 -> 21.33 | F7: 1456.78 | G7: =D7*F7 -> 124292.47 | H7: =G7/4 -> 31073.117
A8: 내수 | B8: 560277 | C8: FORTIFIT VANILLA 12X280G A | D8: 139.44 | E8: 11.62 | F8: 1456.78 | G8: 203133.4 | H8: 16927.784
A9: 직구 | B9: 673676 | C9: APTAMIL PRE 6X800G CR/SL | D9: =E9*6 -> 88.38 | E9: 14.73 | F9: 1456.78 | G9: =D9*F9 -> 128750.22 | H9: =G9/6 -> 21458.369
A10: 직구 | B10: 673674 | C10: APTAMIL 1 6X800G CR/SL | D10: =E10*6 -> 88.38 | E10: 14.73 | F10: 1456.78 | G10: =D10*F10 -> 128750.22 | H10: =G10/6 -> 21458.369
A11: 직구 | B11: 673672 | C11: APTAMIL 2 6X800G CR/SL | D11: =E11*6 -> 88.38 | E11: 14.73 | F11: 1456.78 | G11: =D11*F11 -> 128750.22 | H11: =G11/6 -> 21458.369
A12: 직구 | B12: 673641 | C12: APTAMIL 3 6X800G CR/SL | D12: =E12*6 -> 88.38 | E12: 14.73 | F12: 1456.78 | G12: =D12*F12 -> 128750.22 | H12: =G12/6 -> 21458.369
A13: 직구 | B13: 677044 | C13: APT PROFUTURA PRE, KOR 4X800G | D13: =E13*4 -> 79.52 | E13: 19.88 | F13: 1456.78 | G13: =D13*F13 -> 115843.15 | H13: =G13/4 -> 28960.786
A14: 직구 | B14: 677045 | C14: APT PROFUTURA 1, KOR 4X800G | D14: =E14*4 -> 79.52 | E14: 19.88 | F14: 1456.78 | G14: =D14*F14 -> 115843.15 | H14: =G14/4 -> 28960.786
A15: 직구 | B15: 677047 | C15: APT PROFUTURA 2, KOR 4X800G | D15: =E15*4 -> 79.52 | E15: 19.88 | F15: 1456.78 | G15: =D15*F15 -> 115843.15 | H15: =G15/4 -> 28960.786
A16: 직구 | B16: 653156 | C16: APTAMIL AR 1 ENG 24X400G | D16: =E16*24 -> 207.36 | E16: 8.64 | F16: 1456.78 | G16: =D16*F16 -> 302077.9 | H16: =G16/24 -> 12586.579
A17: 직구 | B17: 653299 | C17: APTAMIL COMF 1 ESC 24X400GEXPORT | D17: =E17*24 -> 207.36 | E17: 8.64 | F17: 1456.78 | G17: =D17*F17 -> 302077.9 | H17: =G17/24 -> 12586.579
A18: 직구 | B18: 698408 | C18: APTAMIL PF DUO YCF1+, 4X800G KOR | D18: =E18*4 -> 79.52 | E18: 19.88 | F18: 1456.78 | G18: =D18*F18 -> 115843.15 | H18: =G18/4 -> 28960.786
A19: 직구 | B19: 698409 | C19: APTAMIL PF DUO YCF2+, 4X800G KOR | D19: =E19*4 -> 79.52 | E19: 19.88 | F19: 1456.78 | G19: =D19*F19 -> 115843.15 | H19: =G19/4 -> 28960.786
A20: 직구 | B20: 703819 | C20: APTAMIL PRONUTRA 1 3X1200G | D20: =E20*3 -> 59.64 | E20: 19.88 | F20: 1456.78 | G20: =D20*F20 -> 86882.359 | H20: =E20*F20 -> 28960.786
A21: 직구 | B21: 704052 | C21: APT TAB IF 4X(105 X4.6G)IT | D21: =E21*4 -> 58.92 | E21: 14.73 | F21: 1456.78 | G21: =D21*F21 -> 85833.478 | H21: =E21*F21 -> 21458.369
A22: 직구 | B22: 703818 | C22: APTAMIL PRONUTRA 2 3X1200G | D22: =E22*3 -> 59.64 | E22: 19.88 | F22: 1456.78 | G22: =D22*F22 -> 86882.359 | H22: =E22*F22 -> 28960.786
A23: 직구 | B23: 704054 | C23: APT TAB FO NWW 4X(105X4.8G) IT | D23: =E23*4 -> 58.92 | E23: 14.73 | F23: 1456.78 | G23: =D23*F23 -> 85833.478 | H23: =E23*F23 -> 21458.369
A24: 직구 | B24: 663243 | C24: Fortimel Compact Protein Mocha 125 ml | F24: 1456.78 | G24: =D24*F24 -> 0 | H24: =E24*F24 -> 0
A25: 직구 | B25: 672129 | C25: Fortimel Compact Protein Neu 125 ml | F25: 1456.78 | G25: =D25*F25 -> 0 | H25: =E25*F25 -> 0
A26: 직구 | B26: 672127 | C26: FMEL COMP PROT CL REDFRUITS | F26: 1456.78 | G26: =D26*F26 -> 0 | H26: =E26*F26 -> 0
A27: 직구 | B27: 671574 | C27: FMEL COMP PROT HOTTR GINGER | F27: 1456.78 | G27: =D27*F27 -> 0 | H27: =E27*F27 -> 0
A28: 메디컬 | B28: 117547 | C28: Duocal | D28: 105 | E28: 17.5 | F28: 1456.78 | G28: =D28*F28 -> 152961.9 | H28: =E28*F28 -> 25493.65
A29: 메디컬 | B29: 552897 | C29: Elemental Orange | D29: 76.5 | E29: 7.65 | F29: 1456.78 | G29: =D29*F29 -> 111443.67 | H29: =E29*F29 -> 11144.367
A30: 메디컬 | B30: 117771 | C30: PK AID | D30: 171 | E30: 57 | F30: 1456.78 | G30: =D30*F30 -> 249109.38 | H30: =E30*F30 -> 83036.46
A31: 메디컬 | B31: 646546 | C31: TYR Anamix | D31: 143.5 | E31: 47.833333 | F31: 1456.78 | G31: =D31*F31 -> 209047.93 | H31: =E31*F31 -> 69682.643
A32: 메디컬 | B32: 646567 | C32: NKH Anamix | D32: 156 | E32: 52 | F32: 1456.78 | G32: =D32*F32 -> 227257.68 | H32: =E32*F32 -> 75752.56
A33: 메디컬 | B33: 691217 | C33: Lorenzo Oil | D33: 1230 | E33: 102.5 | F33: 1456.78 | G33: =D33*F33 -> 1791839.4 | H33: =E33*F33 -> 149319.95
A34: 메디컬 | B34: 611174 | C34: Infatrini | D34: 223.2 | E34: 18.6 | F34: 1456.78 | G34: =D34*F34 -> 325153.3 | H34: =E34*F34 -> 27096.108
A35: 메디컬 | B35: 701775 | C35: Neocate LCP | D35: 183 | E35: 30.5 | F35: 1456.78 | G35: =D35*F35 -> 266590.74 | H35: =E35*F35 -> 44431.79
A36: 메디컬 | B36: 646548 | C36: GA1 Anamix Infant | D36: 119.2 | E36: 39.733333 | F36: 1456.78 | G36: =D36*F36 -> 173648.18 | H36: =E36*F36 -> 57882.725
A37: 메디컬 | B37: 589462 | C37: GA1 Anamix Junior | D37: 268.8 | E37: 44.8 | F37: 1456.78 | G37: =D37*F37 -> 391582.46 | H37: =E37*F37 -> 65263.744
A38: 메디컬 | B38: 589466 | C38: MSUD Anamix Junior | D38: 274.8 | E38: 45.8 | F38: 1456.78 | G38: =D38*F38 -> 400323.14 | H38: =E38*F38 -> 66720.524
A39: 메디컬 | B39: 116180 | C39: MSUD Maxamum | D39: 144.5 | E39: 48.166667 | F39: 1456.78 | G39: =D39*F39 -> 210504.71 | H39: =E39*F39 -> 70168.237
... A43: 메디컬 | B43: 578785 | C43: Elemental 028 Banana | D43: 76.5 | E43: 7.65 | F43: 1456.78 | G43: =D43*F43 -> 111443.67 | H43: =E43*F43 -> 11144.367

Sheet 유통기한 재고소진(주간)
A1: 내수 기준일 | B1: 45603 | D1: 직구 기준일 | E1: 45595
A2: *내수 | I2: 10/1~10/14 | J2: 10/15~10/28
C3: 유통기한 | D3: 제조 일자 | E3: 재고량 | F3: 잔여일 | G3: 판매가능까지 남은기간 | H3: 주별 소진 필요량 | I3: 이전 판매량 | J3: 전주 판매량 | K3: 추가 증가 필요량 | L3: 폐기 예상 수량
A4: PN | B4: 1 | C4: 45721 | D4: 45173 | E4: 0 | F4: =(C4-$B$1) -> 118 | G4: =(C4-$B$1-180) -> -62 | H4: =(E4/G4)*7 -> 0 | I4: 2091 | J4: 2178 | K4: =IF(H4-J4<0,"",H4-J4) | L4: =IF(J4*(G4/7)>E4,"",E4-J4*(G4/7)) -> 19290.857 | P4: Z:\Nutricia\99. Sales\송예진\3. 주간업무\뉴트리시아
C5: 45743 | D5: 45195 | E5: 7436 | F5: =(C5-$B$1) -> 140 | G5: =(C5-$B$1-90) -> 50 | H5: =(E5/G5)*7 -> 1041.04 | I5: 2139 | J5: 1100 | K5: =IF(H5-J5<0,"",H5-J5) | L5: =IF(J5*(G5/7)>E5,"",E5-J5*(G5/7)) | R5: 쿠팡, 이마트, 롯데마트 제외 판매량
C6: 45768 | D6: 45220 | E6: 11063 | F6: =(C6-$B$1) -> 165 | G6: =(C6-$B$1-90)-G5 -> 25 | H6: =(E6/G6)*7 -> 3097.64 | I6: =I5 -> 2139 | J6: 1189 | K6: =IF(H6-J6<0,"",H6-J6) -> 1908.64 | L6: =IF(J6*(G6/7)>E6,"",E6-J6*(G6/7)) -> 6816.5714 | P6: Pronutra 1 | Q6: 1857 | R6: 쿠팡, 롯데마트 제외 판매량
C7: 45915 | D7: 45367 | E7: 5328 | F7: =(C7-$B$1) -> 312 | G7: =(C7-$B$1-90) -> 222 | H7: =(E7/G7)*7 -> 168 | I7: =I6 -> 2139 | J7: 2074 | K7: =IF(H7-J7<0,"",H7-J7) | L7: =IF(J7*(G7/7)>E7,"",E7-J7*(G7/7)) | P7: Pronutra 2 | Q7: 2415
F8: =(C8-$B$1) -> -45603 | G8: =(C8-$B$1-180) -> -45783 | H8: =(E8/G8)*7 -> 0 | I8: 2041 | J8: 2041 | K8: =IF(H8-J8<0,"",H8-J8) | L8: =IF(J8*(G8/7)>E8,"",E8-J8*(G8/7)) -> 13349015
B9: 2 | C9: 45719 | D9: 45171 | F9: =(C9-$B$1) -> 116 | G9: =(C9-$B$1-180) -> -64 | H9: =(E9/G9)*7 -> 0 | I9: 2097 | J9: 2097 | K9: =IF(H9-J9<0,"",H9-J9) | L9: =IF(J9*(G9/7)>E9,"",E9-J9*(G9/7)) -> 19172.571 | P9: Pronutra 3 | Q9: 820
C10: 45744 | D10: 45196 | F10: =(C10-$B$1) -> 141 | G10: =(C10-$B$1-180) -> -39 | H10: =(E10/G10)*7 -> 0 | I10: =I9 -> 2097 | J10: =J9 -> 2097 | K10: =IF(H10-J10<0,"",H10-J10) | L10: =IF(J10*(G10/7)>E10,"",E10-J10*(G10/7)) -> 11683.286 | P10: Profutura Duo 1 | Q10: 2858
C11: 45771 | D11: 45223 | F11: =(C11-$B$1) -> 168 | G11: =(C11-$B$1-180) -> -12 | H11: =(E11/G11)*7 -> 0 | I11: =I10 -> 2097 | J11: =J10 -> 2097 | K11: =IF(H11-J11<0,"",H11-J11) | L11: =IF(J11*(G11/7)>E11,"",E11-J11*(G11/7)) -> 3594.8571 | P11: Profutura Duo 2 | Q11: 2079
C12: 45803 | D12: 45255 | E12: 10050 | F12: =(C12-$B$1) -> 200 | G12: =(C12-$B$1-90) -> 110 | H12: =(E12/G12)*7 -> 639.54545 | I12: 1944 | J12: 1924 | K12: =IF(H12-J12<0,"",H12-J12) | L12: =IF(J12*(G12/7)>E12,"",E12-J12*(G12/7)) | P12: Profutura Duo 3 | Q12: 814
C13: 45843 | D13: 45295 | E13: 14263 | F13: =(C13-$B$1) -> 240 | G13: =(C13-$B$1-90) -> 150 | H13: =(E13/G13)*7 -> 665.60667 | I13: =I12 -> 1944 | J13: =J12 -> 1924 | K13: =IF(H13-J13<0,"",H13-J13) | L13: =IF(J13*(G13/7)>E13,"",E13-J13*(G13/7))
C14: 45861 | D14: 45313 | E14: 15704 | F14: =(C14-$B$1) -> 258 | G14: =(C14-$B$1-90) -> 168 | H14: =(E14/G14)*7 -> 654.33333 | I14: =I13 -> 1944 | J14: =J13 -> 1924 | K14: =IF(H14-J14<0,"",H14-J14) | L14: =IF(J14*(G14/7)>E14,"",E14-J14*(G14/7)) | S14: 입고 가능 일수
B15: 3 | C15: 45767 | D15: 45219 | F15: =(C15-$B$1) -> 164 | G15: =(C15-$B$1-180) -> -16 | H15: =(E15/G15)*7 -> 0 | I15: 735 | J15: 691 | K15: =IF(H15-J15<0,"",H15-J15) | L15: =IF(J15*(G15/7)>E15,"",E15-J15*(G15/7)) -> 1579.4286 | S15: 오프라인 납품 기일
C16: 45795 | D16: 45247 | E16: 3433 | F16: =(C16-$B$1) -> 192 | G16: =(C16-$B$1-90) -> 102 | H16: =(E16/G16)*7 -> 235.59804 | I16: 723 | J16: 716 | K16: =IF(H16-J16<0,"",H16-J16) | L16: =IF(J16*(G16/7)>E16,"",E16-J16*(G16/7)) | S16: 이마트 | T16: 160 | U16: =T16+TODAY() -> 46149
C17: 45850 | D17: 45302 | E17: 14734 | F17: =(C17-$B$1) -> 247 | G17: =(C17-$B$1-90) -> 157 | H17: =(E17/G17)*7 -> 656.92994 | I17: =I16 -> 723 | J17: =J16 -> 716 | K17: =IF(H17-J17<0,"",H17-J17) | L17: =IF(J17*(G17/7)>E17,"",E17-J17*(G17/7)) | S17: 롯데마트 | T17: 210 | U17: =T17+TODAY() -> 46199
C18: 45874 | D18: 45326 | E18: 1152 | F18: =(C18-$B$1) -> 271 | G18: =(C18-$B$1-90) -> 181 | H18: =(E18/G18)*7 -> 44.552486 | I18: =I17 -> 723 | J18: =J17 -> 716 | K18: =IF(H18-J18<0,"",H18-J18) | L18: =IF(J18*(G18/7)>E18,"",E18-J18*(G18/7)) | S18: 쿠팡 | T18: 163 | U18: =T18+TODAY() -> 46152
F19: =(C19-$B$1) -> -45603 | G19: =(C19-$B$1-180) -> -45783 | H19: =(E19/G19)*7 -> 0 | I19: 881 | J19: 881 | K19: =IF(H19-J19<0,"",H19-J19) | L19: =IF(J19*(G19/7)>E19,"",E19-J19*(G19/7)) -> 5762117.6 | U19: =T19+TODAY() -> 45989
A20: PF | B20: 1 | F20: =(C20-$B$1) -> -45603 | G20: =(C20-$B$1-180) -> -45783 | H20: =(E20/G20)*7 -> 0 | K20: =IF(H20-J20<0,"",H20-J20) -> 0 | L20: =IF(J20*(G20/7)>E20,"",E20-J20*(G20/7)) -> 0 | U20: =T20+TODAY() -> 45989
C21: 46037 | D21: 45307 | F21: =(C21-$B$1) -> 434 | G21: =(C21-$B$1-180) -> 254 | H21: =(E21/G21)*7 -> 0 | I21: 3015 | J21: 3015 | K21: =IF(H21-J21<0,"",H21-J21) | L21: =IF(J21*(G21/7)>E21,"",E21-J21*(G21/7)) | U21: =T21+TODAY() -> 45989
C22: 46122 | D22: 45392 | E22: 12047 | F22: =(C22-$B$1) -> 519 | G22: =(C22-$B$1-180) -> 339 | H22: =(E22/G22)*7 -> 248.75811 | I22: 2653 | J22: 2561 | K22: =IF(H22-J22<0,"",H22-J22) | L22: =IF(J22*(G22/7)>E22,"",E22-J22*(G22/7)) | S22: 컬리 | T22: 170 | U22: =T22+TODAY() -> 46159
C23: 46159 | D23: 45429 | E23: 11022 | F23: =(C23-$B$1) -> 556 | G23: =(C23-$B$1-180) -> 376 | H23: =(E23/G23)*7 -> 205.19681 | I23: =I22 -> 2653 | J23: =J22 -> 2561 | K23: =IF(H23-J23<0,"",H23-J23) | L23: =IF(J23*(G23/7)>E23,"",E23-J23*(G23/7))
C24: 46185 | D24: 45455 | E24: 3180 | F24: =(C24-$B$1) -> 582 | G24: =(C24-$B$1-180) -> 402 | H24: =(E24/G24)*7 -> 55.373134 | I24: =I23 -> 2653 | J24: =J23 -> 2561
B25: 2 | C25: 45873 | D25: 45143 | F25: =(C25-$B$1) -> 270 | G25: =(C25-$B$1-180) -> 90 | H25: =(E25/G25)*7 -> 0 | I25: 2460 | J25: 2460 | K25: =IF(H25-J25<0,"",H25-J25) | L25: =IF(J25*(G25/7)>E25,"",E25-J25*(G25/7))
C26: 45887 | D26: 45157 | E26: 87 | F26: =(C26-$B$1) -> 284 | G26: =(C26-$B$1-180) -> 104 | H26: =(E26/G26)*7 -> 5.8557692 | I26: 2439 | J26: 2439 | K26: =IF(H26-J26<0,"",H26-J26) | L26: =IF(J26*(G26/7)>E26,"",E26-J26*(G26/7))
C27: 46067 | D27: 45337 | E27: 3479 | F27: =(C27-$B$1) -> 464 | G27: =(C27-$B$1-180) -> 284 | H27: =(E27/G27)*7 -> 85.75 | I27: =I26 -> 2439 | J27: 2353 | K27: =IF(H27-J27<0,"",H27-J27) | L27: =IF(J27*(G27/7)>E27,"",E27-J27*(G27/7))
C28: 46159 | D28: 45429 | E28: 20556 | F28: =(C28-$B$1) -> 556 | G28: =(C28-$B$1-180) -> 376 | H28: =(E28/G28)*7 -> 382.69149 | I28: =I27 -> 2439 | J28: =J27 -> 2353 | K28: =IF(H28-J28<0,"",H28-J28) | L28: =IF(J28*(G28/7)>E28,"",E28-J28*(G28/7))
B29: 3 | C29: 45942 | D29: 45212 | F29: =(C29-$B$1) -> 339 | G29: =(C29-$B$1-180) -> 159 | H29: =(E29/G29)*7 -> 0 | I29: 899 | J29: 899 | K29: =IF(H29-J29<0,"",H29-J29) | L29: =IF(J29*(G29/7)>E29,"",E29-J29*(G29/7))
C30: 45984 | D30: 45254 | E30: 194 | F30: =(C30-$B$1) -> 381 | G30: =(C30-$B$1-180) -> 201 | H30: =(E30/G30)*7 -> 6.7562189 | I30: 920 | J30: 920 | K30: =IF(H30-J30<0,"",H30-J30) | L30: =IF(J30*(G30/7)>E30,"",E30-J30*(G30/7))
C31: 46089 | D31: 45359 | E31: 12 | F31: =(C31-$B$1) -> 486 | G31: =(C31-$B$1-180) -> 306 | H31: =(E31/G31)*7 -> 0.2745098 | I31: =I30 -> 920 | J31: 833 | K31: =IF(H31-J31<0,"",H31-J31) | L31: =IF(J31*(G31/7)>E31,"",E31-J31*(G31/7))
C32: 46158 | D32: 45428 | E32: 14123 | F32: =(C32-$B$1) -> 555 | G32: =(C32-$B$1-180) -> 375 | H32: =(E32/G32)*7 -> 263.62933 | I32: =I31 -> 920 | J32: =J31 -> 833 | K32: =IF(H32-J32<0,"",H32-J32) | L32: =IF(J32*(G32/7)>E32,"",E32-J32*(G32/7))
B33: 네오케이트 | C33: 45803 | E33: 210 | F33: =(C33-$B$1) -> 200 | G33: =(C33-$B$1-90) -> 110 | H33: =(E33/G33)*7 -> 13.363636 | I33: 105 | J33: 85 | K33: =IF(H33-J33<0,"",H33-J33) | L33: =IF(J33*(G33/7)>E33,"",E33-J33*(G33/7)) | P33: Z:\Nutricia\99. Sales\송예진\3. 주간업무\한독
C34: 46031 | E34: 6 | F34: =(C34-$B$1) -> 428 | G34: =(C34-$B$1-180) -> 248 | H34: =(E34/G34)*7 -> 0.16935484 | I34: =I33 -> 105 | J34: =J33 -> 85
B35: 듀오칼 | F35: =(C35-$B$1) -> -45603 | G35: =(C35-$B$1-180) -> -45783 | H35: =(E35/G35)*7 -> 0 | K35: =IF(H35-J35<0,"",H35-J35) -> 0 | L35: =IF(J35*(G35/7)>E35,"",E35-J35*(G35/7)) -> 0
C36: 46217 | E36: 29 | F36: =(C36-$B$1) -> 614 | G36: =(C36-$B$1-90) -> 524 | H36: =(E36/G36)*7 -> 0.38740458 | I36: 5 | J36: 8 | K36: =IF(H36-J36<0,"",H36-J36) | L36: =IF(J36*(G36/7)>E36,"",E36-J36*(G36/7))
B37: 인파트리니 | F37: =(C37-$B$1) -> -45603 | G37: =(C37-$B$1-180) -> -45783 | H37: =(E37/G37)*7 -> 0 | K37: =IF(H37-J37<0,"",H37-J37) -> 0 | L37: =IF(J37*(G37/7)>E37,"",E37-J37*(G37/7)) -> 0
C38: 45916 | E38: 273 | F38: =(C38-$B$1) -> 313 | G38: =(C38-$B$1-90) -> 223 | H38: =(E38/G38)*7 -> 8.5695067 | I38: 124 | J38: 195 | K38: =IF(H38-J38<0,"",H38-J38) | L38: =IF(J38*(G38/7)>E38,"",E38-J38*(G38/7))
B39: 펩티시네오 | C39: 45885 | E39: 55 | F39: =(C39-$B$1) -> 282 | G39: =(C39-$B$1-90) -> 192 | H39: =(E39/G39)*7 -> 2.0052083 | I39: 56 | J39: 69 | K39: =IF(H39-J39<0,"",H39-J39) | L39: =IF(J39*(G39/7)>E39,"",E39-J39*(G39/7)) | M39: 펩티 판매 가능 기간 3개월로 변경
E40: =SUM(E4:E39) -> 148436
A42: * 직구 | D42: =C45-D45 -> 549 | I42: 10/6~10/19 | J42: 10/13~10/26
C43: 유통기한 | D43: 제조 일자 | E43: 재고량 | F43: 잔여일 | G43: 판매가능까지 남은기간 | H43: 주별 소진 필요량 | I43: 이전 판매량 | J43: 전주 판매량 | K43: 추가 판매 필요량 | L43: 폐기 예상 수량 | N43: 쇼트 예정 월 | O43: 입고 예정
A44: PN | B44: Pre | C44: 45637 | D44: 45089 | E44: 1764 | F44: =(C44-$E$1) -> 42 | G44: 0 | K44: =IF(H44-J44<=0,"",H44-J44) | L44: =IF(J44*(G44/7)>E44,"",E44-J44*(G44/7)) -> 1764 | M44: =E44/J44 -> #DIV/0! | N44: =M44/4 -> #DIV/0! | O44: 11월? | P44: Z:\Nutricia\99. Sales\송예진\3. 주간업무\뉴트리시아 | R44: 전량 폐기
C45: 45749 | D45: 45200 | E45: 880 | F45: =(C45-$E$1) -> 154 | G45: =ROUNDUP((C45-$E$1-90),0) -> 64 | H45: =(E45/G45)*7 -> 96.25 | I45: 63 | J45: 71 | K45: =IF(H45-J45<=0,"",H45-J45) -> 25.25 | L45: =IF(J45*(G45/7)>E45,"",E45-J45*(G45/7)) -> 230.85714 | M45: =E45/J45 -> 12.394366 | N45: =M45/4 -> 3.0985915
B46: 1 | C46: 45848 | D46: 45300 | E46: 1678 | F46: =(C46-$E$1) -> 253 | G46: =(C46-$E$1-90) -> 163 | H46: =(E46/G46)*7 -> 72.06135 | I46: 218 | J46: 239 | K46: =IF(H46-J46<=0,"",H46-J46) | L46: =IF(J46*(G46/7)>E46,"",E46-J46*(G46/7)) | M46: =E46/J46 -> 7.0209205 | N46: =M46/4 -> 1.7552301
C47: 45895 | D47: 45347 | E47: 5130 | F47: =(C47-$E$1) -> 300 | G47: =ROUNDUP((C47-$E$1-90),0) -> 210 | H47: =(E47/G47)*7 -> 171 | I47: 218 | J47: 239 | K47: =IF(H47-J47<=0,"",H47-J47) | L47: =IF(J47*(G47/7)>E47,"",E47-J47*(G47/7)) | M47: =E47/J47 -> 21.464435 | N47: =M47/4 -> 5.3661088
B48: 2 | C48: 45750 | D48: 45201 | E48: 25 | F48: =(C48-$E$1) -> 155 | G48: =(C48-$E$1-90) -> 65 | H48: =(E48/G48)*7 -> 2.6923077 | I48: 138 | J48: 136 | K48: =IF(H48-J48<=0,"",H48-J48) | L48: =IF(J48*(G48/7)>E48,"",E48-J48*(G48/7)) | M48: =E48/J48 -> 0.18382353 | N48: =M48/4 -> 0.045955882 | O48: 7월말? 8월?
C49: 45976 | D49: 45245 | E49: 4653 | F49: =(C49-$E$1) -> 381 | G49: =(C49-$E$1-90) -> 291 | H49: =(E49/G49)*7 -> 111.92784 | I49: 138 | J49: 136 | K49: =IF(H49-J49<=0,"",H49-J49) | L49: =IF(J49*(G49/7)>E49,"",E49-J49*(G49/7)) | M49: =E49/J49 -> 34.213235 | N49: =M49/4 -> 8.5533088
C50: 46022 | D50: 45562 | E50: 5940 | F50: =(C50-$E$1) -> 427 | G50: =(C50-$E$1-90) -> 337 | H50: =(E50/G50)*7 -> 123.38279 | I50: 138 | J50: 136 | K50: =IF(H50-J50<=0,"",H50-J50) | L50: =IF(J50*(G50/7)>E50,"",E50-J50*(G50/7))
B51: 3 | C51: 45647 | D51: 45099 | E51: 0 | F51: =(C51-$E$1) -> 52 | H51: =(E51/G51)*7 -> #DIV/0! | K51: =IF(H51-J51<=0,"",H51-J51) -> #DIV/0! | L51: =IF(J51*(G51/7)>E51,"",E51-J51*(G51/7)) -> 0 | M51: =E51/J51 -> #DIV/0! | N51: =M51/4 -> #DIV/0!
C52: 45751 | D52: 45202 | E52: 322 | F52: =(C52-$E$1) -> 156 | G52: =ROUNDUP((C52-$E$1-90),0)-G51 -> 66 | H52: =(E52/G52)*7 -> 34.151515 | I52: 34 | J52: 57 | K52: =IF(H52-J52<=0,"",H52-J52) | L52: =IF(J52*(G52/7)>E52,"",E52-J52*(G52/7)) | M52: =E52/J52 -> 5.6491228 | N52: =M52/4 -> 1.4122807
C53: 45889 | D53: 45341 | E53: 810 | F53: =(C53-$E$1) -> 294 | G53: =ROUNDUP((C53-$E$1-90),0)-G52 -> 138 | H53: =(E53/G53)*7 -> 41.086957 | I53: 34 | J53: 57 | K53: =IF(H53-J53<=0,"",H53-J53) | L53: =IF(J53*(G53/7)>E53,"",E53-J53*(G53/7)) | M53: =E53/J53 -> 14.210526 | N53: =M53/4 -> 3.5526316
C54: 45940 | D54: 45209 | E54: 270 | F54: =(C54-$E$1) -> 345 | G54: =ROUNDUP((C54-$E$1-90),0)-G53 -> 117 | H54: =(E54/G54)*7 -> 16.153846 | I54: 34 | J54: 57
C55: 45977 | D55: 45246 | E55: 540 | F55: =(C55-$E$1) -> 382 | G55: =ROUNDUP((C55-$E$1-90),0)-G54 -> 175 | H55: =(E55/G55)*7 -> 21.6 | I55: 34 | J55: 57
A56: PF | B56: Pre | C56: 45946 | D56: 45216 | F56: =(C56-$E$1) -> 351 | G56: =ROUNDUP((C56-$E$1-180),0) -> 171 | H56: =(E56/G56)*7 -> 0 | K56: =IF(H56-J56<=0,"",H56-J56) | L56: =IF(J56*(G56/7)>E56,"",E56-J56*(G56/7)) -> 0 | M56: =E56/J56 -> #DIV/0! | N56: =M56/4 -> #DIV/0!
C57: 45993 | D57: 45263 | F57: =(C57-$E$1) -> 398 | G57: =ROUNDUP((C57-$E$1-180),0) -> 218 | H57: =(E57/G57)*7 -> 0 | K57: =IF(H57-J57<=0,"",H57-J57) | L57: =IF(J57*(G57/7)>E57,"",E57-J57*(G57/7)) -> 0 | M57: =E57/J57 -> #DIV/0! | N57: =M57/4 -> #DIV/0!
C58: 46033 | D58: 45303 | E58: 0 | F58: =(C58-$E$1) -> 438 | G58: =ROUNDUP((C58-$E$1-180),0) -> 258 | H58: =(E58/G58)*7 -> 0 | K58: =IF(H58-J58<=0,"",H58-J58) | L58: =IF(J58*(G58/7)>E58,"",E58-J58*(G58/7)) -> 0 | M58: =E58/J58 -> #DIV/0! | N58: =M58/4 -> #DIV/0!
C59: 46145 | D59: 45415 | E59: 12718 | F59: =(C59-$E$1) -> 550 | G59: =ROUNDUP((C59-$E$1-180),0) -> 370 | H59: =(E59/G59)*7 -> 240.61081 | I59: 1163 | J59: 1280 | K59: =IF(H59-J59<=0,"",H59-J59) | L59: =IF(J59*(G59/7)>E59,"",E59-J59*(G59/7)) | M59: =E59/J59 -> 9.9359375 | N59: =M59/4 -> 2.4839844
C60: 46178 | D60: 45448 | E60: 7680 | F60: =(C60-$E$1) -> 583 | G60: =ROUNDUP((C60-$E$1-180),0) -> 403 | H60: =(E60/G60)*7 -> 133.3995 | I60: 1163 | J60: 1280 | K60: =IF(H60-J60<=0,"",H60-J60) | L60: =IF(J60*(G60/7)>E60,"",E60-J60*(G60/7))
C61: 46227 | D61: 45497 | E61: 7520 | F61: =(C61-$E$1) -> 632 | G61: =ROUNDUP((C61-$E$1-180),0) -> 452 | H61: =(E61/G61)*7 -> 116.46018 | I61: 1163 | J61: 1280
B62: 1 | C62: 46109 | D62: 45379 | F62: =(C62-$E$1) -> 514 | G62: =ROUNDUP((C62-$E$1-180),0) -> 334 | H62: =(E62/G62)*7 -> 0 | K62: =IF(H62-J62<=0,"",H62-J62) | L62: =IF(J62*(G62/7)>E62,"",E62-J62*(G62/7)) -> 0 | M62: =E62/J62 -> #DIV/0! | N62: =M62/4 -> #DIV/0!
C63: 46122 | D63: 45392 | E63: 1560 | F63: =(C63-$E$1) -> 527 | G63: =ROUNDUP((C63-$E$1-180),0) -> 347 | H63: =(E63/G63)*7 -> 31.469741 | I63: 2060 | J63: 2060 | K63: =IF(H63-J63<=0,"",H63-J63) | L63: =IF(J63*(G63/7)>E63,"",E63-J63*(G63/7)) | M63: =E63/J63 -> 0.75728155 | N63: =M63/4 -> 0.18932039
C64: 46178 | D64: 45448 | E64: 12448 | F64: =(C64-$E$1) -> 583 | G64: =ROUNDUP((C64-$E$1-180),0) -> 403 | H64: =(E64/G64)*7 -> 216.21836 | I64: 1809 | J64: 2116 | K64: =IF(H64-J64<=0,"",H64-J64) | L64: =IF(J64*(G64/7)>E64,"",E64-J64*(G64/7)) | M64: =E64/J64 -> 5.8827977 | N64: =M64/4 -> 1.4706994
B65: 2 | C65: 45893 | D65: 45166 | F65: =(C65-$E$1) -> 298 | G65: =ROUNDUP((C65-$E$1-180),0) -> 118 | H65: =(E65/G65)*7 -> 0 | K65: =IF(H65-J65<=0,"",H65-J65) | L65: =IF(J65*(G65/7)>E65,"",E65-J65*(G65/7)) -> 0 | M65: =E65/J65 -> #DIV/0! | N65: =M65/4 -> #DIV/0!
C66: 45981 | D66: 45251 | E66: 8383 | F66: =(C66-$E$1) -> 386 | G66: =ROUNDUP((C66-$E$1-180),0) -> 206 | H66: =(E66/G66)*7 -> 284.85922 | I66: 1930 | J66: 2011 | K66: =IF(H66-J66<=0,"",H66-J66) | L66: =IF(J66*(G66/7)>E66,"",E66-J66*(G66/7)) | M66: =E66/J66 -> 4.1685728 | N66: =M66/4 -> 1.0421432
C67: 46240 | D67: 45510 | E67: 768 | F67: =(C67-$E$1) -> 645 | G67: =ROUNDUP((C67-$E$1-180),0) -> 465 | H67: =(E67/G67)*7 -> 11.56129 | I67: 1930 | J67: 2011
F68: =(C68-$E$1) -> -45595 | G68: =ROUNDUP((C68-$E$1-180),0) -> -45775 | H68: =(E68/G68)*7 -> 0 | K68: =IF(H68-J68<=0,"",H68-J68) | L68: =IF(J68*(G68/7)>E68,"",E68-J68*(G68/7)) -> 0 | M68: =E68/J68 -> #DIV/0! | N68: =M68/4 -> #DIV/0!
F69: =(C69-$E$1) -> -45595 | G69: =ROUNDUP((C69-$E$1-180),0) -> -45775 | H69: =(E69/G69)*7 -> 0 | K69: =IF(H69-J69<=0,"",H69-J69) | L69: =IF(J69*(G69/7)>E69,"",E69-J69*(G69/7)) -> 0 | M69: =E69/J69 -> #DIV/0! | N69: =M69/4 -> #DIV/0!
B70: Kinder | C70: 46052 | F70: =(C70-$E$1) -> 457 | G70: =ROUNDUP((C70-$E$1-180),0) -> 277 | H70: =(E70/G70)*7 -> 0 | K70: =IF(H70-J70<=0,"",H70-J70) | L70: =IF(J70*(G70/7)>E70,"",E70-J70*(G70/7)) -> 0 | M70: =E70/J70 -> #DIV/0! | N70: =M70/4 -> #DIV/0!
C71: 46052 | D71: 45342 | F71: =(C71-$E$1) -> 457 | G71: =ROUNDUP((C71-$E$1-180),0) -> 277 | H71: =(E71/G71)*7 -> 0 | K71: =IF(H71-J71<=0,"",H71-J71) | L71: =IF(J71*(G71/7)>E71,"",E71-J71*(G71/7)) -> 0 | M71: =E71/J71 -> #DIV/0! | N71: =M71/4 -> #DIV/0!
C72: 46072 | D72: 45341 | E72: 0 | F72: =(C72-$E$1) -> 477 | G72: =ROUNDUP((C72-$E$1-180),0) -> 297 | H72: =(E72/G72)*7 -> 0 | I72: 0 | J72: 0 | K72: =IF(H72-J72<=0,"",H72-J72) | L72: =IF(J72*(G72/7)>E72,"",E72-J72*(G72/7)) -> 0
B73: AR | C73: 45991 | D73: 45443 | E73: 817 | F73: =(C73-$E$1) -> 396 | G73: =ROUNDUP((C73-$E$1-180),0) -> 216 | H73: =(E73/G73)*7 -> 26.476852 | I73: 79 | J73: 115 | K73: =IF(H73-J73<=0,"",H73-J73) | L73: =IF(J73*(G73/7)>E73,"",E73-J73*(G73/7)) | M73: =E73/J73 -> 7.1043478 | N73: =M73/4 -> 1.776087
B74: Comfort | C74: 45844 | D74: 45296 | E74: 154 | F74: =(C74-$E$1) -> 249 | G74: =ROUNDUP((C74-$E$1-180),0) -> 69 | H74: =(E74/G74)*7 -> 15.623188 | I74: 36 | J74: 44 | K74: =IF(H74-J74<=0,"",H74-J74) | L74: =IF(J74*(G74/7)>E74,"",E74-J74*(G74/7)) | M74: =E74/J74 -> 3.5 | N74: =M74/4 -> 0.875
E75: =SUM(E44:E74) -> 74060
D77: =C59-D59 -> 730 | E77: =D77/30 -> 24.333333
D78: =C64-D64 -> 730
D79: =C55-D55 -> 731 | E79: =D79/30 -> 24.366667
D81: =C46-D46 -> 548 | E81: =D81/30 -> 18.266667
D82: =C45-D45 -> 549 | E82: =D82/30 -> 18.3

Sheet 폐기비용 예상
A2: *홍콩 폐기 진행시 예상 비용 | G2: *국내 폐기 진행시 예상 비용
A5: 폐기 예상 수량: | B5: 1,600캔 내외 (2.8 PLT) | G5: 폐기 예상 수량: | H5: 1,600캔 내외 (2.8 PLT)
A7: 폐기 비용: | B7: PLT당 500~550 HKD | G7: 폐기 비용: | H7: 40~50만원
A8: 운송비(홍콩내륙): | B8: kg당 , 1HKD | G8: 운송비(홍콩-한국): | H8: 250만원 예상
B10: HKD | C10: KRW | G10: ※ 수입 통관 문제 해결 필요.
A11: 폐기 비용 | B11: =3*500 -> 1500 | C11: =B11*171.51 -> 257265
A12: 운송비 | B12: 1600 | C12: =B12*171.51 -> 274416
B13: =SUM(B11:B12) -> 3100 | C13: =SUM(C11:C12) -> 531681

Sheet 중국 물류 변경
A2: * 중국 물류 테스트 오후 발송
A4: Order Number | B4: 수신인 | C4: 전화번호 | D4: 고유 통관번호 | E4: 품명 | F4: 수량 | G4: 소요기간 | H4: 송장번호 | I4: 주문일 | J4: 발송일 | K4: 편명 | L4: 연태공항 출발 | M4: 인천공항 도착 | N4: 수입신고일 | O4: 수입신고 완료 | P4: 택배사 연결 | Q4: 도착 | R4: 비고
A5: 20240510_test1 | B5: 김영훈 | C5: 010-2612-4705 | D5: P931160082310 | E5: Aptamil Pronutra 2 | F5: 4 | G5: =Q5-I5 -> 4 | H5: 582961228410 | I5: 45425 | J5: 45426 | K5: 제주항공 7C9304 | L5: 45426 | M5: 45426 | N5: 45426 | O5: 45427 | P5: 45428 | Q5: 45429 | R5: 5/15 부처님오신날 연휴
A6: 20240510_test2 | B6: 박효진 | C6: 010-4417-0648 | D6: P230005806137 | E6: Aptamil Profutra 1 | F6: 3 | G6: =Q6-I6 -> 4 | H6: 582961228421 | I6: 45428 | J6: 45429 | K6: 제주항공 7C9304 | L6: 45429 | M6: 45429 | N6: 45429 | O6: 45430 | P6: 45430 | Q6: 45432 | R6: 5/18~19 주말
A7: 20240510_test3 | B7: 강병현 | C7: 010-7156-5218 | D7: P200017064720 | E7: Aptamil Profutra 2 | F7: 6 | G7: =Q7-I7 -> 4 | H7: 582961228432 | I7: 45429 | J7: 45430 | K7: 제주항공 7C9304 | L7: 45430 | M7: 45430 | N7: 45430 | O7: 45431 | P7: 45432 | Q7: 45433 | R7: 5/18~19 주말
A9: *물류 테스트 추가 발송 예정건(오전발송)
A11: Order Number | B11: 수신인 | C11: 전화번호 | D11: 고유 통관번호 | E11: 품명 | F11: 수량 | G11: 소요기간 | H11: 송장번호 | I11: 주문일 | J11: 발송일 | K11: 편명 | L11: 연태공항 출발 | M11: 인천공항 도착 | N11: 수입신고일 | O11: 수입신고 완료 | P11: 택배사 연결 | Q11: 도착 | R11: 비고
A12: 20240522_test1 | B12: 김영훈 | C12: 010-2612-4705 | D12: P931160082310 | E12: Aptamil Pronutra 1 | F12: 2 | G12: =Q12-I12 -> 4 | H12: 582961228443 | I12: 45436 | J12: 45439 | K12: Central항공 I98809 | L12: 45439 | M12: 45439 | N12: 45439 | O12: 45439 | P12: 45439 | Q12: 45440
A13: 20240522_test2 | B13: 박효진 | C13: 010-4417-0648 | D13: P230005806137 | E13: Aptamil Profutra 1 | F13: 2 | G13: =Q13-I13 -> 4 | H13: 582961228454 | I13: 45442 | J13: 45443 | K13: Central항공 I98809 | L13: 45443 | M13: 45443 | N13: 45443 | O13: 45443 | P13: 45443 | Q13: 45446
A16: 중국, 홍콩 배송일정 비교
B18: 공항 출발 | C18: 인천 도착 | D18: 수입신고 | E18: 수입신고 완료 | F18: 택배사 연결 | G18: 배송완료
A19: 홍콩 | B19: 0 | C19: 0 | D19: 0 | E19: +1 | F19: +1.66 | G19: +3
A20: 중국 | B20: 0 | C20: 0 | D20: +0.05 | E20: +0.52 | F20: +1.14 | G20: +2.30

Sheet 창고 이관 일정
B2: 월 | C2: 주차 | D2: 일정 | R2: 10월
B3: 7월~9월 | C3: - | D3: 무역서류 협의 완료, 포장 박스 금형 제작 완료. | R3: 일 | S3: 월 | T3: 화 | U3: 수 | V3: 목 | W3: 금 | X3: 토
B4: 10월 | C4: 1~4주차 | D4: 물류 창고 전산 작업 완료, API 연동 작업 완료. 폐기 작업 진행. | R4: 20 | S4: 21 | T4: 22 | U4: 23 | V4: 24 | W4: 25 | X4: 26
C5: 5주차 | D5: 1차 재고 이관 | E5: 현재고 중 2주분 판매량을 제외한 재고 + 최신 입고분 재고 이관
B6: 11월 | C6: 1주차 | D6: 중국 출고 시작 | E6: 45597
C7: 2주차 | D7: 2차 재고 이관 | E7: 잔량 이관진행 | R7: 27 | S7: 28 | T7: 29 | U7: 30 | V7: 31 | W7: 1 | X7: 2
C8: 4주차 | D8: 중국 입고 시작 | E8: 9월 말 선적 건 부터 입고 시작 | T8: 6월 선적분 홍콩 입고
R11: 11월
R12: 일 | S12: 월 | T12: 화 | U12: 수 | V12: 목 | W12: 금 | X12: 토
R13: 3 | S13: 4 | T13: 5 | U13: 6 | V13: 7 | W13: 8 | X13: 9
S14: 중국 출고 시작
B15: * 이관 예정 수량 파악(9/25 기준) | R15: 1차 재고 이관
D17: 9/24 기준 | E17: ~10/31 | F17: 월 평균 | G17: ~10/31 | H17: 10월 말일자 예상 재고 | I17: 파렛트 | J17: 10/28~11/2 | L17: 11/5~11/9
D18: 재고 | E18: 입고 | F18: 출고 | G18: 출고수량 | J18: 1차이관수량 | K18: 1차 이관 파렛트 | L18: 2차 이관 수량 | M18: 2차 이관 파렛트
B19: Pronutra pre | D19: 1294 | E19: 0 | F19: 442 | G19: 1619 | H19: 3417 | I19: 12.7 | J19: 270 | K19: 1 | L19: 3147 | M19: 12
B20: Pronutra 1 | D20: 8072 | E20: 0 | F20: 752 | G20: 2758 | H20: 7414 | I20: 27.5 | J20: 540 | K20: 2 | L20: 6874 | M20: 26
B21: Pronutra 2 | D21: 5544 | E21: 11070 | F21: 1041 | G21: 3817 | H21: 10549 | I21: 39.1 | J21: 810 | K21: 3 | L21: 9739 | M21: 37
B22: Pronutra 3 | D22: 2398 | E22: 810 | F22: 121 | G22: 442 | H22: 2301 | I22: 8.5 | J22: 270 | K22: 1 | L22: 2031 | M22: 8
B23: Profutra Pre | D23: 26908 | E23: 37180 | F23: 4678 | G23: 17152 | H23: 38453 | I23: 100.1 | J23: 2688 | K23: 7 | L23: 35765 | M23: 94
B24: Profutra 1 | D24: 23329 | E24: 61256 | F24: 6826 | G24: 25027 | H24: 50853 | I24: 132.4 | J24: 3840 | K24: 10 | L24: 47013 | M24: 123
B25: Profutra 2 | D25: 19117 | E25: 33024 | F25: 7349 | G25: 26945 | H25: 52493 | I25: 136.7 | J25: 4608 | K25: 12 | L25: 47885 | M25: 125
B26: Profutra Kinder | D26: 1 | E26: 3500 | F26: 421 | G26: 1545 | H26: 3661 | I26: 9.5 | J26: 1152 | K26: 3 | L26: 2509 | M26: 7
B27: AR | D27: 1336 | E27: 3024 | F27: 282 | G27: 1034 | H27: 2018 | I27: 2 | J27: 504 | K27: 0.5 | L27: 1514 | M27: 2
B28: Comfort | D28: 334 | E28: 1008 | F28: 97 | G28: 357 | H28: 1303 | I28: 1.3 | J28: 504 | K28: 0.5 | L28: 799 | M28: 1
B29: 총계 | D29: =SUM(D19:D28) -> 88333 | E29: =SUM(E19:E28) -> 150872 | F29: =SUM(F19:F28) -> 22009 | G29: =SUM(G19:G28) -> 80696 | H29: =SUM(H19:H28) -> 172462 | I29: =SUM(I19:I28) -> 469.8 | J29: =SUM(J19:J28) -> 15186 | K29: =SUM(K19:K28) -> 40 | ... M29: =SUM(M19:M28) -> 435
J30: 사용 차량 수 | K30: 2 | L30: 사용 차량 수 | M30: 22
J31: 입고 처리 일수 | K31: 1 | L31: 입고 처리 일수 | M31: 5

Sheet 인보이스 수정

Sheet 장마 대비 포장 패키징 비용
B3: 7월 출고 박스 수량 예상
B4: 구분 | C4: 캔수 | D4: 비율 | E4: 박스 수
B5: 6박스 | C5: 14283 | D5: 0.5 | E5: =C5/6 -> 2380.5
B6: 4박스 | C6: 10556 | D6: 0.37 | E6: =C6/4 -> 2639
B7: 3박스 | C7: 3683 | D7: 0.13 | E7: =C7/3 -> 1227.6667
B8: 총계 | C8: =SUM(C5:C7) -> 28522 | D8: =SUM(D5:D7) -> 1 | E8: =SUM(E5:E7) -> 6247.1667
B11: *포장 비용 예상
E12: 적용환율: | F12: 177.9
B13: 장마 대비 외박스 포장 | C13: 단가 | D13: 청구단위 | E13: 청구수량 | F13: 금액(원)
B14: 6월 | C14: =5*$F$12 -> 889.5 | D14: 박스(CTN) | E14: 153 | F14: =E14*C14 -> 136093.5
B15: 7월(예상) | C15: =5*$F$12 -> 889.5 | D15: 박스(CTN) | E15: 6247 | F15: =E15*C15 -> 5556706.5
B16: 총 계 | E16: =E14+E15 -> 6400 | F16: =F14+F15 -> 5692800

Sheet 창고 이전 비용
A3: 중국 캔당 비용 | B3: 3935
A4: +VAT | B4: 4171 | H4: 5월 | I4: 6월 | J4: 7월 | K4: 8월 | L4: 9월 | M4: 10월 | N4: 11월 | O4: 12월
A5: 홍콩 캔당 비용 | B5: 8136 | G5: 중국 | H5: 90492047 | I5: 93987001 | J5: 97287985 | K5: 99981667 | L5: 1.027705e+08 | M5: 1.0565728e+08 | N5: 1.0869848e+08 | O5: 1.1141229e+08
G6: 홍콩 | H6: 1.6921347e+08 | I6: 1.7461468e+08 | J6: 1.8037435e+08 | K6: 1.8450176e+08 | L6: 1.8868162e+08 | M6: 1.9364433e+08 | N6: 1.9855965e+08 | O6: 2.0315047e+08
A7: 차액 | B7: 3000 | G7: 절감 예상액 | H7: 78721422 | I7: 80627678 | J7: 83086367 | K7: 84520094 | L7: 85911120 | M7: 87987045 | N7: 89861176 | O7: 91738183
A8: 비용절감 | B8: =B7/B5 -> 0.36873156
A10: 중국창고 이관시 비용 (3/24 재고 기준)
A11: 완파렛트 | B11: 247
A12: 이전 예상 비용 | B12: RMB 436,700
B13: 81047153
B15: =B13/B7 -> 27015.718

Sheet 전체 재고
A1: 기준일 | B1: 45642
A2: ※ 내수
A3: 품목 | B3: 현 재고 | C3: 유통기한 | D3: 판매가능일자 | E3: 온라인 판매가능 잔여주차 | F3: 온라인 주별 평균 판매량 | G3: 전주 폐기 예상 수량 | H3: 폐기 예상 수량 | I3: 주별 추가 판매 필요량
A4: 프로누트라 1단계 | B4: 785 | C4: 45743 | D4: 45653 | E4: 2 | F4: 1244
B5: 9543 | C5: 45768 | D5: 45678 | E5: 5 | F5: 864 | G5: 1226 | H5: 1899 | I5: 369
B6: 3620 | C6: 45915 | D6: 45825 | E6: 26 | F6: 999
A7: 프로누트라 2단계 | B7: 139 | C7: 45803 | D7: 45713 | E7: 10 | F7: 774
B8: 10643 | C8: 45843 | D8: 45753 | E8: 16 | F8: 279
B9: 15480 | C9: 45861 | D9: 45771 | E9: 18 | F9: 108 | H9: 714 | I9: 39
A10: 프로누트라 3단계 | B10: 1207 | C10: 45795 | D10: 45705 | E10: 9 | F10: 99
B11: 11086 | C11: 45850 | D11: 45760 | E11: 17 | F11: 46 | G11: 6772 | H11: 6648 | I11: 394
B12: 928 | C12: 45874 | D12: 45784 | E12: 20 | F12: 17
A13: 프로푸트라 1단계 | B13: 3419 | C13: 46159 | D13: 46069 | E13: 61 | F13: 1145
B14: 10306 | C14: 46185 | D14: 46095 | E14: 65 | F14: 1145
B15: 16896 | C15: 46218 | D15: 46128 | E15: 69 | F15: 1145
B16: 16128 | C16: 46273 | D16: 46183 | E16: 77 | F16: 1145
A17: 프로푸트라 2단계 | B17: 8344 | C17: 46159 | D17: 46069 | E17: 61 | F17: 605
B18: 17367 | C18: 46218 | D18: 46128 | E18: 69 | F18: 605
A19: 프로푸트라 3단계 | B19: 7897 | C19: 46158 | D19: 46068 | E19: 61 | F19: 177
B20: 8380 | C20: 46218 | D20: 46128 | E20: 69 | F20: 177
A23: ※ 판매량
A24: 프로누트라 1단계
A25: 프로누트라 2단계
A26: 프로누트라 3단계
A27: 프로푸트라 1단계
A28: 프로푸트라 2단계
A29: 프로푸트라 3단계

Sheet 10월
E1: 1 | F1: 2 | G1: 3 | H1: 4 | I1: 5 | J1: 6 | K1: 7 | L1: 1W | M1: Total | N1: 온라인 | O1: 8 | P1: 9 | Q1: 10 | R1: 11 | S1: 12 | T1: 13 | U1: 14 | V1: 2W | W1: Total | X1: 온라인 | Y1: 15 | Z1: 16 | AA1: 17 | AB1: 18 | AC1: 19 | AD1: 20 | AE1: 21 | AF1: 3W | AG1: Total | AH1: 온라인 | AI1: 22 | AJ1: 23 | AK1: 24 | AL1: 25 | AM1: 26 | AN1: 27 | AO1: 28 | AP1: 4W | AQ1: Total | AR1: 온라인
A2: Total | B2: Total | D2: 프로누트라 1단계 | E2: =SUMIF($D$8:$D$53,$D2,E$8:E$53)-E42 -> 176 | F2: =SUMIF($D$8:$D$53,$D2,F$8:F$53)-F42 -> 186 | G2: =SUMIF($D$8:$D$53,$D2,G$8:G$53)-G42 -> 179 | H2: =SUMIF($D$8:$D$53,$D2,H$8:H$53)-H42 -> 193 | I2: =SUMIF($D$8:$D$53,$D2,I$8:I$53)-I42 -> 143 | J2: =SUMIF($D$8:$D$53,$D2,J$8:J$53)-J42 -> 153 | K2: =SUMIF($D$8:$D$53,$D2,K$8:K$53)-K42 -> 188 | L2: =SUMIF($D$8:$D$53,$D2,L$8:L$53)-L42 -> 1218 | M2: 2034 | N2: =M2-L2 -> 816 | O2: =SUMIF($D$8:$D$53,$D2,O$8:O$53)-O42 -> 143 | P2: =SUMIF($D$8:$D$53,$D2,P$8:P$53)-P42 -> 167 | Q2: =SUMIF($D$8:$D$53,$D2,Q$8:Q$53)-Q42 -> 149 | R2: =SUMIF($D$8:$D$53,$D2,R$8:R$53)-R42 -> 184 | S2: =SUMIF($D$8:$D$53,$D2,S$8:S$53)-S42 -> 150 | T2: =SUMIF($D$8:$D$53,$D2,T$8:T$53)-T42 -> 125 | U2: =SUMIF($D$8:$D$53,$D2,U$8:U$53)-U42 -> 176 | V2: =SUMIF($D$8:$D$53,$D2,V$8:V$53)-V42 -> 1094 | W2: 2114 | X2: =W2-V2 -> 1020 | Y2: =SUMIF($D$8:$D$53,$D2,Y$8:Y$53)-Y42 -> 172 | Z2: =SUMIF($D$8:$D$53,$D2,Z$8:Z$53)-Z42 -> 179 | AA2: =SUMIF($D$8:$D$53,$D2,AA$8:AA$53)-AA42 -> 161 | AB2: =SUMIF($D$8:$D$53,$D2,AB$8:AB$53)-AB42 -> 190 | AC2: =SUMIF($D$8:$D$53,$D2,AC$8:AC$53)-AC42 -> 187 | AD2: =SUMIF($D$8:$D$53,$D2,AD$8:AD$53)-AD42 -> 209 | AE2: =SUMIF($D$8:$D$53,$D2,AE$8:AE$53)-AE42 -> 172 | AF2: =SUMIF($D$8:$D$53,$D2,AF$8:AF$53)-AF42 -> 1270 | AG2: 2443 | AH2: =AG2-AF2 -> 1173 | AI2: =SUMIF($D$8:$D$53,$D2,AI$8:AI$53)-AI42 -> 136 | AJ2: =SUMIF($D$8:$D$53,$D2,AJ$8:AJ$53)-AJ42 -> 159 | AK2: =SUMIF($D$8:$D$53,$D2,AK$8:AK$53)-AK42 -> 195 | AL2: =SUMIF($D$8:$D$53,$D2,AL$8:AL$53)-AL42 -> 179 | AM2: =SUMIF($D$8:$D$53,$D2,AM$8:AM$53)-AM42 -> 197 | AN2: =SUMIF($D$8:$D$53,$D2,AN$8:AN$53)-AN42 -> 128 | AO2: =SUMIF($D$8:$D$53,$D2,AO$8:AO$53)-AO42 -> 185 | AP2: =SUMIF($D$8:$D$53,$D2,AP$8:AP$53)-AP42 -> 1179 | AQ2: 2206 | AR2: =AQ2-AP2 -> 1027
D3: 프로누트라 2단계 | E3: =SUMIF($D$8:$D$53,$D3,E$8:E$53)-E43 -> 221 | F3: =SUMIF($D$8:$D$53,$D3,F$8:F$53)-F43 -> 192 | G3: =SUMIF($D$8:$D$53,$D3,G$8:G$53)-G43 -> 187 | H3: =SUMIF($D$8:$D$53,$D3,H$8:H$53)-H43 -> 188 | I3: =SUMIF($D$8:$D$53,$D3,I$8:I$53)-I43 -> 169 | J3: =SUMIF($D$8:$D$53,$D3,J$8:J$53)-J43 -> 196 | K3: =SUMIF($D$8:$D$53,$D3,K$8:K$53)-K43 -> 160 | L3: =SUMIF($D$8:$D$53,$D3,L$8:L$53)-L43 -> 1313 | M3: 1823 | N3: =M3-L3 -> 510 | O3: =SUMIF($D$8:$D$53,$D3,O$8:O$53)-O43 -> 184 | P3: =SUMIF($D$8:$D$53,$D3,P$8:P$53)-P43 -> 196 | Q3: =SUMIF($D$8:$D$53,$D3,Q$8:Q$53)-Q43 -> 194 | R3: =SUMIF($D$8:$D$53,$D3,R$8:R$53)-R43 -> 233 | S3: =SUMIF($D$8:$D$53,$D3,S$8:S$53)-S43 -> 162 | T3: =SUMIF($D$8:$D$53,$D3,T$8:T$53)-T43 -> 202 | U3: =SUMIF($D$8:$D$53,$D3,U$8:U$53)-U43 -> 166 | V3: =SUMIF($D$8:$D$53,$D3,V$8:V$53)-V43 -> 1337 | W3: 2064 | X3: =W3-V3 -> 727 | Y3: =SUMIF($D$8:$D$53,$D3,Y$8:Y$53)-Y43 -> 167 | Z3: =SUMIF($D$8:$D$53,$D3,Z$8:Z$53)-Z43 -> 155 | AA3: =SUMIF($D$8:$D$53,$D3,AA$8:AA$53)-AA43 -> 182 | AB3: =SUMIF($D$8:$D$53,$D3,AB$8:AB$53)-AB43 -> 173 | AC3: =SUMIF($D$8:$D$53,$D3,AC$8:AC$53)-AC43 -> 174 | AD3: =SUMIF($D$8:$D$53,$D3,AD$8:AD$53)-AD43 -> 126 | AE3: =SUMIF($D$8:$D$53,$D3,AE$8:AE$53)-AE43 -> 179 | AF3: =SUMIF($D$8:$D$53,$D3,AF$8:AF$53)-AF43 -> 1156 | AG3: 1996 | AH3: =AG3-AF3 -> 840 | AI3: =SUMIF($D$8:$D$53,$D3,AI$8:AI$53)-AI43 -> 180 | AJ3: =SUMIF($D$8:$D$53,$D3,AJ$8:AJ$53)-AJ43 -> 173 | AK3: =SUMIF($D$8:$D$53,$D3,AK$8:AK$53)-AK43 -> 184 | AL3: =SUMIF($D$8:$D$53,$D3,AL$8:AL$53)-AL43 -> 169 | AM3: =SUMIF($D$8:$D$53,$D3,AM$8:AM$53)-AM43 -> 213 | AN3: =SUMIF($D$8:$D$53,$D3,AN$8:AN$53)-AN43 -> 171 | AO3: =SUMIF($D$8:$D$53,$D3,AO$8:AO$53)-AO43 -> 195 | AP3: =SUMIF($D$8:$D$53,$D3,AP$8:AP$53)-AP43 -> 1285 | AQ3: 1852 | AR3: =AQ3-AP3 -> 567
D4: 프로누트라 3단계 | E4: =SUMIF($D$8:$D$53,$D4,E$8:E$53)-E44 -> 119 | F4: =SUMIF($D$8:$D$53,$D4,F$8:F$53)-F44 -> 81 | G4: =SUMIF($D$8:$D$53,$D4,G$8:G$53)-G44 -> 83 | H4: =SUMIF($D$8:$D$53,$D4,H$8:H$53)-H44 -> 97 | I4: =SUMIF($D$8:$D$53,$D4,I$8:I$53)-I44 -> 100 | J4: =SUMIF($D$8:$D$53,$D4,J$8:J$53)-J44 -> 103 | K4: =SUMIF($D$8:$D$53,$D4,K$8:K$53)-K44 -> 87 | L4: =SUMIF($D$8:$D$53,$D4,L$8:L$53)-L44 -> 670 | M4: 765 | N4: =M4-L4 -> 95 | O4: =SUMIF($D$8:$D$53,$D4,O$8:O$53)-O44 -> 72 | P4: =SUMIF($D$8:$D$53,$D4,P$8:P$53)-P44 -> 78 | Q4: =SUMIF($D$8:$D$53,$D4,Q$8:Q$53)-Q44 -> 79 | R4: =SUMIF($D$8:$D$53,$D4,R$8:R$53)-R44 -> 115 | S4: =SUMIF($D$8:$D$53,$D4,S$8:S$53)-S44 -> 74 | T4: =SUMIF($D$8:$D$53,$D4,T$8:T$53)-T44 -> 88 | U4: =SUMIF($D$8:$D$53,$D4,U$8:U$53)-U44 -> 72 | V4: =SUMIF($D$8:$D$53,$D4,V$8:V$53)-V44 -> 578 | W4: 681 | X4: =W4-V4 -> 103 | Y4: =SUMIF($D$8:$D$53,$D4,Y$8:Y$53)-Y44 -> 96 | Z4: =SUMIF($D$8:$D$53,$D4,Z$8:Z$53)-Z44 -> 86 | AA4: =SUMIF($D$8:$D$53,$D4,AA$8:AA$53)-AA44 -> 66 | AB4: =SUMIF($D$8:$D$53,$D4,AB$8:AB$53)-AB44 -> 130 | AC4: =SUMIF($D$8:$D$53,$D4,AC$8:AC$53)-AC44 -> 89 | AD4: =SUMIF($D$8:$D$53,$D4,AD$8:AD$53)-AD44 -> 99 | AE4: =SUMIF($D$8:$D$53,$D4,AE$8:AE$53)-AE44 -> 118 | AF4: =SUMIF($D$8:$D$53,$D4,AF$8:AF$53)-AF44 -> 684 | AG4: 789 | AH4: =AG4-AF4 -> 105 | AI4: =SUMIF($D$8:$D$53,$D4,AI$8:AI$53)-AI44 -> 82 | AJ4: =SUMIF($D$8:$D$53,$D4,AJ$8:AJ$53)-AJ44 -> 60 | AK4: =SUMIF($D$8:$D$53,$D4,AK$8:AK$53)-AK44 -> 86 | AL4: =SUMIF($D$8:$D$53,$D4,AL$8:AL$53)-AL44 -> 90 | AM4: =SUMIF($D$8:$D$53,$D4,AM$8:AM$53)-AM44 -> 90 | AN4: =SUMIF($D$8:$D$53,$D4,AN$8:AN$53)-AN44 -> 63 | AO4: =SUMIF($D$8:$D$53,$D4,AO$8:AO$53)-AO44 -> 72 | AP4: =SUMIF($D$8:$D$53,$D4,AP$8:AP$53)-AP44 -> 543 | AQ4: 642 | AR4: =AQ4-AP4 -> 99
D5: 프로푸트라 1단계 | E5: =SUMIF($D$8:$D$53,$D5,E$8:E$53)-E45 -> 253 | F5: =SUMIF($D$8:$D$53,$D5,F$8:F$53)-F45 -> 241 | G5: =SUMIF($D$8:$D$53,$D5,G$8:G$53)-G45 -> 297 | H5: =SUMIF($D$8:$D$53,$D5,H$8:H$53)-H45 -> 221 | I5: =SUMIF($D$8:$D$53,$D5,I$8:I$53)-I45 -> 219 | J5: =SUMIF($D$8:$D$53,$D5,J$8:J$53)-J45 -> 236 | K5: =SUMIF($D$8:$D$53,$D5,K$8:K$53)-K45 -> 192 | L5: =SUMIF($D$8:$D$53,$D5,L$8:L$53)-L45 -> 1659 | M5: 2665 | N5: =M5-L5 -> 1006 | O5: =SUMIF($D$8:$D$53,$D5,O$8:O$53)-O45 -> 192 | P5: =SUMIF($D$8:$D$53,$D5,P$8:P$53)-P45 -> 253 | Q5: =SUMIF($D$8:$D$53,$D5,Q$8:Q$53)-Q45 -> 240 | R5: =SUMIF($D$8:$D$53,$D5,R$8:R$53)-R45 -> 289 | S5: =SUMIF($D$8:$D$53,$D5,S$8:S$53)-S45 -> 188 | T5: =SUMIF($D$8:$D$53,$D5,T$8:T$53)-T45 -> 245 | U5: =SUMIF($D$8:$D$53,$D5,U$8:U$53)-U45 -> 228 | V5: =SUMIF($D$8:$D$53,$D5,V$8:V$53)-V45 -> 1635 | W5: 2639 | X5: =W5-V5 -> 1004 | Y5: =SUMIF($D$8:$D$53,$D5,Y$8:Y$53)-Y45 -> 267 | Z5: =SUMIF($D$8:$D$53,$D5,Z$8:Z$53)-Z45 -> 194 | AA5: =SUMIF($D$8:$D$53,$D5,AA$8:AA$53)-AA45 -> 276 | AB5: =SUMIF($D$8:$D$53,$D5,AB$8:AB$53)-AB45 -> 335 | AC5: =SUMIF($D$8:$D$53,$D5,AC$8:AC$53)-AC45 -> 227 | AD5: =SUMIF($D$8:$D$53,$D5,AD$8:AD$53)-AD45 -> 228 | AE5: =SUMIF($D$8:$D$53,$D5,AE$8:AE$53)-AE45 -> 196 | AF5: =SUMIF($D$8:$D$53,$D5,AF$8:AF$53)-AF45 -> 1723 | AG5: 2770 | AH5: =AG5-AF5 -> 1047 | AI5: =SUMIF($D$8:$D$53,$D5,AI$8:AI$53)-AI45 -> 224 | AJ5: =SUMIF($D$8:$D$53,$D5,AJ$8:AJ$53)-AJ45 -> 218 | AK5: =SUMIF($D$8:$D$53,$D5,AK$8:AK$53)-AK45 -> 195 | AL5: =SUMIF($D$8:$D$53,$D5,AL$8:AL$53)-AL45 -> 224 | AM5: =SUMIF($D$8:$D$53,$D5,AM$8:AM$53)-AM45 -> 243 | AN5: =SUMIF($D$8:$D$53,$D5,AN$8:AN$53)-AN45 -> 177 | AO5: =SUMIF($D$8:$D$53,$D5,AO$8:AO$53)-AO45 -> 207 | AP5: =SUMIF($D$8:$D$53,$D5,AP$8:AP$53)-AP45 -> 1488 | AQ5: 2354 | AR5: =AQ5-AP5 -> 866
D6: 프로푸트라 2단계 | E6: =SUMIF($D$8:$D$53,$D6,E$8:E$53)-E46 -> 288 | F6: =SUMIF($D$8:$D$53,$D6,F$8:F$53)-F46 -> 218 | G6: =SUMIF($D$8:$D$53,$D6,G$8:G$53)-G46 -> 233 | H6: =SUMIF($D$8:$D$53,$D6,H$8:H$53)-H46 -> 223 | I6: =SUMIF($D$8:$D$53,$D6,I$8:I$53)-I46 -> 214 | J6: =SUMIF($D$8:$D$53,$D6,J$8:J$53)-J46 -> 205 | K6: =SUMIF($D$8:$D$53,$D6,K$8:K$53)-K46 -> 270 | L6: =SUMIF($D$8:$D$53,$D6,L$8:L$53)-L46 -> 1651 | M6: 2324 | N6: =M6-L6 -> 673 | O6: =SUMIF($D$8:$D$53,$D6,O$8:O$53)-O46 -> 252 | P6: =SUMIF($D$8:$D$53,$D6,P$8:P$53)-P46 -> 226 | Q6: =SUMIF($D$8:$D$53,$D6,Q$8:Q$53)-Q46 -> 233 | R6: =SUMIF($D$8:$D$53,$D6,R$8:R$53)-R46 -> 432 | S6: =SUMIF($D$8:$D$53,$D6,S$8:S$53)-S46 -> 215 | T6: =SUMIF($D$8:$D$53,$D6,T$8:T$53)-T46 -> 258 | U6: =SUMIF($D$8:$D$53,$D6,U$8:U$53)-U46 -> 255 | V6: =SUMIF($D$8:$D$53,$D6,V$8:V$53)-V46 -> 1871 | W6: 2553 | X6: =W6-V6 -> 682 | Y6: =SUMIF($D$8:$D$53,$D6,Y$8:Y$53)-Y46 -> 217 | Z6: =SUMIF($D$8:$D$53,$D6,Z$8:Z$53)-Z46 -> 241 | AA6: =SUMIF($D$8:$D$53,$D6,AA$8:AA$53)-AA46 -> 211 | AB6: =SUMIF($D$8:$D$53,$D6,AB$8:AB$53)-AB46 -> 284 | AC6: =SUMIF($D$8:$D$53,$D6,AC$8:AC$53)-AC46 -> 229 | AD6: =SUMIF($D$8:$D$53,$D6,AD$8:AD$53)-AD46 -> 234 | AE6: =SUMIF($D$8:$D$53,$D6,AE$8:AE$53)-AE46 -> 268 | AF6: =SUMIF($D$8:$D$53,$D6,AF$8:AF$53)-AF46 -> 1684 | AG6: 2408 | AH6: =AG6-AF6 -> 724 | AI6: =SUMIF($D$8:$D$53,$D6,AI$8:AI$53)-AI46 -> 231 | AJ6: =SUMIF($D$8:$D$53,$D6,AJ$8:AJ$53)-AJ46 -> 235 | AK6: =SUMIF($D$8:$D$53,$D6,AK$8:AK$53)-AK46 -> 214 | AL6: =SUMIF($D$8:$D$53,$D6,AL$8:AL$53)-AL46 -> 248 | AM6: =SUMIF($D$8:$D$53,$D6,AM$8:AM$53)-AM46 -> 271 | AN6: =SUMIF($D$8:$D$53,$D6,AN$8:AN$53)-AN46 -> 200 | AO6: =SUMIF($D$8:$D$53,$D6,AO$8:AO$53)-AO46 -> 264 | AP6: =SUMIF($D$8:$D$53,$D6,AP$8:AP$53)-AP46 -> 1663 | AQ6: 2297 | AR6: =AQ6-AP6 -> 634
D7: 프로푸트라 3단계 | E7: =SUMIF($D$8:$D$53,$D7,E$8:E$53)-E47 -> 122 | F7: =SUMIF($D$8:$D$53,$D7,F$8:F$53)-F47 -> 134 | G7: =SUMIF($D$8:$D$53,$D7,G$8:G$53)-G47 -> 100 | H7: =SUMIF($D$8:$D$53,$D7,H$8:H$53)-H47 -> 108 | I7: =SUMIF($D$8:$D$53,$D7,I$8:I$53)-I47 -> 106 | J7: =SUMIF($D$8:$D$53,$D7,J$8:J$53)-J47 -> 91 | K7: =SUMIF($D$8:$D$53,$D7,K$8:K$53)-K47 -> 106 | L7: =SUMIF($D$8:$D$53,$D7,L$8:L$53)-L47 -> 767 | M7: 908 | N7: =M7-L7 -> 141 | O7: =SUMIF($D$8:$D$53,$D7,O$8:O$53)-O47 -> 69 | P7: =SUMIF($D$8:$D$53,$D7,P$8:P$53)-P47 -> 77 | Q7: =SUMIF($D$8:$D$53,$D7,Q$8:Q$53)-Q47 -> 117 | R7: =SUMIF($D$8:$D$53,$D7,R$8:R$53)-R47 -> 191 | S7: =SUMIF($D$8:$D$53,$D7,S$8:S$53)-S47 -> 120 | T7: =SUMIF($D$8:$D$53,$D7,T$8:T$53)-T47 -> 58 | U7: =SUMIF($D$8:$D$53,$D7,U$8:U$53)-U47 -> 127 | V7: =SUMIF($D$8:$D$53,$D7,V$8:V$53)-V47 -> 759 | W7: 933 | X7: =W7-V7 -> 174 | Y7: =SUMIF($D$8:$D$53,$D7,Y$8:Y$53)-Y47 -> 94 | Z7: =SUMIF($D$8:$D$53,$D7,Z$8:Z$53)-Z47 -> 82 | AA7: =SUMIF($D$8:$D$53,$D7,AA$8:AA$53)-AA47 -> 86 | AB7: =SUMIF($D$8:$D$53,$D7,AB$8:AB$53)-AB47 -> 98 | AC7: =SUMIF($D$8:$D$53,$D7,AC$8:AC$53)-AC47 -> 106 | AD7: =SUMIF($D$8:$D$53,$D7,AD$8:AD$53)-AD47 -> 101 | AE7: =SUMIF($D$8:$D$53,$D7,AE$8:AE$53)-AE47 -> 104 | AF7: =SUMIF($D$8:$D$53,$D7,AF$8:AF$53)-AF47 -> 671 | AG7: 822 | AH7: =AG7-AF7 -> 151 | AI7: =SUMIF($D$8:$D$53,$D7,AI$8:AI$53)-AI47 -> 97 | AJ7: =SUMIF($D$8:$D$53,$D7,AJ$8:AJ$53)-AJ47 -> 102 | AK7: =SUMIF($D$8:$D$53,$D7,AK$8:AK$53)-AK47 -> 92 | AL7: =SUMIF($D$8:$D$53,$D7,AL$8:AL$53)-AL47 -> 86 | AM7: =SUMIF($D$8:$D$53,$D7,AM$8:AM$53)-AM47 -> 104 | AN7: =SUMIF($D$8:$D$53,$D7,AN$8:AN$53)-AN47 -> 93 | AO7: =SUMIF($D$8:$D$53,$D7,AO$8:AO$53)-AO47 -> 126 | AP7: =SUMIF($D$8:$D$53,$D7,AP$8:AP$53)-AP47 -> 700 | AQ7: 842 | AR7: =AQ7-AP7 -> 142
A8: 쿠팡 | B8: 쿠팡 | C8: 45743 | D8: 프로누트라 1단계 | E8: 127 | F8: 137 | G8: 131 | H8: 127 | I8: 99 | J8: 111 | K8: 158 | L8: =SUM(E8:K8) -> 890 | O8: 98 | P8: 127 | Q8: 119 | R8: 135 | S8: 99 | T8: 104 | U8: 119 | V8: =SUM(O8:U8) -> 801 | Y8: 0 | Z8: 0 | AA8: 0 | AB8: 0 | AC8: 0 | AD8: 0 | AE8: 0 | AF8: =SUM(Y8:AE8) -> 0 | AI8: 0 | AJ8: 0 | AK8: 0 | AL8: 0 | AM8: 0 | AN8: 0 | AO8: 0 | AP8: =SUM(AI8:AO8) -> 0
A9: =A8 -> 쿠팡 | C9: 45768 | D9: 프로누트라 1단계 | E9: 0 | F9: 0 | G9: 0 | H9: 0 | I9: 0 | J9: 0 | K9: 0 | L9: =SUM(E9:K9) -> 0 | O9: 0 | P9: 0 | Q9: 0 | R9: 0 | S9: 0 | T9: 0 | U9: 0 | V9: =SUM(O9:U9) -> 0 | Y9: 127 | Z9: 139 | AA9: 124 | AB9: 126 | AC9: 124 | AD9: 153 | AE9: 132 | AF9: =SUM(Y9:AE9) -> 925 | AI9: 113 | AJ9: 125 | AK9: 137 | AL9: 120 | AM9: 124 | AN9: 108 | AO9: 125 | AP9: =SUM(AI9:AO9) -> 852
A10: =A9 -> 쿠팡 | C10: 45803 | D10: 프로누트라 2단계 | E10: 176 | F10: 155 | G10: 140 | H10: 156 | I10: 139 | J10: 143 | K10: 126 | L10: =SUM(E10:K10) -> 1035 | O10: 156 | P10: 155 | Q10: 142 | R10: 129 | S10: 117 | T10: 174 | U10: 138 | V10: =SUM(O10:U10) -> 1011 | Y10: 132 | Z10: 104 | AA10: 145 | AB10: 114 | AC10: 124 | AD10: 95 | AE10: 145 | AF10: =SUM(Y10:AE10) -> 859 | AI10: 144 | AJ10: 142 | AK10: 143 | AL10: 120 | AM10: 170 | AN10: 146 | AO10: 149 | AP10: =SUM(AI10:AO10) -> 1014
A11: =A10 -> 쿠팡 | C11: 45795 | D11: 프로누트라 3단계 | E11: 86 | F11: 54 | G11: 63 | H11: 71 | I11: 70 | J11: 65 | K11: 55 | L11: =SUM(E11:K11) -> 464 | O11: 54 | P11: 62 | Q11: 45 | R11: 59 | S11: 35 | T11: 61 | U11: 50 | V11: =SUM(O11:U11) -> 366 | Y11: 66 | Z11: 70 | AA11: 39 | AB11: 64 | AC11: 42 | AD11: 65 | AE11: 73 | AF11: =SUM(Y11:AE11) -> 419 | AI11: 51 | AJ11: 43 | AK11: 61 | AL11: 68 | AM11: 58 | AN11: 47 | AO11: 49 | AP11: =SUM(AI11:AO11) -> 377
A12: =A11 -> 쿠팡 | C12: 46122 | D12: 프로푸트라 1단계 | E12: 179 | F12: 175 | G12: 214 | H12: 153 | I12: 154 | J12: 156 | K12: 140 | L12: =SUM(E12:K12) -> 1171 | O12: 137 | P12: 174 | Q12: 183 | R12: 144 | S12: 136 | T12: 206 | U12: 145 | V12: =SUM(O12:U12) -> 1125 | Y12: 187 | Z12: 130 | AA12: 212 | AB12: 177 | AC12: 144 | AD12: 135 | AE12: 122 | AF12: =SUM(Y12:AE12) -> 1107 | AI12: 150 | AJ12: 180 | AK12: 140 | AL12: 160 | AM12: 183 | AN12: 141 | AO12: 153 | AP12: =SUM(AI12:AO12) -> 1107
A13: =A12 -> 쿠팡 | C13: 46067 | D13: 프로푸트라 2단계 | E13: 205 | F13: 149 | G13: 162 | H13: 161 | I13: 127 | J13: 118 | K13: 181 | L13: =SUM(E13:K13) -> 1103 | O13: 169 | P13: 147 | Q13: 163 | R13: 174 | S13: 139 | T13: 209 | U13: 166 | V13: =SUM(O13:U13) -> 1167 | Y13: 144 | Z13: 160 | AA13: 156 | AB13: 131 | AC13: 140 | AD13: 142 | AE13: 180 | AF13: =SUM(Y13:AE13) -> 1053 | AI13: 152 | AJ13: 176 | AK13: 123 | AL13: 173 | AM13: 171 | AN13: 158 | AO13: 175 | AP13: =SUM(AI13:AO13) -> 1128
A14: =A13 -> 쿠팡 | C14: 46089 | D14: 프로푸트라 3단계 | E14: 69 | F14: 75 | G14: 64 | H14: 64 | I14: 64 | J14: 50 | K14: 59 | L14: =SUM(E14:K14) -> 445 | O14: 41 | P14: 47 | Q14: 69 | R14: 63 | S14: 66 | T14: 39 | U14: 75 | V14: =SUM(O14:U14) -> 400 | Y14: 44 | Z14: 45 | AA14: 45 | AB14: 46 | AC14: 54 | AD14: 57 | AE14: 76 | AF14: =SUM(Y14:AE14) -> 367 | AI14: 0 | AJ14: 0 | AK14: 0 | AL14: 0 | AM14: 0 | AN14: 0 | AO14: 0 | AP14: =SUM(AI14:AO14) -> 0
A15: =A13 -> 쿠팡 | C15: 46158 | D15: 프로푸트라 3단계 | E15: 0 | F15: 0 | G15: 0 | H15: 0 | I15: 0 | J15: 0 | K15: 0 | L15: =SUM(E15:K15) -> 0 | O15: 0 | P15: 0 | Q15: 0 | R15: 0 | S15: 0 | T15: 0 | U15: 0 | V15: =SUM(O15:U15) -> 0 | Y15: 0 | Z15: 0 | AA15: 0 | AB15: 0 | AC15: 0 | AD15: 0 | AE15: 0 | AF15: =SUM(Y15:AE15) -> 0 | AI15: 53 | AJ15: 71 | AK15: 48 | AL15: 51 | AM15: 49 | AN15: 71 | AO15: 61 | AP15: =SUM(AI15:AO15) -> 404
A16: 컬리 | B16: 컬리 | C16: 45915 | D16: 프로누트라 1단계 | E16: 0 | F16: 0 | G16: 0 | H16: 0 | I16: 0 | J16: 0 | K16: 0 | L16: =SUM(E16:K16) -> 0 | O16: 0 | P16: 0 | Q16: 0 | R16: 0 | S16: 0 | T16: 0 | U16: 0 | V16: =SUM(O16:U16) -> 0 | Y16: 0 | Z16: 0 | AA16: 0 | AB16: 20 | AC16: 0 | AD16: 0 | AE16: 0 | AF16: =SUM(Y16:AE16) -> 20 | AI16: 0 | AJ16: 0 | AK16: 0 | AL16: 0 | AM16: 0 | AN16: 0 | AO16: 0 | AP16: =SUM(AI16:AO16) -> 0
A17: 컬리 | C17: 45803 | D17: 프로누트라 2단계 | E17: 0 | F17: 0 | G17: 0 | H17: 0 | I17: 0 | J17: 0 | K17: 0 | L17: =SUM(E17:K17) -> 0 | O17: 0 | P17: 0 | Q17: 0 | R17: 48 | S17: 0 | T17: 0 | U17: 0 | V17: =SUM(O17:U17) -> 48 | Y17: 0 | Z17: 0 | AA17: 0 | AB17: 24 | AC17: 0 | AD17: 0 | AE17: 0 | AF17: =SUM(Y17:AE17) -> 24 | AI17: 0 | AJ17: 0 | AK17: 0 | AL17: 0 | AM17: 0 | AN17: 0 | AO17: 0 | AP17: =SUM(AI17:AO17) -> 0
A18: =A16 -> 컬리 | C18: 45843 | D18: 프로누트라 2단계 | E18: 0 | F18: 0 | G18: 0 | H18: 0 | I18: 0 | J18: 0 | K18: 0 | L18: =SUM(E18:K18) -> 0 | O18: 0 | P18: 0 | Q18: 0 | R18: 0 | S18: 0 | T18: 0 | U18: 0 | V18: =SUM(O18:U18) -> 0 | Y18: 0 | Z18: 0 | AA18: 0 | AB18: 0 | AC18: 0 | AD18: 0 | AE18: 0 | AF18: =SUM(Y18:AE18) -> 0 | AI18: 0 | AJ18: 0 | AK18: 0 | AL18: 0 | AM18: 0 | AN18: 0 | AO18: 0 | AP18: =SUM(AI18:AO18) -> 0
A19: 컬리 | C19: 45795 | D19: 프로누트라 3단계 | E19: 0 | F19: 0 | G19: 0 | H19: 0 | I19: 0 | J19: 0 | K19: 0 | L19: =SUM(E19:K19) -> 0 | O19: 0 | P19: 0 | Q19: 0 | R19: 24 | S19: 0 | T19: 0 | U19: 0 | V19: =SUM(O19:U19) -> 24 | Y19: 0 | Z19: 0 | AA19: 0 | AB19: 40 | AC19: 0 | AD19: 0 | AE19: 0 | AF19: =SUM(Y19:AE19) -> 40 | AI19: 0 | AJ19: 0 | AK19: 0 | AL19: 0 | AM19: 0 | AN19: 0 | AO19: 0 | AP19: =SUM(AI19:AO19) -> 0
A20: =A18 -> 컬리 | C20: 45850 | D20: 프로누트라 3단계 | E20: 0 | F20: 0 | G20: 0 | H20: 0 | I20: 0 | J20: 0 | K20: 0 | L20: =SUM(E20:K20) -> 0 | O20: 0 | P20: 0 | Q20: 0 | R20: 0 | S20: 0 | T20: 0 | U20: 0 | V20: =SUM(O20:U20) -> 0 | Y20: 0 | Z20: 0 | AA20: 0 | AB20: 0 | AC20: 0 | AD20: 0 | AE20: 0 | AF20: =SUM(Y20:AE20) -> 0 | AI20: 0 | AJ20: 0 | AK20: 0 | AL20: 0 | AM20: 0 | AN20: 0 | AO20: 0 | AP20: =SUM(AI20:AO20) -> 0
A21: =A20 -> 컬리 | C21: 46122 | D21: 프로푸트라 1단계 | E21: 0 | F21: 0 | G21: 0 | H21: 0 | I21: 0 | J21: 0 | K21: 0 | L21: =SUM(E21:K21) -> 0 | O21: 0 | P21: 0 | Q21: 0 | R21: 76 | S21: 0 | T21: 0 | U21: 0 | V21: =SUM(O21:U21) -> 76 | Y21: 0 | Z21: 0 | AA21: 0 | AB21: 96 | AC21: 0 | AD21: 0 | AE21: 0 | AF21: =SUM(Y21:AE21) -> 96 | AI21: 0 | AJ21: 0 | AK21: 0 | AL21: 0 | AM21: 0 | AN21: 0 | AO21: 0 | AP21: =SUM(AI21:AO21) -> 0
A22: =A21 -> 컬리 | C22: 46067 | D22: 프로푸트라 2단계 | E22: 0 | F22: 0 | G22: 0 | H22: 0 | I22: 0 | J22: 0 | K22: 0 | L22: =SUM(E22:K22) -> 0 | O22: 0 | P22: 0 | Q22: 0 | R22: 188 | S22: 0 | T22: 0 | U22: 0 | V22: =SUM(O22:U22) -> 188 | Y22: 0 | Z22: 0 | AA22: 0 | AB22: 92 | AC22: 0 | AD22: 0 | AE22: 0 | AF22: =SUM(Y22:AE22) -> 92 | AI22: 0 | AJ22: 0 | AK22: 0 | AL22: 0 | AM22: 0 | AN22: 0 | AO22: 0 | AP22: =SUM(AI22:AO22) -> 0
A23: =A22 -> 컬리 | C23: 46089 | D23: 프로푸트라 3단계 | E23: 0 | F23: 0 | G23: 0 | H23: 0 | I23: 0 | J23: 0 | K23: 0 | L23: =SUM(E23:K23) -> 0 | O23: 0 | P23: 0 | Q23: 0 | R23: 76 | S23: 0 | T23: 0 | U23: 0 | V23: =SUM(O23:U23) -> 76 | Y23: 0 | Z23: 0 | AA23: 0 | AB23: 16 | AC23: 0 | AD23: 0 | AE23: 0 | AF23: =SUM(Y23:AE23) -> 16 | AI23: 0 | AJ23: 0 | AK23: 0 | AL23: 0 | AM23: 0 | AN23: 0 | AO23: 0 | AP23: =SUM(AI23:AO23) -> 0
A24: 이마트-온라인 | B24: 이마트-온라인 | C24: 45768 | D24: 프로누트라 1단계 | E24: 2 | F24: 6 | G24: 12 | H24: 13 | I24: 8 | J24: 4 | K24: 7 | L24: =SUM(E24:K24) -> 52 | O24: 15 | P24: 4 | Q24: 10 | R24: 14 | S24: 11 | T24: 0 | U24: 7 | V24: =SUM(O24:U24) -> 61 | Y24: 16 | Z24: 9 | AA24: 2 | AB24: 6 | AC24: 9 | AD24: 11 | AE24: 11 | AF24: =SUM(Y24:AE24) -> 64 | AI24: 7 | AJ24: 6 | AK24: 7 | AL24: 9 | AM24: 5 | AN24: 6 | AO24: 14 | AP24: =SUM(AI24:AO24) -> 54
A25: =A24 -> 이마트-온라인 | C25: 45803 | D25: 프로누트라 2단계 | E25: 6 | F25: 11 | G25: 9 | H25: 11 | I25: 3 | J25: 11 | K25: 5 | L25: =SUM(E25:K25) -> 56 | O25: 6 | P25: 8 | Q25: 8 | R25: 15 | S25: 7 | T25: 0 | U25: 2 | V25: =SUM(O25:U25) -> 46 | Y25: 8 | Z25: 10 | AA25: 4 | AB25: 9 | AC25: 11 | AD25: 6 | AE25: 12 | AF25: =SUM(Y25:AE25) -> 60 | AI25: 7 | AJ25: 9 | AK25: 12 | AL25: 10 | AM25: 3 | AN25: 4 | AO25: 8 | AP25: =SUM(AI25:AO25) -> 53
A26: =A25 -> 이마트-온라인 | C26: 45795 | D26: 프로누트라 3단계 | E26: 5 | F26: 3 | G26: 1 | H26: 6 | I26: 5 | J26: 5 | K26: 6 | L26: =SUM(E26:K26) -> 31 | O26: 4 | P26: 2 | Q26: 7 | R26: 8 | S26: 4 | T26: 3 | U26: 5 | V26: =SUM(O26:U26) -> 33 | Y26: 8 | Z26: 1 | AA26: 9 | AB26: 5 | AC26: 6 | AD26: 2 | AE26: 4 | AF26: =SUM(Y26:AE26) -> 35 | AI26: 8 | AJ26: 4 | AK26: 4 | AL26: 5 | AM26: 2 | AN26: 2 | AO26: 4 | AP26: =SUM(AI26:AO26) -> 29
A27: =A26 -> 이마트-온라인 | C27: 46122 | D27: 프로푸트라 1단계 | E27: 5 | F27: 13 | G27: 12 | H27: 6 | I27: 8 | J27: 11 | K27: 9 | L27: =SUM(E27:K27) -> 64 | O27: 3 | P27: 9 | Q27: 14 | R27: 11 | S27: 11 | T27: 3 | U27: 7 | V27: =SUM(O27:U27) -> 58 | Y27: 10 | Z27: 7 | AA27: 5 | AB27: 6 | AC27: 2 | AD27: 12 | AE27: 14 | AF27: =SUM(Y27:AE27) -> 56 | AI27: 8 | AJ27: 2 | AK27: 11 | AL27: 9 | AM27: 13 | AN27: 2 | AO27: 13 | AP27: =SUM(AI27:AO27) -> 58
A28: =A27 -> 이마트-온라인 | C28: 46067 | D28: 프로푸트라 2단계 | E28: 10 | F28: 14 | G28: 15 | H28: 7 | I28: 12 | J28: 11 | K28: 18 | L28: =SUM(E28:K28) -> 87 | O28: 20 | P28: 5 | Q28: 4 | R28: 8 | S28: 11 | T28: 8 | U28: 18 | V28: =SUM(O28:U28) -> 74 | Y28: 11 | Z28: 9 | AA28: 17 | AB28: 15 | AC28: 8 | AD28: 18 | AE28: 22 | AF28: =SUM(Y28:AE28) -> 100 | AI28: 10 | AJ28: 12 | AK28: 14 | AL28: 15 | AM28: 11 | AN28: 1 | AO28: 10 | AP28: =SUM(AI28:AO28) -> 73
A29: =A28 -> 이마트-온라인 | C29: 46089 | D29: 프로푸트라 3단계 | E29: 9 | F29: 12 | G29: 6 | H29: 3 | I29: 8 | J29: 3 | K29: 3 | L29: =SUM(E29:K29) -> 44 | O29: 6 | P29: 3 | Q29: 8 | R29: 4 | S29: 11 | T29: 1 | U29: 7 | V29: =SUM(O29:U29) -> 40 | Y29: 9 | Z29: 7 | AA29: 2 | AB29: 6 | AC29: 4 | AD29: 6 | AE29: 5 | AF29: =SUM(Y29:AE29) -> 39 | AI29: 12 | AJ29: 5 | AK29: 5 | AL29: 3 | AM29: 7 | AN29: 3 | AO29: 12 | AP29: =SUM(AI29:AO29) -> 47
A30: 이마트-ssg | B30: 이마트-ssg | C30: 45768 | D30: 프로누트라 1단계 | E30: 2 | F30: 16 | G30: 7 | H30: 9 | I30: 7 | J30: 5 | K30: 5 | L30: =SUM(E30:K30) -> 51 | O30: 8 | P30: 1 | Q30: 4 | R30: 0 | S30: 0 | T30: 4 | U30: 14 | V30: =SUM(O30:U30) -> 31 | Y30: 3 | Z30: 8 | AA30: 9 | AB30: 11 | AC30: 5 | AD30: 0 | AE30: 1 | AF30: =SUM(Y30:AE30) -> 37 | AI30: 3 | AJ30: 17 | AK30: 23 | AL30: 30 | AM30: 5 | AN30: 4 | AO30: 13 | AP30: =SUM(AI30:AO30) -> 95
A31: =A30 -> 이마트-ssg | C31: 45803 | D31: 프로누트라 2단계 | E31: 4 | F31: 3 | G31: 2 | H31: 4 | I31: 3 | J31: 5 | K31: 4 | L31: =SUM(E31:K31) -> 25 | O31: 2 | P31: 2 | Q31: 13 | R31: 20 | S31: 3 | T31: 2 | U31: 6 | V31: =SUM(O31:U31) -> 48 | Y31: 7 | Z31: 2 | AA31: 5 | AB31: 1 | AC31: 4 | AD31: 0 | AE31: 2 | AF31: =SUM(Y31:AE31) -> 21 | AI31: 8 | AJ31: 4 | AK31: 9 | AL31: 6 | AM31: 3 | AN31: 1 | AO31: 6 | AP31: =SUM(AI31:AO31) -> 37
A32: =A31 -> 이마트-ssg | C32: 45795 | D32: 프로누트라 3단계 | E32: 2 | F32: 8 | G32: 1 | H32: 1 | I32: 1 | J32: 0 | K32: 3 | L32: =SUM(E32:K32) -> 16 | O32: 2 | P32: 0 | Q32: 0 | R32: 2 | S32: 4 | T32: 0 | U32: 1 | V32: =SUM(O32:U32) -> 9 | Y32: 2 | Z32: 2 | AA32: 0 | AB32: 1 | AC32: 2 | AD32: 1 | AE32: 10 | AF32: =SUM(Y32:AE32) -> 18 | AI32: 3 | AJ32: 2 | AK32: 0 | AL32: 0 | AM32: 1 | AN32: 2 | AO32: 3 | AP32: =SUM(AI32:AO32) -> 11
A33: =A32 -> 이마트-ssg | C33: 46122 | D33: 프로푸트라 1단계 | E33: 16 | F33: 4 | G33: 5 | H33: 8 | I33: 3 | J33: 2 | K33: 19 | L33: =SUM(E33:K33) -> 57 | O33: 12 | P33: 11 | Q33: 4 | R33: 8 | S33: 4 | T33: 8 | U33: 8 | V33: =SUM(O33:U33) -> 55 | Y33: 13 | Z33: 6 | AA33: 14 | AB33: 11 | AC33: 7 | AD33: 2 | AE33: 13 | AF33: =SUM(Y33:AE33) -> 66 | AI33: 24 | AJ33: 1 | AK33: 13 | AL33: 8 | AM33: 5 | AN33: 3 | AO33: 5 | AP33: =SUM(AI33:AO33) -> 59
A34: =A33 -> 이마트-ssg | C34: 46067 | D34: 프로푸트라 2단계 | E34: 8 | F34: 13 | G34: 5 | H34: 5 | I34: 6 | J34: 3 | K34: 7 | L34: =SUM(E34:K34) -> 47 | O34: 12 | P34: 6 | Q34: 12 | R34: 12 | S34: 2 | T34: 2 | U34: 10 | V34: =SUM(O34:U34) -> 56 | Y34: 8 | Z34: 17 | AA34: 5 | AB34: 6 | AC34: 10 | AD34: 7 | AE34: 9 | AF34: =SUM(Y34:AE34) -> 62 | AI34: 24 | AJ34: 16 | AK34: 18 | AL34: 11 | AM34: 5 | AN34: 5 | AO34: 18 | AP34: =SUM(AI34:AO34) -> 97
A35: =A34 -> 이마트-ssg | C35: 46089 | D35: 프로푸트라 3단계 | E35: 6 | F35: 3 | G35: 2 | H35: 8 | I35: 1 | J35: 2 | K35: 3 | L35: =SUM(E35:K35) -> 25 | O35: 4 | P35: 3 | Q35: 3 | R35: 15 | S35: 2 | T35: 1 | U35: 4 | V35: =SUM(O35:U35) -> 32 | Y35: 2 | Z35: 3 | AA35: 1 | AB35: 1 | AC35: 1 | AD35: 1 | AE35: 6 | AF35: =SUM(Y35:AE35) -> 15 | AI35: 10 | AJ35: 3 | AK35: 4 | AL35: 2 | AM35: 4 | AN35: 5 | AO35: 5 | AP35: =SUM(AI35:AO35) -> 33
A36: 이마트-오프라인 | B36: 이마트-오프라인 | C36: 45768 | D36: 프로누트라 1단계 | E36: 39 | F36: 23 | G36: 28 | H36: 35 | I36: 23 | J36: 30 | K36: 14 | L36: =SUM(E36:K36) -> 192 | O36: 17 | P36: 22 | Q36: 12 | R36: 29 | S36: 29 | T36: 14 | U36: 32 | V36: =SUM(O36:U36) -> 155 | Y36: 14 | Z36: 22 | AA36: 21 | AB36: 20 | AC36: 38 | AD36: 35 | AE36: 26 | AF36: =SUM(Y36:AE36) -> 176 | AI36: 9 | AJ36: 8 | AK36: 23 | AL36: 13 | AM36: 49 | AN36: 7 | AO36: 21 | AP36: =SUM(AI36:AO36) -> 130
A37: =A36 -> 이마트-오프라인 | C37: 45803 | D37: 프로누트라 2단계 | E37: 28 | F37: 16 | G37: 29 | H37: 12 | I37: 20 | J37: 24 | K37: 16 | L37: =SUM(E37:K37) -> 145 | O37: 14 | P37: 26 | Q37: 20 | R37: 17 | S37: 30 | T37: 24 | U37: 12 | V37: =SUM(O37:U37) -> 143 | Y37: 13 | Z37: 32 | AA37: 20 | AB37: 19 | AC37: 23 | AD37: 20 | AE37: 13 | AF37: =SUM(Y37:AE37) -> 140 | AI37: 18 | AJ37: 9 | AK37: 14 | AL37: 29 | AM37: 30 | AN37: 14 | AO37: 18 | AP37: =SUM(AI37:AO37) -> 132
A38: =A37 -> 이마트-오프라인 | C38: 45795 | D38: 프로누트라 3단계 | E38: 21 | F38: 10 | G38: 7 | H38: 13 | I38: 18 | J38: 24 | K38: 14 | L38: =SUM(E38:K38) -> 107 | O38: 9 | P38: 10 | Q38: 16 | R38: 18 | S38: 24 | T38: 20 | U38: 12 | V38: =SUM(O38:U38) -> 109 | Y38: 11 | Z38: 6 | AA38: 14 | AB38: 18 | AC38: 23 | AD38: 20 | AE38: 16 | AF38: =SUM(Y38:AE38) -> 108 | AI38: 13 | AJ38: 9 | AK38: 11 | AL38: 9 | AM38: 20 | AN38: 11 | AO38: 12 | AP38: =SUM(AI38:AO38) -> 85
A39: =A38 -> 이마트-오프라인 | C39: 46122 | D39: 프로푸트라 1단계 | E39: 35 | F39: 37 | G39: 45 | H39: 43 | I39: 39 | J39: 48 | K39: 17 | L39: =SUM(E39:K39) -> 264 | O39: 30 | P39: 43 | Q39: 28 | R39: 35 | S39: 26 | T39: 23 | U39: 38 | V39: =SUM(O39:U39) -> 223 | Y39: 42 | Z39: 39 | AA39: 35 | AB39: 35 | AC39: 59 | AD39: 58 | AE39: 38 | AF39: =SUM(Y39:AE39) -> 306 | AI39: 29 | AJ39: 29 | AK39: 21 | AL39: 34 | AM39: 30 | AN39: 24 | AO39: 31 | AP39: =SUM(AI39:AO39) -> 198
A40: =A39 -> 이마트-오프라인 | C40: 46067 | D40: 프로푸트라 2단계 | E40: 46 | F40: 25 | G40: 37 | H40: 39 | I40: 45 | J40: 48 | K40: 36 | L40: =SUM(E40:K40) -> 276 | O40: 40 | P40: 47 | Q40: 34 | R40: 27 | S40: 39 | T40: 29 | U40: 52 | V40: =SUM(O40:U40) -> 268 | Y40: 36 | Z40: 40 | AA40: 14 | AB40: 27 | AC40: 56 | AD40: 52 | AE40: 36 | AF40: =SUM(Y40:AE40) -> 261 | AI40: 25 | AJ40: 25 | AK40: 45 | AL40: 30 | AM40: 54 | AN40: 28 | AO40: 42 | AP40: =SUM(AI40:AO40) -> 249
A41: =A40 -> 이마트-오프라인 | C41: 46089 | D41: 프로푸트라 3단계 | E41: 28 | F41: 25 | G41: 20 | H41: 22 | I41: 25 | J41: 25 | K41: 28 | L41: =SUM(E41:K41) -> 173 | O41: 14 | P41: 19 | Q41: 26 | R41: 25 | S41: 34 | T41: 13 | U41: 27 | V41: =SUM(O41:U41) -> 158 | Y41: 23 | Z41: 19 | AA41: 30 | AB41: 20 | AC41: 35 | AD41: 32 | AE41: 9 | AF41: =SUM(Y41:AE41) -> 168 | AI41: 16 | AJ41: 17 | AK41: 27 | AL41: 24 | AM41: 36 | AN41: 10 | AO41: 23 | AP41: =SUM(AI41:AO41) -> 153
A42: 이마트 | B42: 이마트 | C42: 45768 | D42: 프로누트라 1단계 | E42: =E24+E30+E36 -> 43 | F42: =F24+F30+F36 -> 45 | G42: =G24+G30+G36 -> 47 | H42: =H24+H30+H36 -> 57 | I42: =I24+I30+I36 -> 38 | J42: =J24+J30+J36 -> 39 | K42: =K24+K30+K36 -> 26 | L42: =L24+L30+L36 -> 295 | O42: =O24+O30+O36 -> 40 | P42: =P24+P30+P36 -> 27 | Q42: =Q24+Q30+Q36 -> 26 | R42: =R24+R30+R36 -> 43 | S42: =S24+S30+S36 -> 40 | T42: =T24+T30+T36 -> 18 | U42: =U24+U30+U36 -> 53 | V42: =V24+V30+V36 -> 247 | Y42: =Y24+Y30+Y36 -> 33 | Z42: =Z24+Z30+Z36 -> 39 | AA42: =AA24+AA30+AA36 -> 32 | AB42: =AB24+AB30+AB36 -> 37 | AC42: =AC24+AC30+AC36 -> 52 | AD42: =AD24+AD30+AD36 -> 46 | AE42: =AE24+AE30+AE36 -> 38 | AF42: =AF24+AF30+AF36 -> 277 | AI42: =AI24+AI30+AI36 -> 19 | AJ42: =AJ24+AJ30+AJ36 -> 31 | AK42: =AK24+AK30+AK36 -> 53 | AL42: =AL24+AL30+AL36 -> 52 | AM42: =AM24+AM30+AM36 -> 59 | AN42: =AN24+AN30+AN36 -> 17 | AO42: =AO24+AO30+AO36 -> 48 | AP42: =AP24+AP30+AP36 -> 279
A43: =A42 -> 이마트 | C43: 45803 | D43: 프로누트라 2단계 | E43: =E25+E31+E37 -> 38 | F43: =F25+F31+F37 -> 30 | G43: =G25+G31+G37 -> 40 | H43: =H25+H31+H37 -> 27 | I43: =I25+I31+I37 -> 26 | J43: =J25+J31+J37 -> 40 | K43: =K25+K31+K37 -> 25 | L43: =L25+L31+L37 -> 226 | O43: =O25+O31+O37 -> 22 | P43: =P25+P31+P37 -> 36 | Q43: =Q25+Q31+Q37 -> 41 | R43: =R25+R31+R37 -> 52 | S43: =S25+S31+S37 -> 40 | T43: =T25+T31+T37 -> 26 | U43: =U25+U31+U37 -> 20 | V43: =V25+V31+V37 -> 237 | Y43: =Y25+Y31+Y37 -> 28 | Z43: =Z25+Z31+Z37 -> 44 | AA43: =AA25+AA31+AA37 -> 29 | AB43: =AB25+AB31+AB37 -> 29 | AC43: =AC25+AC31+AC37 -> 38 | AD43: =AD25+AD31+AD37 -> 26 | AE43: =AE25+AE31+AE37 -> 27 | AF43: =AF25+AF31+AF37 -> 221 | AI43: =AI25+AI31+AI37 -> 33 | AJ43: =AJ25+AJ31+AJ37 -> 22 | AK43: =AK25+AK31+AK37 -> 35 | AL43: =AL25+AL31+AL37 -> 45 | AM43: =AM25+AM31+AM37 -> 36 | AN43: =AN25+AN31+AN37 -> 19 | AO43: =AO25+AO31+AO37 -> 32 | AP43: =AP25+AP31+AP37 -> 222
A44: =A43 -> 이마트 | C44: 45795 | D44: 프로누트라 3단계 | E44: =E26+E32+E38 -> 28 | F44: =F26+F32+F38 -> 21 | G44: =G26+G32+G38 -> 9 | H44: =H26+H32+H38 -> 20 | I44: =I26+I32+I38 -> 24 | J44: =J26+J32+J38 -> 29 | K44: =K26+K32+K38 -> 23 | L44: =L26+L32+L38 -> 154 | O44: =O26+O32+O38 -> 15 | P44: =P26+P32+P38 -> 12 | Q44: =Q26+Q32+Q38 -> 23 | R44: =R26+R32+R38 -> 28 | S44: =S26+S32+S38 -> 32 | T44: =T26+T32+T38 -> 23 | U44: =U26+U32+U38 -> 18 | V44: =V26+V32+V38 -> 151 | Y44: =Y26+Y32+Y38 -> 21 | Z44: =Z26+Z32+Z38 -> 9 | AA44: =AA26+AA32+AA38 -> 23 | AB44: =AB26+AB32+AB38 -> 24 | AC44: =AC26+AC32+AC38 -> 31 | AD44: =AD26+AD32+AD38 -> 23 | AE44: =AE26+AE32+AE38 -> 30 | AF44: =AF26+AF32+AF38 -> 161 | AI44: =AI26+AI32+AI38 -> 24 | AJ44: =AJ26+AJ32+AJ38 -> 15 | AK44: =AK26+AK32+AK38 -> 15 | AL44: =AL26+AL32+AL38 -> 14 | AM44: =AM26+AM32+AM38 -> 23 | AN44: =AN26+AN32+AN38 -> 15 | AO44: =AO26+AO32+AO38 -> 19 | AP44: =AP26+AP32+AP38 -> 125
A45: =A44 -> 이마트 | C45: 46122 | D45: 프로푸트라 1단계 | E45: =E27+E33+E39 -> 56 | F45: =F27+F33+F39 -> 54 | G45: =G27+G33+G39 -> 62 | H45: =H27+H33+H39 -> 57 | I45: =I27+I33+I39 -> 50 | J45: =J27+J33+J39 -> 61 | K45: =K27+K33+K39 -> 45 | L45: =L27+L33+L39 -> 385 | O45: =O27+O33+O39 -> 45 | P45: =P27+P33+P39 -> 63 | Q45: =Q27+Q33+Q39 -> 46 | R45: =R27+R33+R39 -> 54 | S45: =S27+S33+S39 -> 41 | T45: =T27+T33+T39 -> 34 | U45: =U27+U33+U39 -> 53 | V45: =V27+V33+V39 -> 336 | Y45: =Y27+Y33+Y39 -> 65 | Z45: =Z27+Z33+Z39 -> 52 | AA45: =AA27+AA33+AA39 -> 54 | AB45: =AB27+AB33+AB39 -> 52 | AC45: =AC27+AC33+AC39 -> 68 | AD45: =AD27+AD33+AD39 -> 72 | AE45: =AE27+AE33+AE39 -> 65 | AF45: =AF27+AF33+AF39 -> 428 | AI45: =AI27+AI33+AI39 -> 61 | AJ45: =AJ27+AJ33+AJ39 -> 32 | AK45: =AK27+AK33+AK39 -> 45 | AL45: =AL27+AL33+AL39 -> 51 | AM45: =AM27+AM33+AM39 -> 48 | AN45: =AN27+AN33+AN39 -> 29 | AO45: =AO27+AO33+AO39 -> 49 | AP45: =AP27+AP33+AP39 -> 315
A46: =A45 -> 이마트 | C46: 46067 | D46: 프로푸트라 2단계 | E46: =E28+E34+E40 -> 64 | F46: =F28+F34+F40 -> 52 | G46: =G28+G34+G40 -> 57 | H46: =H28+H34+H40 -> 51 | I46: =I28+I34+I40 -> 63 | J46: =J28+J34+J40 -> 62 | K46: =K28+K34+K40 -> 61 | L46: =L28+L34+L40 -> 410 | O46: =O28+O34+O40 -> 72 | P46: =P28+P34+P40 -> 58 | Q46: =Q28+Q34+Q40 -> 50 | R46: =R28+R34+R40 -> 47 | S46: =S28+S34+S40 -> 52 | T46: =T28+T34+T40 -> 39 | U46: =U28+U34+U40 -> 80 | V46: =V28+V34+V40 -> 398 | Y46: =Y28+Y34+Y40 -> 55 | Z46: =Z28+Z34+Z40 -> 66 | AA46: =AA28+AA34+AA40 -> 36 | AB46: =AB28+AB34+AB40 -> 48 | AC46: =AC28+AC34+AC40 -> 74 | AD46: =AD28+AD34+AD40 -> 77 | AE46: =AE28+AE34+AE40 -> 67 | AF46: =AF28+AF34+AF40 -> 423 | AI46: =AI28+AI34+AI40 -> 59 | AJ46: =AJ28+AJ34+AJ40 -> 53 | AK46: =AK28+AK34+AK40 -> 77 | AL46: =AL28+AL34+AL40 -> 56 | AM46: =AM28+AM34+AM40 -> 70 | AN46: =AN28+AN34+AN40 -> 34 | AO46: =AO28+AO34+AO40 -> 70 | AP46: =AP28+AP34+AP40 -> 419
A47: =A46 -> 이마트 | C47: 46089 | D47: 프로푸트라 3단계 | E47: =E29+E35+E41 -> 43 | F47: =F29+F35+F41 -> 40 | G47: =G29+G35+G41 -> 28 | H47: =H29+H35+H41 -> 33 | I47: =I29+I35+I41 -> 34 | J47: =J29+J35+J41 -> 30 | K47: =K29+K35+K41 -> 34 | L47: =L29+L35+L41 -> 242 | O47: =O29+O35+O41 -> 24 | P47: =P29+P35+P41 -> 25 | Q47: =Q29+Q35+Q41 -> 37 | R47: =R29+R35+R41 -> 44 | S47: =S29+S35+S41 -> 47 | T47: =T29+T35+T41 -> 15 | U47: =U29+U35+U41 -> 38 | V47: =V29+V35+V41 -> 230 | Y47: =Y29+Y35+Y41 -> 34 | Z47: =Z29+Z35+Z41 -> 29 | AA47: =AA29+AA35+AA41 -> 33 | AB47: =AB29+AB35+AB41 -> 27 | AC47: =AC29+AC35+AC41 -> 40 | AD47: =AD29+AD35+AD41 -> 39 | AE47: =AE29+AE35+AE41 -> 20 | AF47: =AF29+AF35+AF41 -> 222 | AI47: =AI29+AI35+AI41 -> 38 | AJ47: =AJ29+AJ35+AJ41 -> 25 | AK47: =AK29+AK35+AK41 -> 36 | AL47: =AL29+AL35+AL41 -> 29 | AM47: =AM29+AM35+AM41 -> 47 | AN47: =AN29+AN35+AN41 -> 18 | AO47: =AO29+AO35+AO41 -> 40 | AP47: =AP29+AP35+AP41 -> 233
A48: 롯데마트 | B48: 롯데마트 | C48: 45915 | D48: 프로누트라 1단계 | E48: 6 | F48: 4 | G48: 1 | H48: 9 | I48: 6 | J48: 3 | K48: 4 | L48: =SUM(E48:K48) -> 33 | O48: 5 | P48: 13 | Q48: 4 | R48: 6 | S48: 11 | T48: 3 | U48: 4 | V48: =SUM(O48:U48) -> 46 | Y48: 12 | Z48: 1 | AA48: 5 | AB48: 7 | AC48: 11 | AD48: 10 | AE48: 2 | AF48: =SUM(Y48:AE48) -> 48 | AI48: 4 | AJ48: 3 | AK48: 5 | AL48: 7 | AM48: 14 | AN48: 3 | AO48: 12 | AP48: =SUM(AI48:AO48) -> 48
A49: =A48 -> 롯데마트 | C49: 45843 | D49: 프로누트라 2단계 | E49: 7 | F49: 7 | G49: 7 | H49: 5 | I49: 4 | J49: 13 | K49: 9 | L49: =SUM(E49:K49) -> 52 | O49: 6 | P49: 5 | Q49: 11 | R49: 4 | S49: 5 | T49: 2 | U49: 8 | V49: =SUM(O49:U49) -> 41 | Y49: 7 | Z49: 7 | AA49: 8 | AB49: 6 | AC49: 12 | AD49: 5 | AE49: 7 | AF49: =SUM(Y49:AE49) -> 52 | AI49: 3 | AJ49: 9 | AK49: 6 | AL49: 4 | AM49: 7 | AN49: 6 | AO49: 14 | AP49: =SUM(AI49:AO49) -> 49
A50: =A49 -> 롯데마트 | C50: 45795 | D50: 프로누트라 3단계 | E50: 5 | F50: 6 | G50: 11 | H50: 6 | I50: 6 | J50: 9 | K50: 9 | L50: =SUM(E50:K50) -> 52 | O50: 3 | P50: 4 | Q50: 11 | R50: 4 | S50: 7 | T50: 4 | U50: 4 | V50: =SUM(O50:U50) -> 37 | Y50: 9 | Z50: 7 | AA50: 4 | AB50: 2 | AC50: 16 | AD50: 11 | AE50: 15 | AF50: =SUM(Y50:AE50) -> 64 | AI50: 7 | AJ50: 2 | AK50: 10 | AL50: 8 | AM50: 9 | AN50: 1 | AO50: 4 | AP50: =SUM(AI50:AO50) -> 41
A51: =A50 -> 롯데마트 | C51: 46122 | D51: 프로푸트라 1단계 | E51: 18 | F51: 12 | G51: 21 | H51: 11 | I51: 15 | J51: 19 | K51: 7 | L51: =SUM(E51:K51) -> 103 | O51: 10 | P51: 16 | Q51: 11 | R51: 15 | S51: 11 | T51: 5 | U51: 30 | V51: =SUM(O51:U51) -> 98 | Y51: 15 | Z51: 12 | AA51: 10 | AB51: 10 | AC51: 15 | AD51: 21 | AE51: 9 | AF51: =SUM(Y51:AE51) -> 92 | AI51: 13 | AJ51: 6 | AK51: 10 | AL51: 13 | AM51: 12 | AN51: 7 | AO51: 5 | AP51: =SUM(AI51:AO51) -> 66
A52: =A51 -> 롯데마트 | C52: 46067 | D52: 프로푸트라 2단계 | E52: 19 | F52: 17 | G52: 14 | H52: 11 | I52: 24 | J52: 25 | K52: 28 | L52: =SUM(E52:K52) -> 138 | O52: 11 | P52: 21 | Q52: 20 | R52: 23 | S52: 24 | T52: 10 | U52: 9 | V52: =SUM(O52:U52) -> 118 | Y52: 18 | Z52: 15 | AA52: 19 | AB52: 13 | AC52: 15 | AD52: 15 | AE52: 21 | AF52: =SUM(Y52:AE52) -> 116 | AI52: 20 | AJ52: 6 | AK52: 14 | AL52: 19 | AM52: 30 | AN52: 8 | AO52: 19 | AP52: =SUM(AI52:AO52) -> 116
A53: =A52 -> 롯데마트 | C53: 46089 | D53: 프로푸트라 3단계 | E53: 10 | F53: 19 | G53: 8 | H53: 11 | I53: 8 | J53: 11 | K53: 13 | L53: =SUM(E53:K53) -> 80 | O53: 4 | P53: 5 | Q53: 11 | R53: 8 | S53: 7 | T53: 4 | U53: 14 | V53: =SUM(O53:U53) -> 53 | Y53: 16 | Z53: 8 | AA53: 8 | AB53: 9 | AC53: 12 | AD53: 5 | AE53: 8 | AF53: =SUM(Y53:AE53) -> 66 | AI53: 6 | AJ53: 6 | AK53: 8 | AL53: 6 | AM53: 8 | AN53: 4 | AO53: 25 | AP53: =SUM(AI53:AO53) -> 63
B56: 입고 가능 일수
B57: 이마트 | C57: 160 | D57: =TODAY()+C57 -> 46149
B58: 롯데마트 | C58: 210 | D58: =TODAY()+C58 -> 46199
B59: 쿠팡 | C59: 163 | D59: =TODAY()+C59 -> 46152
B60: 컬리 | C60: 170 | D60: =TODAY()+C60 -> 46159
B62: 현재 납품 중 유통기한
B63: 이마트 | C63: 45768 | D63: 프로누트라 1단계
C64: 45803 | D64: 프로누트라 2단계
C65: 45795 | D65: 프로누트라 3단계
B66: 롯데마트 | C66: 45915 | D66: 프로누트라 1단계
C67: 45843 | D67: 프로누트라 2단계
C68: 45795 | D68: 프로누트라 3단계
B69: 쿠팡 | C69: 45915 | D69: 프로누트라 1단계
C70: 45803 | D70: 프로누트라 2단계
C71: 45795 | D71: 프로누트라 3단계
B72: 컬리 | C72: 45915 | D72: 프로누트라 1단계
C73: 45843 | D73: 프로누트라 2단계
C74: 45850 | D74: 프로누트라 3단계
