Workbook
Name Report1.Header: 'Lookup info'!$A$4:$B$4
Name Report1.Range: 'Lookup info'!$A$5:$B$45
Name Report2.Header: 'Lookup info'!$E$4:$H$4
Name Report2.Range: 'Lookup info'!$E$5:$H$20
Name Report3.Header: 'Lookup info'!#REF!
Name Report3.Range: 'Lookup info'!#REF!
Name Report4.Header: 'Lookup info'!#REF!
Name Report4.Range: 'Lookup info'!#REF!

Sheet Order
A1: Krone - South Korea
A2: Initials | B2: FS
A3: Debtor number | B3: 72858
A4: Pre-payment customer | B4: No
A5: PO/SO fulfillment date | B5: 07/26/2024
A6: Order Proposal | B6: July
A7: Order / PF number | B7: W/F/07/2024
A8: Loading | B8: Palletized
A9: Size / Type | B9: 40FT
A10: Transport | B10: Sea
A11: Combined with | B11: no
A12: Planned utilization | B12: 1
A13: Target utilization | B13: 1
A16: CORPORATE CODE | B16: PRODUCT DESCRIPTION | C16: Grams | D16: Supply Point | E16: WAREHOUSE CODE | F16: Supply Point disc. Letter | G16: Tu's per pallet | H16: SUGGESTED ORDER QUANTITY IN PALLETS | I16: SUGGESTED ORDER QUANTITY IN TU | J16: CONFIRMED ORDER QUANTITY IN PALLETS | K16: CONFIRMED ORDER QUANTITY IN TU | L16: Comments: | M16: Cus | O16: Factory | P16: SKU | Q16: Order (TU) | R16: Order (CU) | S16: Pallets
A17: 676366 | B17: APTAMIL 1 KOR 4X800G | C17: 800 | D17: Wexford | E17: =VLOOKUP($D17,'Lookup info'!$D:$H,2,FALSE) -> 0023 | F17: =VLOOKUP($D17,'Lookup info'!$D:$H,5,FALSE) -> W | G17: 144 | J17: =IF(G17="","",K17/G17) -> 0 | M17: =K17*24 -> 0 | O17: WEXFORD | P17: PN Stage pre | Q17: 576 | R17: 2,304 | S17: 4.0
A18: 676367 | B18: APTAMIL 2 KOR 4X800G | C18: 800 | D18: Wexford | E18: =VLOOKUP($D18,'Lookup info'!$D:$H,2,FALSE) -> 0023 | F18: =VLOOKUP($D18,'Lookup info'!$D:$H,5,FALSE) -> W | G18: 144 | J18: =IF(G18="","",K18/G18) -> 0 | M18: =K18*24 -> 0 | P18: PN Stage 1 | Q18: 432 | R18: 1,728 | S18: 3.0
A19: 676369 | B19: APTAMIL 3 KOR 4X800G | C19: 800 | D19: Wexford | E19: =VLOOKUP($D19,'Lookup info'!$D:$H,2,FALSE) -> 0023 | F19: =VLOOKUP($D19,'Lookup info'!$D:$H,5,FALSE) -> W | G19: 144 | J19: =IF(G19="","",K19/G19) -> 0 | M19: =K19*24 -> 0 | P19: PN Stage 2 | Q19: 720 | R19: 2,880 | S19: 5.0
A20: 677211 | B20: APTAMIL PROFUTURA 1 4X800G KOR | C20: 800 | D20: Haps | E20: =VLOOKUP($D20,'Lookup info'!$D:$H,2,FALSE) -> 0002 | F20: =VLOOKUP($D20,'Lookup info'!$D:$H,5,FALSE) -> C | G20: 96 | J20: =IF(G20="","",K20/G20) -> 0 | M20: =K20*7 -> 0 | P20: PN Stage 3 | Q20: 144 | R20: 576 | S20: 1.0
A21: 677200 | B21: APTAMIL PROFUTURA 2 4X800G KOR | C21: 800 | D21: Haps | E21: =VLOOKUP($D21,'Lookup info'!$D:$H,2,FALSE) -> 0002 | F21: =VLOOKUP($D21,'Lookup info'!$D:$H,5,FALSE) -> C | G21: 96 | J21: =IF(G21="","",K21/G21) -> 0 | M21: =K21*7 -> 0 | P21: Total | Q21: 1,872 | R21: 7,488 | S21: 13.0
A22: 677281 | B22: APTAMIL PROFUTURA 3 4X800G KOR | C22: 800 | D22: Haps | E22: =VLOOKUP($D22,'Lookup info'!$D:$H,2,FALSE) -> 0002 | F22: =VLOOKUP($D22,'Lookup info'!$D:$H,5,FALSE) -> C | G22: 96 | J22: =IF(G22="","",K22/G22) -> 0 | M22: =K22*7 -> 0 | O22: FULDA | P22: PF Stage pre | Q22: 1,248 | R22: 4,992 | S22: 13.0
A23: 677044 | B23: APT PROFUTURA PRE, KOR 4X800G | C23: 800 | D23: Fulda | E23: =VLOOKUP($D23,'[1]Lookup info'!$D:$H,2,FALSE) -> 0120 | F23: =VLOOKUP($D23,'[1]Lookup info'!$D:$H,5,FALSE) -> F | G23: 96 | H23: 38 | I23: =H23*G23 -> 3648 | J23: =IF(G23="","",K23/G23) -> 10 | K23: 960 | P23: PF Stage 1 | Q23: 1,248 | R23: 4,992 | S23: 13.0
A24: 677045 | B24: APT PROFUTURA 1, KOR 4X800G | C24: 800 | D24: Fulda | E24: =VLOOKUP($D24,'[1]Lookup info'!$D:$H,2,FALSE) -> 0120 | F24: =VLOOKUP($D24,'[1]Lookup info'!$D:$H,5,FALSE) -> F | G24: 96 | H24: 42 | I24: =H24*G24 -> 4032 | J24: =IF(G24="","",K24/G24) -> 26 | K24: 2496 | P24: PF Stage 2 | Q24: 1,632 | R24: 6,528 | S24: 17.0
A25: 677047 | B25: APT PROFUTURA 2, KOR 4X800G | C25: 800 | D25: Fulda | E25: =VLOOKUP($D25,'[1]Lookup info'!$D:$H,2,FALSE) -> 0120 | F25: =VLOOKUP($D25,'[1]Lookup info'!$D:$H,5,FALSE) -> F | G25: 96 | I25: =H25*G25 -> 0 | J25: =IF(G25="","",K25/G25) -> 30 | K25: 2880 | P25: Total | Q25: 4,128 | R25: 16,512 | S25: 43.0
A26: 673676 | B26: APTAMIL PRE 6X800G CR/SL | C26: 800 | D26: Wexford | E26: =VLOOKUP($D26,'[1]Lookup info'!$D:$H,2,FALSE) -> 0023 | F26: =VLOOKUP($D26,'[1]Lookup info'!$D:$H,5,FALSE) -> W | G26: 45 | I26: =H26*G26 -> 0 | J26: =IF(G26="","",K26/G26) -> 0 | Q26: Grand total | R26: 24,000 | S26: 56
A27: 673674 | B27: APTAMIL 1 6X800G CR/SL | C27: 800 | D27: Wexford | E27: =VLOOKUP($D27,'[1]Lookup info'!$D:$H,2,FALSE) -> 0023 | F27: =VLOOKUP($D27,'[1]Lookup info'!$D:$H,5,FALSE) -> W | G27: 45 | I27: =H27*G27 -> 0 | J27: =IF(G27="","",K27/G27) -> 0
A28: 673672 | B28: APTAMIL 2 6X800G CR/SL | C28: 800 | D28: Wexford | E28: =VLOOKUP($D28,'[1]Lookup info'!$D:$H,2,FALSE) -> 0023 | F28: =VLOOKUP($D28,'[1]Lookup info'!$D:$H,5,FALSE) -> W | G28: 45 | I28: =H28*G28 -> 0 | J28: =IF(G28="","",K28/G28) -> 22 | K28: 990
A29: 673641 | B29: APTAMIL 3 6X800G CR/SL | C29: 800 | D29: Wexford | E29: =VLOOKUP($D29,'[1]Lookup info'!$D:$H,2,FALSE) -> 0023 | F29: =VLOOKUP($D29,'[1]Lookup info'!$D:$H,5,FALSE) -> W | G29: 45 | I29: =H29*G29 -> 0 | J29: =IF(G29="","",K29/G29) -> 0
A30: 676366D | B30: APTAMIL 1 KOR 4X800G | C30: 800 | D30: Wexford | E30: =VLOOKUP($D30,'Lookup info'!$D:$H,2,FALSE) -> 0023 | F30: =VLOOKUP($D30,'Lookup info'!$D:$H,5,FALSE) -> W | G30: 144 | I30: =H30*G30 -> 0 | J30: =IF(G30="","",K30/G30) -> 0 | M30: =K30*7 -> 0
A31: 676367D | B31: APTAMIL 2 KOR 4X800G | C31: 800 | D31: Wexford | E31: =VLOOKUP($D31,'Lookup info'!$D:$H,2,FALSE) -> 0023 | F31: =VLOOKUP($D31,'Lookup info'!$D:$H,5,FALSE) -> W | G31: 144 | I31: =H31*G31 -> 0 | J31: =IF(G31="","",K31/G31) -> 0 | M31: =K31*5 -> 0
A32: 676369D | B32: APTAMIL 3 KOR 4X800G | C32: 800 | D32: Wexford | E32: =VLOOKUP($D32,'Lookup info'!$D:$H,2,FALSE) -> 0023 | F32: =VLOOKUP($D32,'Lookup info'!$D:$H,5,FALSE) -> W | G32: 144 | I32: =H32*G32 -> 0 | J32: =IF(G32="","",K32/G32) -> 0 | M32: =K32*4 -> 0
A33: 677211D | B33: APTAMIL PROFUTURA 1 4X800G KOR | C33: 800 | D33: Haps | E33: =VLOOKUP($D33,'Lookup info'!$D:$H,2,FALSE) -> 0002 | F33: =VLOOKUP($D33,'Lookup info'!$D:$H,5,FALSE) -> C | G33: 96 | I33: =H33*G33 -> 0 | J33: =IF(G33="","",K33/G33) -> 0 | K33: 0 | M33: =K33*4 -> 0
A34: 677200D | B34: APTAMIL PROFUTURA 2 4X800G KOR | C34: 800 | D34: Haps | E34: =VLOOKUP($D34,'Lookup info'!$D:$H,2,FALSE) -> 0002 | F34: =VLOOKUP($D34,'Lookup info'!$D:$H,5,FALSE) -> C | G34: 96 | I34: =H34*G34 -> 0 | J34: =IF(G34="","",K34/G34) -> 0 | K34: 0 | M34: =K34*4 -> 0
A35: 677281D | B35: APTAMIL PROFUTURA 3 4X800G KOR | C35: 800 | D35: Haps | E35: =VLOOKUP($D35,'Lookup info'!$D:$H,2,FALSE) -> 0002 | F35: =VLOOKUP($D35,'Lookup info'!$D:$H,5,FALSE) -> C | G35: 96 | I35: =H35*G35 -> 0 | J35: =IF(G35="","",K35/G35) -> 0 | K35: 0 | M35: =K35*4 -> 0
A36: 658159D | B36: APTAMIL 3, KOR 6X800G | C36: 800 | D36: Haps | E36: =VLOOKUP($D36,'Lookup info'!$D:$H,2,FALSE) -> 0002 | F36: =VLOOKUP($D36,'Lookup info'!$D:$H,5,FALSE) -> C | G36: 96 | H36: 0 | I36: =H36*G36 -> 0 | J36: =IF(G36="","",K36/G36) -> 0 | K36: 0 | M36: =K36*4 -> 0
A37: 698408 | B37: APTAMIL PF DUO YCF1+, 4X800G KOR | C37: 800 | D37: Fulda | E37: =VLOOKUP($D37,'Lookup info'!$D:$H,2,FALSE) -> 0120 | F37: =VLOOKUP($D37,'Lookup info'!$D:$H,5,FALSE) -> F | G37: 96 | H37: 8 | I37: =H37*G37 -> 768 | J37: =IF(G37="","",K37/G37) -> 0 | K37: 0
A38: 698409 | B38: APTAMIL PF DUO YCF2+, 4X800G KOR | C38: 800 | D38: Fulda | E38: =VLOOKUP($D38,'Lookup info'!$D:$H,2,FALSE) -> 0120 | F38: =VLOOKUP($D38,'Lookup info'!$D:$H,5,FALSE) -> F | G38: 96 | I38: =H38*G38 -> 0 | J38: =IF(G38="","",K38/G38) -> 0 | K38: 0
A39: 653156 | B39: APTAMIL AR 1 ENG 24X400G | C39: 400 | D39: Haps | E39: =VLOOKUP($D39,'Lookup info'!$D:$H,2,FALSE) -> 0002 | F39: =VLOOKUP($D39,'Lookup info'!$D:$H,5,FALSE) -> C | G39: 42 | H39: 2 | I39: =H39*G39 -> 84 | J39: =IF(G39="","",K39/G39) -> 3 | K39: 126
A40: 653299 | B40: APTAMIL COMF 1 ESC 24X400GEXPORT | C40: 400 | D40: Haps | E40: =VLOOKUP($D40,'Lookup info'!$D:$H,2,FALSE) -> 0002 | F40: =VLOOKUP($D40,'Lookup info'!$D:$H,5,FALSE) -> C | G40: 42 | I40: =H40*G40 -> 0 | J40: =IF(G40="","",K40/G40) -> 1 | K40: 42
J42: TOTAL CONFIRMED TU:
J43: TOTAL CONFIRMED PALLETS:

Sheet Lookup info
A1: Note, these schedules are downloads from exact, don't change them manually
A3: Initials | D3: Warehouse information
A4: Selection code | B4: Description (1) | D4: Planner name | E4: Warehouse code | F4: Name | G4: Address line 2 | H4: Address line 3
A5: AA | B5: ANNA ALEKSANDROVA | D5: =IF(G5="","",G5) -> Zoetermeer | E5: 0001 | F5: NV NUTRICIA | G5: Zoetermeer | H5: Z
A6: AG | B6: AGUSTINA GABIOUD | D6: =IF(G6="","",G6) -> Haps | E6: 0002 | F6: NUTRICIA CUIJK B.V. | G6: Haps | H6: C
A7: AP | B7: ANTON PRYKHODKO | D7: =IF(G7="","",G7) -> Wexford | E7: 0023 | F7: NUTRICIA INFANT NUTRITION LTD | G7: Wexford | H7: W
A8: BA | B8: BALKAN COUNTRIES | D8: =IF(G8="","",G8) -> PTNIS | E8: 0057 | F8: P.T. NUTRICIA INDONESIA | G8: PTNIS | H8: P
A9: BC | B9: BARBARA CANGA RICARTE | D9: =IF(G9="","",G9) -> Opole | E9: 0074 | F9: NUTRICIA POLSKA | G9: Opole | H9: O
A10: BK | B10: BOTAKUZI AKEERBIEKE | D10: =IF(G10="","",G10) -> Istra | E10: 0089 | F10: NUTRICIA LLC | G10: Istra | H10: I
A11: BM | B11: Bob Minion | D11: =IF(G11="","",G11) -> Liverpool | E11: 0091 | F11: SHS INTERNATIONAL LTD | G11: Liverpool | H11: L
A12: CA | B12: CAROLINA ROTGERS | D12: =IF(G12="","",G12) -> Fulda | E12: 0120 | F12: MILUPA GMBH & CO | G12: Fulda | H12: F
A13: CN | B13: CAROLINE NAUTA | D13: =IF(G13="","",G13) -> Kasdorf | E13: 0146 | F13: KASDORF S.A. | G13: Kasdorf | H13: K
A14: DN | B14: DINA NURMAGAMBETOVA | D14: =IF(G14="","",G14) -> Wuxi (Nutricia Pharmaceutical) | E14: 0190 | F14: Nutricia Pharmaceutical (Wuxi) | G14: Wuxi (Nutricia Pharmaceutical) | H14: WX
A15: EN | B15: ELINA NIKOLOVA | D15: =IF(G15="","",G15) -> Steenvoorde | E15: 0510 | F15: BLEDINA - STEENVOORDE | G15: Steenvoorde | H15: S
A16: EP | B16: EVELIEN PARDOEN | D16: =IF(G16="","",G16) -> Villefranche | E16: 0518 | F16: BLEDINA - VILLEFRANCHE | G16: Villefranche | H16: V
... A20: IO | B20: ITSASO ORTIGOSA ARRAIAGO | D20: =IF(G20="","",G20) -> Wuxi | E20: 0994 | F20: WUXI | G20: Wuxi | H20: WX
A21: IS | B21: IRINA STRIZHEVSKA | D21: =IF(G21="","",G21)
A22: JC | B22: JULIJA CARJOVA | D22: =IF(G22="","",G22)
A23: JE | B23: JANAIKA ELDERS | D23: =IF(G23="","",G23)
A24: JK | B24: JANA KAUMANN | D24: =IF(G24="","",G24)
A25: JN | B25: JACK NIAMA | D25: =IF(G25="","",G25)
A26: KP | B26: KATERINA PALMOU | D26: =IF(G26="","",G26)
A27: KS | B27: KSENIA SANINOVA | D27: =IF(G27="","",G27)
A28: LB | B28: LUBA BISCHOT | D28: =IF(G28="","",G28)
A29: MB | B29: MARCELLA BUERGER | D29: =IF(G29="","",G29)
A30: ME | B30: MIRJAM EKDOM | D30: =IF(G30="","",G30)
A31: MJ | B31: MIRIAM JIMENEZ RUBIA | D31: =IF(G31="","",G31)
A32: MM | B32: MAXIM MURASHKOV | D32: =IF(G32="","",G32)
... A40: TB | B40: TAL VAN DE BERG | D40: =IF(G40="","",G40)
A41: TK | B41: TATIANA KARAZHAKOVA
A42: VG | B42: VALENTINA GURINOVICH
A43: VS | B43: VIVIANE STORM
A44: XX | B44: NOT USED
A45: YC | B45: YARELI CONTRERAS
A46: FS | B46: FABIANA DE SANCTIS
